Gender,Age at enrollment,Marital status,Course,Previous qualification,Displaced,Educational special needs,Debtor,Tuition fees up to date,Scholarship holder,Unemployment rate,Inflation rate,GDP,Target
Male,20,Single,Animation and Multimedia Design,Secondary education,No,No,No,No,No,10.8,1.4,1.74,Dropout
Male,19,Single,Communication Design,Secondary education,No,No,No,No,No,10.8,1.4,1.74,Dropout
Female,20,Single,Journalism and Communication,Secondary education,Yes,Yes,Yes,Yes,Yes,9.4,-0.8,-3.12,Graduate
Female,45,Married,Social Service (evening attendance),Secondary education,Yes,Yes,Yes,Yes,Yes,13.9,-0.3,0.79,Graduate
Male,50,Married,Management (evening attendance),Basic education 3rd cycle (9th/10th/11th year) or equiv.,Yes,Yes,Yes,Yes,Yes,16.2,0.3,-0.92,Graduate
Female,18,Single,Nursing,Secondary education,Yes,Yes,Yes,Yes,Yes,15.5,2.8,-4.06,Graduate
Male,22,Single,Tourism,Secondary education,No,No,No,No,No,15.5,2.8,-4.06,Dropout
Female,21,Single,Social Service,Secondary education,Yes,Yes,Yes,Yes,Yes,16.2,0.3,-0.92,Graduate
Female,18,Single,Social Service,Secondary education,No,No,No,No,No,8.9,1.4,3.51,Dropout
Female,18,Single,Advertising and Marketing Management,Secondary education,Yes,Yes,Yes,Yes,Yes,13.9,-0.3,0.79,Graduate
Female,18,Single,Nursing,Secondary education,Yes,Yes,Yes,Yes,Yes,12.7,3.7,-1.7,Graduate
Female,19,Single,Basic Education,Secondary education,Yes,Yes,Yes,Yes,Yes,12.7,3.7,-1.7,Dropout
Female,21,Single,Tourism,Professional higher technical course,Yes,Yes,Yes,Yes,Yes,8.9,1.4,3.51,Graduate
Female,18,Single,Veterinary Nursing,Secondary education,Yes,Yes,Yes,Yes,Yes,10.8,1.4,1.74,Graduate
Female,20,Single,Journalism and Communication,Secondary education,Yes,Yes,Yes,Yes,Yes,15.5,2.8,-4.06,Dropout
Female,18,Single,Social Service,Secondary education,Yes,Yes,Yes,Yes,Yes,10.8,1.4,1.74,Enrolled
Female,18,Single,Nursing,Secondary education,Yes,Yes,Yes,Yes,Yes,15.5,2.8,-4.06,Graduate
Female,20,Single,Equinculture,Secondary education,Yes,Yes,Yes,Yes,Yes,10.8,1.4,1.74,Graduate
Female,18,Single,Basic Education,Secondary education,Yes,Yes,Yes,Yes,Yes,16.2,0.3,-0.92,Enrolled
Female,21,Single,Animation and Multimedia Design,Secondary education,Yes,Yes,Yes,Yes,Yes,11.1,0.6,2.02,Graduate
Female,20,Single,Oral Hygiene,Secondary education,Yes,Yes,Yes,Yes,Yes,12.7,3.7,-1.7,Enrolled
Female,18,Single,Nursing,Secondary education,Yes,Yes,Yes,Yes,Yes,12.7,3.7,-1.7,Graduate
Female,19,Single,Advertising and Marketing Management,Secondary education,Yes,Yes,Yes,Yes,Yes,11.1,0.6,2.02,Graduate
Female,19,Single,Nursing,Secondary education,Yes,Yes,Yes,Yes,Yes,11.1,0.6,2.02,Graduate
Female,18,Single,Social Service,Secondary education,Yes,Yes,Yes,Yes,Yes,7.6,2.6,0.32,Enrolled
Female,21,Single,Social Service,Secondary education,Yes,Yes,Yes,Yes,Yes,16.2,0.3,-0.92,Graduate
Female,18,Single,Veterinary Nursing,Secondary education,Yes,Yes,Yes,Yes,Yes,9.4,-0.8,-3.12,Enrolled
Female,20,Single,Management,Secondary education,Yes,Yes,Yes,Yes,Yes,16.2,0.3,-0.92,Graduate
Male,19,Single,Nursing,Secondary education,Yes,Yes,Yes,Yes,Yes,16.2,0.3,-0.92,Enrolled
Male,21,Single,Agronomy,Technological specialization course,Yes,Yes,Yes,Yes,Yes,16.2,0.3,-0.92,Enrolled
Male,20,Single,Communication Design,Secondary education,Yes,Yes,Yes,Yes,Yes,8.9,1.4,3.51,Graduate
Male,18,Single,Management,Secondary education,No,No,No,No,No,8.9,1.4,3.51,Enrolled
Female,19,Single,Social Service (evening attendance),Secondary education,Yes,Yes,Yes,Yes,Yes,12.4,0.5,1.79,Graduate
Male,34,Single,Management (evening attendance),Secondary education,Yes,Yes,Yes,Yes,Yes,13.9,-0.3,0.79,Graduate
Male,37,Single,Biofuel Production Technologies,Secondary education,No,No,No,No,No,8.9,1.4,3.51,Dropout
Male,43,Single,Informatics Engineering,11th year of schooling - not completed,Yes,Yes,Yes,Yes,Yes,7.6,2.6,0.32,Dropout
Female,55,Single,Management,Secondary education,Yes,Yes,Yes,Yes,Yes,16.2,0.3,-0.92,Dropout
Female,39,Divorced,Management (evening attendance),Secondary education,Yes,Yes,Yes,Yes,Yes,7.6,2.6,0.32,Graduate
Female,20,Single,Equinculture,Technological specialization course,No,No,No,No,No,12.4,0.5,1.79,Dropout
Female,18,Single,Journalism and Communication,Secondary education,Yes,Yes,Yes,Yes,Yes,12.7,3.7,-1.7,Dropout
Female,22,Single,Management,Secondary education,Yes,Yes,Yes,Yes,Yes,8.9,1.4,3.51,Graduate
Female,22,Single,Nursing,Secondary education,Yes,Yes,Yes,Yes,Yes,11.1,0.6,2.02,Graduate
Female,20,Single,Journalism and Communication,Secondary education,No,No,No,No,No,12.4,0.5,1.79,Dropout
Female,29,Single,Management (evening attendance),Secondary education,Yes,Yes,Yes,Yes,Yes,16.2,0.3,-0.92,Dropout
Female,24,Single,Management (evening attendance),Secondary education,Yes,Yes,Yes,Yes,Yes,7.6,2.6,0.32,Enrolled
Female,18,Single,Social Service,Secondary education,Yes,Yes,Yes,Yes,Yes,11.1,0.6,2.02,Graduate
Female,22,Single,Nursing,Secondary education,Yes,Yes,Yes,Yes,Yes,11.1,0.6,2.02,Graduate
Female,21,Single,Social Service (evening attendance),Technological specialization course,Yes,Yes,Yes,Yes,Yes,12.4,0.5,1.79,Graduate
Female,19,Single,Social Service,Secondary education,Yes,Yes,Yes,Yes,Yes,12.7,3.7,-1.7,Graduate
Female,24,Single,Tourism,Secondary education,Yes,Yes,Yes,Yes,Yes,12.4,0.5,1.79,Graduate
Female,19,Single,Nursing,Secondary education,Yes,Yes,Yes,Yes,Yes,9.4,-0.8,-3.12,Enrolled
Female,20,Single,Journalism and Communication,Secondary education,Yes,Yes,Yes,Yes,Yes,9.4,-0.8,-3.12,Enrolled
Female,19,Single,Equinculture,Secondary education,Yes,Yes,Yes,Yes,Yes,7.6,2.6,0.32,Graduate
Female,27,Single,Management (evening attendance),Secondary education,Yes,Yes,Yes,Yes,Yes,9.4,-0.8,-3.12,Dropout
Female,18,Single,Nursing,Secondary education,Yes,Yes,Yes,Yes,Yes,15.5,2.8,-4.06,Graduate
Female,39,Married,Tourism,Higher education - degree,Yes,Yes,Yes,Yes,Yes,12.4,0.5,1.79,Dropout
Female,27,Single,Equinculture,Higher education - degree (1st cycle),Yes,Yes,Yes,Yes,Yes,12.4,0.5,1.79,Dropout
Female,18,Single,Nursing,Secondary education,Yes,Yes,Yes,Yes,Yes,9.4,-0.8,-3.12,Graduate
Female,18,Single,Animation and Multimedia Design,Secondary education,Yes,Yes,Yes,Yes,Yes,7.6,2.6,0.32,Enrolled
Female,18,Single,Nursing,Secondary education,Yes,Yes,Yes,Yes,Yes,16.2,0.3,-0.92,Graduate
Female,21,Single,Social Service,Technological specialization course,Yes,Yes,Yes,Yes,Yes,13.9,-0.3,0.79,Graduate
Male,19,Single,Animation and Multimedia Design,Secondary education,Yes,Yes,Yes,Yes,Yes,10.8,1.4,1.74,Enrolled
Male,19,Single,Communication Design,Secondary education,Yes,Yes,Yes,Yes,Yes,10.8,1.4,1.74,Enrolled
Male,24,Single,Communication Design,Secondary education,Yes,Yes,Yes,Yes,Yes,12.7,3.7,-1.7,Enrolled
Male,29,Divorced,Nursing,Basic education 3rd cycle (9th/10th/11th year) or equiv.,Yes,Yes,Yes,Yes,Yes,13.9,-0.3,0.79,Dropout
Male,19,Single,Animation and Multimedia Design,Secondary education,Yes,Yes,Yes,Yes,Yes,10.8,1.4,1.74,Graduate
Male,23,Single,Agronomy,Technological specialization course,Yes,Yes,Yes,Yes,Yes,8.9,1.4,3.51,Graduate
Male,19,Single,Management,Secondary education,Yes,Yes,Yes,Yes,Yes,16.2,0.3,-0.92,Dropout
Male,26,Single,Tourism,Secondary education,Yes,Yes,Yes,Yes,Yes,12.7,3.7,-1.7,Enrolled
Male,18,Single,Management,Secondary education,Yes,Yes,Yes,Yes,Yes,7.6,2.6,0.32,Enrolled
Male,24,Single,Nursing,Secondary education,Yes,Yes,Yes,Yes,Yes,13.9,-0.3,0.79,Graduate
Male,19,Single,Animation and Multimedia Design,Secondary education,Yes,Yes,Yes,Yes,Yes,15.5,2.8,-4.06,Dropout
Male,18,Single,Tourism,Secondary education,Yes,Yes,Yes,Yes,Yes,12.4,0.5,1.79,Dropout
Male,18,Single,Journalism and Communication,Secondary education,Yes,Yes,Yes,Yes,Yes,10.8,1.4,1.74,Graduate
Male,18,Single,Management,Secondary education,Yes,Yes,Yes,Yes,Yes,10.8,1.4,1.74,Dropout
Male,21,Single,Tourism,Secondary education,Yes,Yes,Yes,Yes,Yes,9.4,-0.8,-3.12,Dropout
Male,19,Single,Journalism and Communication,Secondary education,Yes,Yes,Yes,Yes,Yes,8.9,1.4,3.51,Graduate
Male,22,Single,Nursing,Secondary education,Yes,Yes,Yes,Yes,Yes,16.2,0.3,-0.92,Graduate
Male,33,Married,Social Service (evening attendance),Secondary education,Yes,Yes,Yes,Yes,Yes,10.8,1.4,1.74,Graduate
Male,20,Single,Basic Education,Secondary education,Yes,Yes,Yes,Yes,Yes,10.8,1.4,1.74,Dropout
Male,35,Single,Management (evening attendance),Higher education - bachelor's degree,Yes,Yes,Yes,Yes,Yes,10.8,1.4,1.74,Dropout
Male,24,Single,Agronomy,Higher education - master's,Yes,Yes,Yes,Yes,Yes,12.4,0.5,1.79,Dropout
Male,18,Single,Tourism,Secondary education,Yes,Yes,Yes,Yes,Yes,12.7,3.7,-1.7,Enrolled
Female,33,Married,Social Service (evening attendance),Secondary education,Yes,Yes,Yes,Yes,Yes,9.4,-0.8,-3.12,Graduate
Female,22,Single,Nursing,Secondary education,Yes,Yes,Yes,Yes,Yes,10.8,1.4,1.74,Graduate
Female,25,Single,Advertising and Marketing Management,Secondary education,Yes,Yes,Yes,Yes,Yes,9.4,-0.8,-3.12,Graduate
Male,20,Single,Communication Design,Secondary education,Yes,Yes,Yes,Yes,Yes,7.6,2.6,0.32,Graduate
Male,23,Single,Management,Secondary education,Yes,Yes,Yes,Yes,Yes,11.1,0.6,2.02,Enrolled
Male,18,Single,Informatics Engineering,Secondary education,Yes,Yes,Yes,Yes,Yes,15.5,2.8,-4.06,Enrolled
Male,24,Single,Nursing,Secondary education,Yes,Yes,Yes,Yes,Yes,13.9,-0.3,0.79,Dropout
Female,21,Single,Journalism and Communication,Secondary education,No,No,No,No,No,8.9,1.4,3.51,Graduate
Female,26,Single,Equinculture,Secondary education,Yes,Yes,Yes,Yes,Yes,8.9,1.4,3.51,Dropout
Female,39,Married,Basic Education,11th year of schooling - not completed,Yes,Yes,Yes,Yes,Yes,7.6,2.6,0.32,Dropout
Female,44,Married,Social Service (evening attendance),Secondary education,Yes,Yes,Yes,Yes,Yes,12.7,3.7,-1.7,Graduate
Male,19,Single,Informatics Engineering,Secondary education,Yes,Yes,Yes,Yes,Yes,13.9,-0.3,0.79,Enrolled
Female,18,Single,Journalism and Communication,Secondary education,Yes,Yes,Yes,Yes,Yes,8.9,1.4,3.51,Graduate
Female,18,Single,Nursing,Secondary education,Yes,Yes,Yes,Yes,Yes,12.4,0.5,1.79,Graduate
Female,19,Single,Veterinary Nursing,Secondary education,Yes,Yes,Yes,Yes,Yes,12.7,3.7,-1.7,Enrolled
Female,19,Single,Nursing,Secondary education,No,No,No,No,No,13.9,-0.3,0.79,Dropout
Female,21,Single,Veterinary Nursing,Professional higher technical course,Yes,Yes,Yes,Yes,Yes,8.9,1.4,3.51,Dropout
Female,20,Single,Animation and Multimedia Design,Secondary education,Yes,Yes,Yes,Yes,Yes,16.2,0.3,-0.92,Graduate
Female,36,Married,Social Service (evening attendance),Secondary education,Yes,Yes,Yes,Yes,Yes,9.4,-0.8,-3.12,Dropout
Female,43,Divorced,Agronomy,Other - 11th year of schooling,Yes,Yes,Yes,Yes,Yes,15.5,2.8,-4.06,Graduate
Female,19,Single,Basic Education,Secondary education,Yes,Yes,Yes,Yes,Yes,11.1,0.6,2.02,Dropout
Female,20,Single,Communication Design,Secondary education,Yes,Yes,Yes,Yes,Yes,11.1,0.6,2.02,Graduate
Female,19,Single,Social Service,Secondary education,Yes,Yes,Yes,Yes,Yes,16.2,0.3,-0.92,Dropout
Female,20,Single,Veterinary Nursing,Secondary education,Yes,Yes,Yes,Yes,Yes,15.5,2.8,-4.06,Dropout
Female,20,Single,Nursing,Secondary education,Yes,Yes,Yes,Yes,Yes,12.4,0.5,1.79,Dropout
Female,20,Single,Basic Education,Secondary education,Yes,Yes,Yes,Yes,Yes,16.2,0.3,-0.92,Enrolled
Female,18,Single,Social Service,Secondary education,Yes,Yes,Yes,Yes,Yes,13.9,-0.3,0.79,Graduate
Female,18,Single,Management,Secondary education,Yes,Yes,Yes,Yes,Yes,8.9,1.4,3.51,Enrolled
Female,19,Single,Veterinary Nursing,Secondary education,Yes,Yes,Yes,Yes,Yes,10.8,1.4,1.74,Graduate
Female,18,Single,Journalism and Communication,Secondary education,Yes,Yes,Yes,Yes,Yes,10.8,1.4,1.74,Graduate
Female,18,Single,Nursing,Secondary education,Yes,Yes,Yes,Yes,Yes,7.6,2.6,0.32,Dropout
Female,20,Single,Nursing,Secondary education,Yes,Yes,Yes,Yes,Yes,13.9,-0.3,0.79,Enrolled
Female,20,Single,Social Service,Secondary education,Yes,Yes,Yes,Yes,Yes,7.6,2.6,0.32,Enrolled
Female,20,Single,Management,Secondary education,Yes,Yes,Yes,Yes,Yes,12.4,0.5,1.79,Enrolled
Female,18,Single,Veterinary Nursing,Secondary education,Yes,Yes,Yes,Yes,Yes,9.4,-0.8,-3.12,Graduate
Female,18,Single,Management,Secondary education,Yes,Yes,Yes,Yes,Yes,11.1,0.6,2.02,Graduate
Female,21,Single,Tourism,Secondary education,Yes,Yes,Yes,Yes,Yes,9.4,-0.8,-3.12,Dropout
Female,19,Single,Management,Secondary education,Yes,Yes,Yes,Yes,Yes,16.2,0.3,-0.92,Graduate
Female,19,Single,Animation and Multimedia Design,Secondary education,Yes,Yes,Yes,Yes,Yes,10.8,1.4,1.74,Dropout
Female,19,Single,Advertising and Marketing Management,Secondary education,Yes,Yes,Yes,Yes,Yes,9.4,-0.8,-3.12,Graduate
Female,19,Single,Veterinary Nursing,Secondary education,Yes,Yes,Yes,Yes,Yes,15.5,2.8,-4.06,Graduate
Female,19,Single,Oral Hygiene,Secondary education,Yes,Yes,Yes,Yes,Yes,13.9,-0.3,0.79,Dropout
Female,20,Single,Veterinary Nursing,Technological specialization course,Yes,Yes,Yes,Yes,Yes,12.4,0.5,1.79,Graduate
Female,18,Single,Basic Education,Secondary education,Yes,Yes,Yes,Yes,Yes,9.4,-0.8,-3.12,Enrolled
Female,18,Single,Social Service,Secondary education,Yes,Yes,Yes,Yes,Yes,12.4,0.5,1.79,Graduate
Female,19,Single,Nursing,Secondary education,Yes,Yes,Yes,Yes,Yes,12.4,0.5,1.79,Graduate
Female,18,Single,Nursing,Secondary education,Yes,Yes,Yes,Yes,Yes,13.9,-0.3,0.79,Dropout
Female,18,Single,Communication Design,Secondary education,Yes,Yes,Yes,Yes,Yes,7.6,2.6,0.32,Graduate
Female,19,Single,Management,Secondary education,Yes,Yes,Yes,Yes,Yes,8.9,1.4,3.51,Graduate
Female,19,Single,Nursing,Secondary education,Yes,Yes,Yes,Yes,Yes,13.9,-0.3,0.79,Dropout
Female,20,Single,Social Service,Secondary education,Yes,Yes,Yes,Yes,Yes,7.6,2.6,0.32,Graduate
Female,19,Single,Advertising and Marketing Management,Secondary education,No,No,No,No,No,12.4,0.5,1.79,Dropout
Female,20,Single,Advertising and Marketing Management,Secondary education,Yes,Yes,Yes,Yes,Yes,7.6,2.6,0.32,Graduate
Female,18,Single,Journalism and Communication,Secondary education,Yes,Yes,Yes,Yes,Yes,8.9,1.4,3.51,Graduate
Female,20,Single,Nursing,Secondary education,Yes,Yes,Yes,Yes,Yes,11.1,0.6,2.02,Enrolled
Female,18,Single,Nursing,Secondary education,Yes,Yes,Yes,Yes,Yes,13.9,-0.3,0.79,Graduate
Female,19,Single,Nursing,Secondary education,Yes,Yes,Yes,Yes,Yes,7.6,2.6,0.32,Graduate
Female,19,Single,Journalism and Communication,Secondary education,Yes,Yes,Yes,Yes,Yes,12.4,0.5,1.79,Graduate
Female,22,Single,Management,Secondary education,No,No,No,No,No,8.9,1.4,3.51,Enrolled
Female,19,Single,Social Service,Secondary education,Yes,Yes,Yes,Yes,Yes,12.4,0.5,1.79,Graduate
Female,19,Single,Nursing,Secondary education,Yes,Yes,Yes,Yes,Yes,15.5,2.8,-4.06,Graduate
Female,19,Single,Basic Education,Secondary education,Yes,Yes,Yes,Yes,Yes,9.4,-0.8,-3.12,Graduate
Female,19,Single,Tourism,Secondary education,Yes,Yes,Yes,Yes,Yes,7.6,2.6,0.32,Dropout
Female,20,Single,Tourism,Secondary education,Yes,Yes,Yes,Yes,Yes,7.6,2.6,0.32,Dropout
Female,18,Single,Management,Secondary education,Yes,Yes,Yes,Yes,Yes,13.9,-0.3,0.79,Graduate
Female,20,Single,Nursing,Secondary education,Yes,Yes,Yes,Yes,Yes,11.1,0.6,2.02,Graduate
Female,18,Single,Animation and Multimedia Design,Secondary education,Yes,Yes,Yes,Yes,Yes,9.4,-0.8,-3.12,Enrolled
Female,19,Single,Veterinary Nursing,Secondary education,Yes,Yes,Yes,Yes,Yes,7.6,2.6,0.32,Graduate
Female,18,Single,Basic Education,Secondary education,Yes,Yes,Yes,Yes,Yes,9.4,-0.8,-3.12,Enrolled
Female,18,Single,Basic Education,Secondary education,Yes,Yes,Yes,Yes,Yes,7.6,2.6,0.32,Graduate
Female,21,Single,Basic Education,Secondary education,Yes,Yes,Yes,Yes,Yes,9.4,-0.8,-3.12,Dropout
Female,19,Single,Basic Education,Secondary education,Yes,Yes,Yes,Yes,Yes,7.6,2.6,0.32,Dropout
Female,18,Single,Management,Secondary education,Yes,Yes,Yes,Yes,Yes,12.4,0.5,1.79,Graduate
Female,18,Single,Social Service,Secondary education,Yes,Yes,Yes,Yes,Yes,12.7,3.7,-1.7,Graduate
Female,20,Single,Social Service,Secondary education,Yes,Yes,Yes,Yes,Yes,9.4,-0.8,-3.12,Graduate
Female,24,Single,Social Service (evening attendance),Secondary education,Yes,Yes,Yes,Yes,Yes,11.1,0.6,2.02,Graduate
Female,19,Single,Advertising and Marketing Management,Secondary education,Yes,Yes,Yes,Yes,Yes,10.8,1.4,1.74,Dropout
Female,18,Single,Nursing,Secondary education,Yes,Yes,Yes,Yes,Yes,15.5,2.8,-4.06,Graduate
Female,18,Single,Nursing,Secondary education,Yes,Yes,Yes,Yes,Yes,15.5,2.8,-4.06,Graduate
Female,21,Single,Basic Education,Secondary education,Yes,Yes,Yes,Yes,Yes,10.8,1.4,1.74,Dropout
Female,19,Single,Advertising and Marketing Management,Secondary education,Yes,Yes,Yes,Yes,Yes,7.6,2.6,0.32,Graduate
Female,19,Single,Journalism and Communication,Secondary education,Yes,Yes,Yes,Yes,Yes,15.5,2.8,-4.06,Graduate
Female,47,Widower,Agronomy,Secondary education,Yes,Yes,Yes,Yes,Yes,8.9,1.4,3.51,Enrolled
Female,19,Single,Social Service,Secondary education,Yes,Yes,Yes,Yes,Yes,13.9,-0.3,0.79,Graduate
Female,29,Single,Nursing,Higher education - degree,Yes,Yes,Yes,Yes,Yes,12.7,3.7,-1.7,Graduate
Female,21,Single,Social Service,Secondary education,Yes,Yes,Yes,Yes,Yes,16.2,0.3,-0.92,Dropout
Female,28,Single,Veterinary Nursing,Secondary education,Yes,Yes,Yes,Yes,Yes,12.7,3.7,-1.7,Enrolled
Female,20,Single,Oral Hygiene,Secondary education,Yes,Yes,Yes,Yes,Yes,15.5,2.8,-4.06,Graduate
Female,19,Single,Nursing,Secondary education,Yes,Yes,Yes,Yes,Yes,7.6,2.6,0.32,Graduate
Female,26,Single,Social Service (evening attendance),Secondary education,Yes,Yes,Yes,Yes,Yes,9.4,-0.8,-3.12,Graduate
Female,20,Single,Tourism,Secondary education,No,No,No,No,No,11.1,0.6,2.02,Dropout
Female,18,Single,Advertising and Marketing Management,Secondary education,Yes,Yes,Yes,Yes,Yes,7.6,2.6,0.32,Enrolled
Female,27,Single,Basic Education,Secondary education,Yes,Yes,Yes,Yes,Yes,7.6,2.6,0.32,Graduate
Female,20,Single,Nursing,Secondary education,Yes,Yes,Yes,Yes,Yes,7.6,2.6,0.32,Dropout
Female,18,Single,Basic Education,Secondary education,Yes,Yes,Yes,Yes,Yes,9.4,-0.8,-3.12,Dropout
Female,33,Single,Nursing,Higher education - degree,Yes,Yes,Yes,Yes,Yes,16.2,0.3,-0.92,Dropout
Female,35,Single,Basic Education,Secondary education,Yes,Yes,Yes,Yes,Yes,12.4,0.5,1.79,Graduate
Female,26,Single,Management (evening attendance),Technological specialization course,Yes,Yes,Yes,Yes,Yes,9.4,-0.8,-3.12,Enrolled
Female,27,Single,Journalism and Communication,Basic education 3rd cycle (9th/10th/11th year) or equiv.,No,No,No,No,No,11.1,0.6,2.02,Dropout
Female,19,Single,Communication Design,Secondary education,No,No,No,No,No,15.5,2.8,-4.06,Dropout
Female,20,Single,Tourism,Secondary education,Yes,Yes,Yes,Yes,Yes,11.1,0.6,2.02,Dropout
Female,20,Single,Management,Secondary education,No,No,No,No,No,10.8,1.4,1.74,Dropout
Female,21,Single,Social Service,Secondary education,No,No,No,No,No,9.4,-0.8,-3.12,Enrolled
Female,18,Single,Nursing,Secondary education,Yes,Yes,Yes,Yes,Yes,7.6,2.6,0.32,Graduate
Female,24,Single,Veterinary Nursing,Secondary education,Yes,Yes,Yes,Yes,Yes,8.9,1.4,3.51,Dropout
Female,20,Single,Communication Design,Secondary education,Yes,Yes,Yes,Yes,Yes,16.2,0.3,-0.92,Graduate
Female,21,Single,Tourism,Secondary education,Yes,Yes,Yes,Yes,Yes,13.9,-0.3,0.79,Graduate
Female,23,Single,Social Service (evening attendance),Secondary education,Yes,Yes,Yes,Yes,Yes,9.4,-0.8,-3.12,Enrolled
Female,24,Single,Management,Secondary education,Yes,Yes,Yes,Yes,Yes,7.6,2.6,0.32,Dropout
Female,21,Single,Basic Education,Secondary education,Yes,Yes,Yes,Yes,Yes,12.4,0.5,1.79,Dropout
Female,18,Single,Nursing,Secondary education,Yes,Yes,Yes,Yes,Yes,12.7,3.7,-1.7,Graduate
Female,27,Single,Management (evening attendance),Higher education - degree (1st cycle),Yes,Yes,Yes,Yes,Yes,8.9,1.4,3.51,Dropout
Female,18,Single,Nursing,Secondary education,Yes,Yes,Yes,Yes,Yes,9.4,-0.8,-3.12,Graduate
Female,35,Single,Informatics Engineering,Higher education - degree,Yes,Yes,Yes,Yes,Yes,13.9,-0.3,0.79,Dropout
Female,18,Single,Basic Education,Secondary education,Yes,Yes,Yes,Yes,Yes,11.1,0.6,2.02,Graduate
Female,35,Single,Nursing,Secondary education,Yes,Yes,Yes,Yes,Yes,11.1,0.6,2.02,Enrolled
Female,19,Single,Veterinary Nursing,Secondary education,Yes,Yes,Yes,Yes,Yes,10.8,1.4,1.74,Graduate
Female,20,Single,Social Service,Secondary education,Yes,Yes,Yes,Yes,Yes,7.6,2.6,0.32,Graduate
Female,18,Single,Nursing,Secondary education,Yes,Yes,Yes,Yes,Yes,10.8,1.4,1.74,Graduate
Female,21,Single,Social Service,Technological specialization course,Yes,Yes,Yes,Yes,Yes,13.9,-0.3,0.79,Graduate
Female,18,Single,Social Service,Secondary education,Yes,Yes,Yes,Yes,Yes,16.2,0.3,-0.92,Graduate
Female,18,Single,Social Service,Secondary education,Yes,Yes,Yes,Yes,Yes,7.6,2.6,0.32,Graduate
Female,18,Single,Nursing,Secondary education,Yes,Yes,Yes,Yes,Yes,12.7,3.7,-1.7,Graduate
Female,18,Single,Journalism and Communication,Secondary education,Yes,Yes,Yes,Yes,Yes,16.2,0.3,-0.92,Graduate
Female,19,Single,Veterinary Nursing,Secondary education,Yes,Yes,Yes,Yes,Yes,13.9,-0.3,0.79,Graduate
Female,36,Single,Tourism,Basic education 3rd cycle (9th/10th/11th year) or equiv.,Yes,Yes,Yes,Yes,Yes,16.2,0.3,-0.92,Dropout
Female,18,Single,Nursing,Secondary education,Yes,Yes,Yes,Yes,Yes,12.7,3.7,-1.7,Graduate
Female,18,Single,Nursing,Secondary education,Yes,Yes,Yes,Yes,Yes,7.6,2.6,0.32,Graduate
Female,20,Single,Equinculture,Secondary education,Yes,Yes,Yes,Yes,Yes,13.9,-0.3,0.79,Graduate
Female,26,Single,Management (evening attendance),Secondary education,Yes,Yes,Yes,Yes,Yes,16.2,0.3,-0.92,Dropout
Female,21,Single,Journalism and Communication,Secondary education,Yes,Yes,Yes,Yes,Yes,7.6,2.6,0.32,Graduate
Female,25,Single,Oral Hygiene,Higher education - degree (1st cycle),Yes,Yes,Yes,Yes,Yes,15.5,2.8,-4.06,Enrolled
Female,19,Single,Management,Secondary education,Yes,Yes,Yes,Yes,Yes,12.4,0.5,1.79,Graduate
Female,24,Single,Social Service (evening attendance),Secondary education,Yes,Yes,Yes,Yes,Yes,9.4,-0.8,-3.12,Dropout
Female,27,Single,Social Service (evening attendance),Secondary education,Yes,Yes,Yes,Yes,Yes,8.9,1.4,3.51,Dropout
Female,21,Single,Veterinary Nursing,Secondary education,Yes,Yes,Yes,Yes,Yes,7.6,2.6,0.32,Dropout
Female,18,Single,Management,Secondary education,Yes,Yes,Yes,Yes,Yes,9.4,-0.8,-3.12,Graduate
Female,19,Married,Basic Education,Secondary education,Yes,Yes,Yes,Yes,Yes,10.8,1.4,1.74,Graduate
Female,18,Single,Tourism,Secondary education,Yes,Yes,Yes,Yes,Yes,9.4,-0.8,-3.12,Dropout
Female,19,Single,Nursing,Secondary education,Yes,Yes,Yes,Yes,Yes,11.1,0.6,2.02,Graduate
Female,19,Single,Nursing,Secondary education,Yes,Yes,Yes,Yes,Yes,16.2,0.3,-0.92,Graduate
Female,33,Married,Management (evening attendance),Higher education - master (2nd cycle),Yes,Yes,Yes,Yes,Yes,11.1,0.6,2.02,Graduate
Female,45,Married,Management,Higher education - degree,Yes,Yes,Yes,Yes,Yes,12.4,0.5,1.79,Graduate
Female,20,Single,Social Service,Secondary education,Yes,Yes,Yes,Yes,Yes,11.1,0.6,2.02,Graduate
Female,28,Single,Advertising and Marketing Management,Secondary education,Yes,Yes,Yes,Yes,Yes,7.6,2.6,0.32,Dropout
Female,19,Single,Nursing,Secondary education,Yes,Yes,Yes,Yes,Yes,12.7,3.7,-1.7,Graduate
Female,18,Single,Tourism,Secondary education,Yes,Yes,Yes,Yes,Yes,12.7,3.7,-1.7,Graduate
Female,38,Single,Tourism,Higher education - degree,Yes,Yes,Yes,Yes,Yes,15.5,2.8,-4.06,Dropout
Female,19,Single,Advertising and Marketing Management,Secondary education,Yes,Yes,Yes,Yes,Yes,9.4,-0.8,-3.12,Graduate
Female,21,Single,Tourism,Secondary education,Yes,Yes,Yes,Yes,Yes,15.5,2.8,-4.06,Graduate
Female,21,Single,Management,Secondary education,Yes,Yes,Yes,Yes,Yes,16.2,0.3,-0.92,Dropout
Female,22,Single,Social Service,Secondary education,Yes,Yes,Yes,Yes,Yes,10.8,1.4,1.74,Graduate
Female,18,Single,Basic Education,Secondary education,Yes,Yes,Yes,Yes,Yes,9.4,-0.8,-3.12,Graduate
Female,18,Single,Social Service,Secondary education,Yes,Yes,Yes,Yes,Yes,15.5,2.8,-4.06,Graduate
Female,25,Single,Equinculture,Secondary education,No,No,No,No,No,9.4,-0.8,-3.12,Dropout
Female,24,Single,Veterinary Nursing,Basic education 3rd cycle (9th/10th/11th year) or equiv.,No,No,No,No,No,16.2,0.3,-0.92,Dropout
Female,19,Single,Nursing,Secondary education,Yes,Yes,Yes,Yes,Yes,12.4,0.5,1.79,Enrolled
Female,24,Single,Animation and Multimedia Design,Secondary education,Yes,Yes,Yes,Yes,Yes,12.4,0.5,1.79,Enrolled
Female,20,Single,Management,Secondary education,Yes,Yes,Yes,Yes,Yes,12.4,0.5,1.79,Graduate
Female,25,Single,Management,Secondary education,No,No,No,No,No,10.8,1.4,1.74,Dropout
Female,20,Single,Management,Secondary education,Yes,Yes,Yes,Yes,Yes,8.9,1.4,3.51,Graduate
Female,23,Single,Nursing,Higher education - degree,Yes,Yes,Yes,Yes,Yes,9.4,-0.8,-3.12,Graduate
Female,19,Single,Nursing,Secondary education,Yes,Yes,Yes,Yes,Yes,10.8,1.4,1.74,Graduate
Female,29,Single,Agronomy,Technological specialization course,No,No,No,No,No,13.9,-0.3,0.79,Dropout
Female,21,Single,Tourism,Secondary education,Yes,Yes,Yes,Yes,Yes,11.1,0.6,2.02,Graduate
Female,18,Single,Advertising and Marketing Management,Secondary education,Yes,Yes,Yes,Yes,Yes,11.1,0.6,2.02,Graduate
Female,19,Single,Communication Design,Secondary education,Yes,Yes,Yes,Yes,Yes,9.4,-0.8,-3.12,Enrolled
Female,18,Single,Journalism and Communication,Secondary education,Yes,Yes,Yes,Yes,Yes,8.9,1.4,3.51,Dropout
Female,19,Single,Veterinary Nursing,Secondary education,Yes,Yes,Yes,Yes,Yes,7.6,2.6,0.32,Graduate
Female,18,Single,Journalism and Communication,Secondary education,Yes,Yes,Yes,Yes,Yes,9.4,-0.8,-3.12,Enrolled
Female,18,Single,Management,Secondary education,Yes,Yes,Yes,Yes,Yes,8.9,1.4,3.51,Graduate
Female,37,Married,Oral Hygiene,Basic education 3rd cycle (9th/10th/11th year) or equiv.,No,No,No,No,No,8.9,1.4,3.51,Dropout
Female,29,Single,Management (evening attendance),Higher education - degree (1st cycle),Yes,Yes,Yes,Yes,Yes,16.2,0.3,-0.92,Graduate
Female,18,Single,Communication Design,Secondary education,Yes,Yes,Yes,Yes,Yes,7.6,2.6,0.32,Enrolled
Female,19,Single,Social Service,Secondary education,Yes,Yes,Yes,Yes,Yes,12.4,0.5,1.79,Graduate
Female,22,Single,Social Service,Secondary education,No,No,No,No,No,16.2,0.3,-0.92,Dropout
Female,20,Single,Tourism,Secondary education,Yes,Yes,Yes,Yes,Yes,15.5,2.8,-4.06,Graduate
Female,34,Single,Social Service (evening attendance),Secondary education,Yes,Yes,Yes,Yes,Yes,12.7,3.7,-1.7,Dropout
Female,30,Single,Informatics Engineering,Secondary education,No,No,No,No,No,7.6,2.6,0.32,Dropout
Female,18,Single,Social Service,Secondary education,Yes,Yes,Yes,Yes,Yes,10.8,1.4,1.74,Graduate
Female,18,Single,Social Service,Secondary education,Yes,Yes,Yes,Yes,Yes,12.4,0.5,1.79,Graduate
Female,18,Single,Journalism and Communication,Secondary education,Yes,Yes,Yes,Yes,Yes,9.4,-0.8,-3.12,Graduate
Female,18,Single,Nursing,Secondary education,Yes,Yes,Yes,Yes,Yes,12.7,3.7,-1.7,Graduate
Female,19,Single,Journalism and Communication,Secondary education,Yes,Yes,Yes,Yes,Yes,12.7,3.7,-1.7,Graduate
Female,19,Single,Communication Design,Secondary education,Yes,Yes,Yes,Yes,Yes,10.8,1.4,1.74,Graduate
Female,18,Single,Nursing,Secondary education,Yes,Yes,Yes,Yes,Yes,12.7,3.7,-1.7,Graduate
Female,21,Single,Agronomy,Technological specialization course,Yes,Yes,Yes,Yes,Yes,13.9,-0.3,0.79,Graduate
Female,20,Single,Management,Secondary education,No,No,No,No,No,7.6,2.6,0.32,Dropout
Female,20,Single,Management,Secondary education,Yes,Yes,Yes,Yes,Yes,13.9,-0.3,0.79,Graduate
Female,19,Single,Nursing,Secondary education,Yes,Yes,Yes,Yes,Yes,11.1,0.6,2.02,Graduate
Female,20,Single,Social Service,Secondary education,Yes,Yes,Yes,Yes,Yes,16.2,0.3,-0.92,Graduate
Female,18,Single,Nursing,Secondary education,Yes,Yes,Yes,Yes,Yes,13.9,-0.3,0.79,Graduate
Female,20,Single,Basic Education,Secondary education,Yes,Yes,Yes,Yes,Yes,12.7,3.7,-1.7,Dropout
Female,29,Married,Equinculture,Higher education - degree,No,No,No,No,No,7.6,2.6,0.32,Dropout
Female,18,Single,Nursing,Secondary education,Yes,Yes,Yes,Yes,Yes,12.4,0.5,1.79,Enrolled
Female,20,Single,Nursing,Secondary education,Yes,Yes,Yes,Yes,Yes,15.5,2.8,-4.06,Graduate
Female,22,Single,Management,Secondary education,Yes,Yes,Yes,Yes,Yes,16.2,0.3,-0.92,Graduate
Female,47,Divorced,Social Service (evening attendance),Secondary education,Yes,Yes,Yes,Yes,Yes,16.2,0.3,-0.92,Graduate
Female,31,Married,Management (evening attendance),Secondary education,Yes,Yes,Yes,Yes,Yes,8.9,1.4,3.51,Graduate
Female,21,Single,Communication Design,Secondary education,Yes,Yes,Yes,Yes,Yes,16.2,0.3,-0.92,Graduate
Female,21,Single,Social Service (evening attendance),Secondary education,Yes,Yes,Yes,Yes,Yes,7.6,2.6,0.32,Graduate
Female,24,Married,Journalism and Communication,Other - 11th year of schooling,Yes,Yes,Yes,Yes,Yes,7.6,2.6,0.32,Graduate
Female,18,Single,Communication Design,Secondary education,Yes,Yes,Yes,Yes,Yes,15.5,2.8,-4.06,Enrolled
Female,32,Single,Social Service (evening attendance),10th year of schooling - not completed,Yes,Yes,Yes,Yes,Yes,7.6,2.6,0.32,Graduate
Female,19,Single,Social Service (evening attendance),Secondary education,Yes,Yes,Yes,Yes,Yes,10.8,1.4,1.74,Graduate
Female,24,Single,Nursing,Secondary education,Yes,Yes,Yes,Yes,Yes,9.4,-0.8,-3.12,Graduate
Female,19,Single,Veterinary Nursing,Secondary education,Yes,Yes,Yes,Yes,Yes,15.5,2.8,-4.06,Graduate
Female,19,Single,Agronomy,Technological specialization course,Yes,Yes,Yes,Yes,Yes,13.9,-0.3,0.79,Graduate
Female,24,Single,Agronomy,Technological specialization course,Yes,Yes,Yes,Yes,Yes,12.4,0.5,1.79,Enrolled
Female,18,Single,Social Service,Secondary education,Yes,Yes,Yes,Yes,Yes,8.9,1.4,3.51,Graduate
Female,19,Single,Communication Design,Secondary education,Yes,Yes,Yes,Yes,Yes,8.9,1.4,3.51,Dropout
Female,19,Married,Nursing,Secondary education,Yes,Yes,Yes,Yes,Yes,10.8,1.4,1.74,Graduate
Female,18,Single,Journalism and Communication,Secondary education,Yes,Yes,Yes,Yes,Yes,12.4,0.5,1.79,Graduate
Female,18,Single,Social Service,Secondary education,Yes,Yes,Yes,Yes,Yes,12.4,0.5,1.79,Graduate
Female,20,Single,Oral Hygiene,Secondary education,Yes,Yes,Yes,Yes,Yes,12.4,0.5,1.79,Graduate
Female,18,Single,Nursing,Secondary education,Yes,Yes,Yes,Yes,Yes,9.4,-0.8,-3.12,Graduate
Female,18,Single,Advertising and Marketing Management,Secondary education,Yes,Yes,Yes,Yes,Yes,11.1,0.6,2.02,Graduate
Female,21,Single,Veterinary Nursing,Secondary education,Yes,Yes,Yes,Yes,Yes,10.8,1.4,1.74,Graduate
Female,18,Single,Nursing,Secondary education,Yes,Yes,Yes,Yes,Yes,15.5,2.8,-4.06,Graduate
Female,18,Single,Advertising and Marketing Management,Secondary education,No,No,No,No,No,9.4,-0.8,-3.12,Dropout
Female,19,Single,Social Service,Secondary education,Yes,Yes,Yes,Yes,Yes,9.4,-0.8,-3.12,Dropout
Female,19,Single,Advertising and Marketing Management,Secondary education,Yes,Yes,Yes,Yes,Yes,10.8,1.4,1.74,Enrolled
Female,18,Single,Advertising and Marketing Management,Secondary education,Yes,Yes,Yes,Yes,Yes,11.1,0.6,2.02,Graduate
Female,34,Single,Equinculture,Higher education - degree,Yes,Yes,Yes,Yes,Yes,12.7,3.7,-1.7,Dropout
Female,19,Single,Veterinary Nursing,Secondary education,Yes,Yes,Yes,Yes,Yes,7.6,2.6,0.32,Graduate
Female,19,Single,Equinculture,Technological specialization course,No,No,No,No,No,12.4,0.5,1.79,Dropout
Female,26,Single,Social Service,Secondary education,Yes,Yes,Yes,Yes,Yes,11.1,0.6,2.02,Graduate
Female,21,Single,Basic Education,Secondary education,Yes,Yes,Yes,Yes,Yes,7.6,2.6,0.32,Dropout
Female,18,Single,Management,Secondary education,Yes,Yes,Yes,Yes,Yes,11.1,0.6,2.02,Graduate
Female,20,Single,Basic Education,Secondary education,Yes,Yes,Yes,Yes,Yes,9.4,-0.8,-3.12,Graduate
Female,25,Single,Management,Secondary education,Yes,Yes,Yes,Yes,Yes,11.1,0.6,2.02,Dropout
Female,18,Single,Management,Secondary education,Yes,Yes,Yes,Yes,Yes,11.1,0.6,2.02,Graduate
Female,18,Single,Nursing,Secondary education,Yes,Yes,Yes,Yes,Yes,16.2,0.3,-0.92,Graduate
Female,19,Single,Nursing,Secondary education,Yes,Yes,Yes,Yes,Yes,11.1,0.6,2.02,Graduate
Female,18,Single,Social Service,Secondary education,Yes,Yes,Yes,Yes,Yes,12.4,0.5,1.79,Graduate
Female,20,Single,Nursing,Secondary education,Yes,Yes,Yes,Yes,Yes,15.5,2.8,-4.06,Enrolled
Female,26,Single,Veterinary Nursing,Higher education - degree (1st cycle),No,No,No,No,No,8.9,1.4,3.51,Dropout
Female,19,Single,Nursing,Secondary education,Yes,Yes,Yes,Yes,Yes,10.8,1.4,1.74,Graduate
Female,19,Single,Nursing,Secondary education,Yes,Yes,Yes,Yes,Yes,16.2,0.3,-0.92,Graduate
Female,19,Single,Management,Secondary education,Yes,Yes,Yes,Yes,Yes,7.6,2.6,0.32,Graduate
Female,19,Single,Veterinary Nursing,Secondary education,Yes,Yes,Yes,Yes,Yes,7.6,2.6,0.32,Enrolled
Female,18,Single,Tourism,Secondary education,Yes,Yes,Yes,Yes,Yes,16.2,0.3,-0.92,Graduate
Female,19,Single,Nursing,Frequency of higher education,Yes,Yes,Yes,Yes,Yes,7.6,2.6,0.32,Graduate
Female,18,Single,Social Service,Secondary education,Yes,Yes,Yes,Yes,Yes,13.9,-0.3,0.79,Graduate
Female,18,Single,Basic Education,Secondary education,Yes,Yes,Yes,Yes,Yes,9.4,-0.8,-3.12,Enrolled
Female,18,Single,Veterinary Nursing,Secondary education,Yes,Yes,Yes,Yes,Yes,9.4,-0.8,-3.12,Enrolled
Female,18,Single,Basic Education,Secondary education,Yes,Yes,Yes,Yes,Yes,11.1,0.6,2.02,Enrolled
Female,26,Single,Informatics Engineering,Technological specialization course,Yes,Yes,Yes,Yes,Yes,16.2,0.3,-0.92,Dropout
Female,20,Single,Social Service,Secondary education,Yes,Yes,Yes,Yes,Yes,12.4,0.5,1.79,Graduate
Female,19,Single,Social Service (evening attendance),Secondary education,Yes,Yes,Yes,Yes,Yes,12.7,3.7,-1.7,Graduate
Female,18,Single,Social Service,Secondary education,Yes,Yes,Yes,Yes,Yes,9.4,-0.8,-3.12,Graduate
Female,19,Single,Social Service,Technological specialization course,Yes,Yes,Yes,Yes,Yes,13.9,-0.3,0.79,Graduate
Female,40,Single,Basic Education,Higher education - degree (1st cycle),Yes,Yes,Yes,Yes,Yes,12.4,0.5,1.79,Graduate
Female,18,Single,Nursing,Secondary education,Yes,Yes,Yes,Yes,Yes,9.4,-0.8,-3.12,Graduate
Female,19,Single,Social Service,Secondary education,Yes,Yes,Yes,Yes,Yes,13.9,-0.3,0.79,Graduate
Female,18,Single,Equinculture,Secondary education,Yes,Yes,Yes,Yes,Yes,7.6,2.6,0.32,Graduate
Female,19,Single,Veterinary Nursing,Secondary education,Yes,Yes,Yes,Yes,Yes,9.4,-0.8,-3.12,Enrolled
Female,18,Single,Animation and Multimedia Design,Secondary education,Yes,Yes,Yes,Yes,Yes,15.5,2.8,-4.06,Dropout
Female,33,Married,Social Service (evening attendance),Secondary education,Yes,Yes,Yes,Yes,Yes,12.4,0.5,1.79,Graduate
Female,35,Single,Agronomy,Higher education - degree,Yes,Yes,Yes,Yes,Yes,16.2,0.3,-0.92,Graduate
Female,26,Single,Management,Secondary education,Yes,Yes,Yes,Yes,Yes,9.4,-0.8,-3.12,Enrolled
Female,18,Single,Journalism and Communication,Secondary education,Yes,Yes,Yes,Yes,Yes,9.4,-0.8,-3.12,Graduate
Female,36,Single,Social Service,Secondary education,Yes,Yes,Yes,Yes,Yes,15.5,2.8,-4.06,Enrolled
Female,39,Divorced,Management (evening attendance),Secondary education,Yes,Yes,Yes,Yes,Yes,10.8,1.4,1.74,Graduate
Female,44,Married,Social Service,Secondary education,Yes,Yes,Yes,Yes,Yes,12.7,3.7,-1.7,Graduate
Female,20,Single,Social Service (evening attendance),Secondary education,Yes,Yes,Yes,Yes,Yes,9.4,-0.8,-3.12,Enrolled
Female,24,Single,Tourism,Secondary education,Yes,Yes,Yes,Yes,Yes,12.7,3.7,-1.7,Dropout
Female,20,Single,Journalism and Communication,Secondary education,Yes,Yes,Yes,Yes,Yes,12.4,0.5,1.79,Graduate
Female,19,Single,Animation and Multimedia Design,Secondary education,No,No,No,No,No,9.4,-0.8,-3.12,Dropout
Female,18,Married,Nursing,Secondary education,Yes,Yes,Yes,Yes,Yes,7.6,2.6,0.32,Graduate
Female,22,Single,Tourism,Secondary education,No,No,No,No,No,10.8,1.4,1.74,Dropout
Female,18,Single,Veterinary Nursing,Secondary education,Yes,Yes,Yes,Yes,Yes,11.1,0.6,2.02,Graduate
Female,24,Single,Nursing,Basic education 3rd cycle (9th/10th/11th year) or equiv.,Yes,Yes,Yes,Yes,Yes,13.9,-0.3,0.79,Graduate
Female,33,Single,Management (evening attendance),Secondary education,Yes,Yes,Yes,Yes,Yes,12.7,3.7,-1.7,Dropout
Female,30,Single,Agronomy,Secondary education,Yes,Yes,Yes,Yes,Yes,11.1,0.6,2.02,Enrolled
Female,26,Single,Veterinary Nursing,Higher education - master (2nd cycle),Yes,Yes,Yes,Yes,Yes,8.9,1.4,3.51,Dropout
Female,18,Single,Basic Education,Secondary education,Yes,Yes,Yes,Yes,Yes,10.8,1.4,1.74,Graduate
Female,19,Single,Journalism and Communication,Secondary education,Yes,Yes,Yes,Yes,Yes,10.8,1.4,1.74,Dropout
Female,20,Single,Management,Secondary education,Yes,Yes,Yes,Yes,Yes,16.2,0.3,-0.92,Enrolled
Female,22,Single,Veterinary Nursing,Professional higher technical course,Yes,Yes,Yes,Yes,Yes,8.9,1.4,3.51,Graduate
Female,19,Single,Nursing,Secondary education,Yes,Yes,Yes,Yes,Yes,7.6,2.6,0.32,Enrolled
Female,21,Single,Veterinary Nursing,Secondary education,Yes,Yes,Yes,Yes,Yes,15.5,2.8,-4.06,Graduate
Female,21,Single,Nursing,Secondary education,Yes,Yes,Yes,Yes,Yes,7.6,2.6,0.32,Graduate
Female,19,Single,Veterinary Nursing,Secondary education,Yes,Yes,Yes,Yes,Yes,7.6,2.6,0.32,Enrolled
Female,19,Single,Basic Education,Secondary education,Yes,Yes,Yes,Yes,Yes,8.9,1.4,3.51,Graduate
Female,18,Single,Nursing,Secondary education,Yes,Yes,Yes,Yes,Yes,12.7,3.7,-1.7,Dropout
Female,50,Married,Social Service (evening attendance),Secondary education,Yes,Yes,Yes,Yes,Yes,16.2,0.3,-0.92,Graduate
Female,31,Divorced,Management (evening attendance),Secondary education,Yes,Yes,Yes,Yes,Yes,13.9,-0.3,0.79,Enrolled
Female,19,Single,Journalism and Communication,Secondary education,Yes,Yes,Yes,Yes,Yes,15.5,2.8,-4.06,Graduate
Female,35,Divorced,Management (evening attendance),Secondary education,Yes,Yes,Yes,Yes,Yes,13.9,-0.3,0.79,Graduate
Female,31,Married,Veterinary Nursing,Basic education 3rd cycle (9th/10th/11th year) or equiv.,Yes,Yes,Yes,Yes,Yes,12.7,3.7,-1.7,Dropout
Female,42,Married,Social Service (evening attendance),Basic education 3rd cycle (9th/10th/11th year) or equiv.,Yes,Yes,Yes,Yes,Yes,11.1,0.6,2.02,Enrolled
Female,34,Single,Management,Secondary education,No,No,No,No,No,9.4,-0.8,-3.12,Dropout
Female,18,Single,Nursing,Secondary education,Yes,Yes,Yes,Yes,Yes,12.4,0.5,1.79,Graduate
Female,18,Single,Basic Education,Secondary education,No,No,No,No,No,8.9,1.4,3.51,Enrolled
Female,21,Single,Veterinary Nursing,Technological specialization course,Yes,Yes,Yes,Yes,Yes,16.2,0.3,-0.92,Enrolled
Female,26,Divorced,Nursing,Basic education 3rd cycle (9th/10th/11th year) or equiv.,Yes,Yes,Yes,Yes,Yes,16.2,0.3,-0.92,Dropout
Female,20,Single,Nursing,Secondary education,Yes,Yes,Yes,Yes,Yes,13.9,-0.3,0.79,Enrolled
Female,19,Single,Social Service,Secondary education,Yes,Yes,Yes,Yes,Yes,7.6,2.6,0.32,Enrolled
Female,19,Single,Basic Education,Secondary education,Yes,Yes,Yes,Yes,Yes,15.5,2.8,-4.06,Graduate
Female,20,Single,Management,Professional higher technical course,Yes,Yes,Yes,Yes,Yes,8.9,1.4,3.51,Graduate
Female,19,Single,Social Service,Secondary education,Yes,Yes,Yes,Yes,Yes,7.6,2.6,0.32,Graduate
Female,18,Single,Basic Education,Secondary education,Yes,Yes,Yes,Yes,Yes,7.6,2.6,0.32,Graduate
Female,28,Single,Management (evening attendance),Higher education - degree,Yes,Yes,Yes,Yes,Yes,10.8,1.4,1.74,Graduate
Female,22,Single,Basic Education,Secondary education,Yes,Yes,Yes,Yes,Yes,15.5,2.8,-4.06,Enrolled
Female,21,Single,Social Service (evening attendance),Technological specialization course,Yes,Yes,Yes,Yes,Yes,13.9,-0.3,0.79,Graduate
Female,21,Single,Veterinary Nursing,Technological specialization course,Yes,Yes,Yes,Yes,Yes,12.4,0.5,1.79,Enrolled
Female,26,Single,Nursing,Secondary education,Yes,Yes,Yes,Yes,Yes,16.2,0.3,-0.92,Enrolled
Female,18,Single,Journalism and Communication,Secondary education,No,No,No,No,No,7.6,2.6,0.32,Dropout
Female,20,Single,Veterinary Nursing,Secondary education,No,No,No,No,No,7.6,2.6,0.32,Dropout
Female,18,Single,Veterinary Nursing,Secondary education,Yes,Yes,Yes,Yes,Yes,11.1,0.6,2.02,Graduate
Female,19,Single,Nursing,Secondary education,Yes,Yes,Yes,Yes,Yes,10.8,1.4,1.74,Graduate
Female,20,Single,Social Service,Secondary education,Yes,Yes,Yes,Yes,Yes,12.4,0.5,1.79,Graduate
Female,22,Single,Veterinary Nursing,Technological specialization course,Yes,Yes,Yes,Yes,Yes,13.9,-0.3,0.79,Graduate
Female,18,Single,Advertising and Marketing Management,Secondary education,Yes,Yes,Yes,Yes,Yes,10.8,1.4,1.74,Dropout
Female,19,Single,Management,Secondary education,Yes,Yes,Yes,Yes,Yes,16.2,0.3,-0.92,Dropout
Female,18,Single,Communication Design,Secondary education,Yes,Yes,Yes,Yes,Yes,8.9,1.4,3.51,Enrolled
Female,20,Single,Tourism,Secondary education,Yes,Yes,Yes,Yes,Yes,10.8,1.4,1.74,Enrolled
Female,19,Single,Journalism and Communication,Secondary education,Yes,Yes,Yes,Yes,Yes,7.6,2.6,0.32,Enrolled
Female,19,Single,Tourism,Secondary education,Yes,Yes,Yes,Yes,Yes,12.4,0.5,1.79,Enrolled
Female,19,Single,Nursing,Secondary education,Yes,Yes,Yes,Yes,Yes,10.8,1.4,1.74,Graduate
Female,18,Single,Animation and Multimedia Design,Secondary education,Yes,Yes,Yes,Yes,Yes,12.7,3.7,-1.7,Graduate
Female,21,Single,Communication Design,Higher education - degree (1st cycle),Yes,Yes,Yes,Yes,Yes,13.9,-0.3,0.79,Graduate
Female,27,Single,Management (evening attendance),Higher education - degree (1st cycle),Yes,Yes,Yes,Yes,Yes,8.9,1.4,3.51,Graduate
Female,19,Single,Social Service,Secondary education,Yes,Yes,Yes,Yes,Yes,15.5,2.8,-4.06,Graduate
Female,25,Divorced,Veterinary Nursing,Secondary education,Yes,Yes,Yes,Yes,Yes,7.6,2.6,0.32,Dropout
Female,18,Single,Nursing,Secondary education,Yes,Yes,Yes,Yes,Yes,10.8,1.4,1.74,Graduate
Female,24,Single,Nursing,Higher education - degree,Yes,Yes,Yes,Yes,Yes,10.8,1.4,1.74,Graduate
Female,20,Single,Nursing,Secondary education,Yes,Yes,Yes,Yes,Yes,13.9,-0.3,0.79,Graduate
Female,26,Single,Management (evening attendance),Higher education - degree (1st cycle),Yes,Yes,Yes,Yes,Yes,12.4,0.5,1.79,Graduate
Female,20,Single,Social Service,Secondary education,Yes,Yes,Yes,Yes,Yes,8.9,1.4,3.51,Graduate
Female,18,Single,Veterinary Nursing,Secondary education,Yes,Yes,Yes,Yes,Yes,7.6,2.6,0.32,Graduate
Female,19,Single,Veterinary Nursing,Secondary education,Yes,Yes,Yes,Yes,Yes,15.5,2.8,-4.06,Graduate
Female,23,Single,Basic Education,Secondary education,Yes,Yes,Yes,Yes,Yes,12.7,3.7,-1.7,Dropout
Female,18,Single,Nursing,Secondary education,Yes,Yes,Yes,Yes,Yes,7.6,2.6,0.32,Graduate
Female,18,Single,Nursing,Secondary education,Yes,Yes,Yes,Yes,Yes,12.7,3.7,-1.7,Dropout
Female,19,Single,Nursing,Secondary education,Yes,Yes,Yes,Yes,Yes,11.1,0.6,2.02,Graduate
Female,30,Single,Management (evening attendance),Secondary education,Yes,Yes,Yes,Yes,Yes,7.6,2.6,0.32,Graduate
Female,29,Single,Veterinary Nursing,Technological specialization course,Yes,Yes,Yes,Yes,Yes,15.5,2.8,-4.06,Dropout
Female,19,Single,Nursing,Secondary education,Yes,Yes,Yes,Yes,Yes,9.4,-0.8,-3.12,Graduate
Female,20,Single,Oral Hygiene,Secondary education,Yes,Yes,Yes,Yes,Yes,12.4,0.5,1.79,Graduate
Female,20,Single,Nursing,Secondary education,Yes,Yes,Yes,Yes,Yes,7.6,2.6,0.32,Graduate
Female,19,Single,Advertising and Marketing Management,Secondary education,Yes,Yes,Yes,Yes,Yes,11.1,0.6,2.02,Graduate
Female,20,Single,Management,Secondary education,Yes,Yes,Yes,Yes,Yes,10.8,1.4,1.74,Enrolled
Female,21,Widower,Veterinary Nursing,Secondary education,Yes,Yes,Yes,Yes,Yes,10.8,1.4,1.74,Dropout
Female,19,Single,Advertising and Marketing Management,Secondary education,Yes,Yes,Yes,Yes,Yes,11.1,0.6,2.02,Graduate
Female,18,Single,Nursing,Secondary education,Yes,Yes,Yes,Yes,Yes,10.8,1.4,1.74,Graduate
Female,27,Single,Social Service (evening attendance),Secondary education,Yes,Yes,Yes,Yes,Yes,15.5,2.8,-4.06,Graduate
Female,19,Single,Management,Secondary education,Yes,Yes,Yes,Yes,Yes,12.4,0.5,1.79,Graduate
Female,19,Single,Nursing,Secondary education,Yes,Yes,Yes,Yes,Yes,7.6,2.6,0.32,Dropout
Female,19,Single,Journalism and Communication,Secondary education,Yes,Yes,Yes,Yes,Yes,15.5,2.8,-4.06,Graduate
Female,18,Single,Nursing,Secondary education,Yes,Yes,Yes,Yes,Yes,12.7,3.7,-1.7,Graduate
Female,20,Single,Tourism,Secondary education,Yes,Yes,Yes,Yes,Yes,12.4,0.5,1.79,Enrolled
Female,18,Single,Advertising and Marketing Management,Secondary education,Yes,Yes,Yes,Yes,Yes,12.7,3.7,-1.7,Graduate
Female,19,Single,Advertising and Marketing Management,Secondary education,Yes,Yes,Yes,Yes,Yes,7.6,2.6,0.32,Dropout
Female,36,Married,Nursing,Basic education 3rd cycle (9th/10th/11th year) or equiv.,Yes,Yes,Yes,Yes,Yes,7.6,2.6,0.32,Graduate
Female,18,Single,Oral Hygiene,Secondary education,Yes,Yes,Yes,Yes,Yes,10.8,1.4,1.74,Enrolled
Female,18,Single,Equinculture,Secondary education,Yes,Yes,Yes,Yes,Yes,12.7,3.7,-1.7,Enrolled
Female,19,Single,Nursing,Secondary education,Yes,Yes,Yes,Yes,Yes,12.7,3.7,-1.7,Graduate
Female,18,Single,Nursing,Secondary education,Yes,Yes,Yes,Yes,Yes,10.8,1.4,1.74,Graduate
Female,18,Single,Advertising and Marketing Management,Secondary education,Yes,Yes,Yes,Yes,Yes,9.4,-0.8,-3.12,Graduate
Female,19,Single,Social Service,Secondary education,Yes,Yes,Yes,Yes,Yes,12.4,0.5,1.79,Graduate
Female,19,Single,Nursing,Secondary education,Yes,Yes,Yes,Yes,Yes,13.9,-0.3,0.79,Graduate
Female,18,Single,Nursing,Secondary education,Yes,Yes,Yes,Yes,Yes,15.5,2.8,-4.06,Dropout
Female,20,Single,Journalism and Communication,Secondary education,Yes,Yes,Yes,Yes,Yes,11.1,0.6,2.02,Graduate
Female,20,Single,Tourism,Secondary education,Yes,Yes,Yes,Yes,Yes,12.4,0.5,1.79,Enrolled
Female,20,Single,Nursing,Secondary education,Yes,Yes,Yes,Yes,Yes,10.8,1.4,1.74,Graduate
Female,18,Single,Nursing,Secondary education,Yes,Yes,Yes,Yes,Yes,10.8,1.4,1.74,Graduate
Female,18,Single,Nursing,Secondary education,Yes,Yes,Yes,Yes,Yes,15.5,2.8,-4.06,Graduate
Female,19,Single,Veterinary Nursing,Secondary education,Yes,Yes,Yes,Yes,Yes,9.4,-0.8,-3.12,Graduate
Female,19,Single,Management,Secondary education,Yes,Yes,Yes,Yes,Yes,9.4,-0.8,-3.12,Enrolled
Female,44,Married,Social Service (evening attendance),Secondary education,Yes,Yes,Yes,Yes,Yes,7.6,2.6,0.32,Graduate
Female,32,Single,Agronomy,Higher education - degree,Yes,Yes,Yes,Yes,Yes,12.4,0.5,1.79,Dropout
Female,22,Single,Basic Education,Secondary education,Yes,Yes,Yes,Yes,Yes,12.7,3.7,-1.7,Dropout
Female,36,Married,Agronomy,Secondary education,Yes,Yes,Yes,Yes,Yes,8.9,1.4,3.51,Graduate
Female,18,Single,Journalism and Communication,Secondary education,Yes,Yes,Yes,Yes,Yes,16.2,0.3,-0.92,Graduate
Female,20,Single,Equinculture,Secondary education,Yes,Yes,Yes,Yes,Yes,12.7,3.7,-1.7,Graduate
Female,20,Single,Communication Design,Secondary education,Yes,Yes,Yes,Yes,Yes,11.1,0.6,2.02,Graduate
Female,19,Single,Social Service,Secondary education,Yes,Yes,Yes,Yes,Yes,15.5,2.8,-4.06,Graduate
Female,24,Single,Management,Basic education 3rd cycle (9th/10th/11th year) or equiv.,Yes,Yes,Yes,Yes,Yes,12.4,0.5,1.79,Graduate
Female,20,Single,Social Service,Secondary education,Yes,Yes,Yes,Yes,Yes,15.5,2.8,-4.06,Enrolled
Female,27,Single,Social Service (evening attendance),Secondary education,Yes,Yes,Yes,Yes,Yes,10.8,1.4,1.74,Dropout
Female,20,Single,Basic Education,Secondary education,Yes,Yes,Yes,Yes,Yes,15.5,2.8,-4.06,Enrolled
Female,23,Single,Social Service,Secondary education,Yes,Yes,Yes,Yes,Yes,9.4,-0.8,-3.12,Graduate
Female,18,Single,Nursing,Secondary education,Yes,Yes,Yes,Yes,Yes,9.4,-0.8,-3.12,Graduate
Female,18,Single,Social Service,Secondary education,Yes,Yes,Yes,Yes,Yes,12.7,3.7,-1.7,Graduate
Female,20,Single,Nursing,Secondary education,Yes,Yes,Yes,Yes,Yes,10.8,1.4,1.74,Graduate
Female,20,Single,Tourism,Secondary education,Yes,Yes,Yes,Yes,Yes,13.9,-0.3,0.79,Graduate
Female,23,Single,Advertising and Marketing Management,Secondary education,Yes,Yes,Yes,Yes,Yes,11.1,0.6,2.02,Dropout
Female,20,Single,Nursing,Secondary education,Yes,Yes,Yes,Yes,Yes,7.6,2.6,0.32,Graduate
Female,28,Single,Tourism,12th year of schooling - not completed,No,No,No,No,No,7.6,2.6,0.32,Dropout
Female,21,Single,Advertising and Marketing Management,Secondary education,Yes,Yes,Yes,Yes,Yes,7.6,2.6,0.32,Graduate
Female,21,Single,Oral Hygiene,Secondary education,Yes,Yes,Yes,Yes,Yes,12.4,0.5,1.79,Dropout
Female,28,Single,Nursing,Higher education - degree,Yes,Yes,Yes,Yes,Yes,7.6,2.6,0.32,Dropout
Female,18,Single,Nursing,Secondary education,Yes,Yes,Yes,Yes,Yes,16.2,0.3,-0.92,Graduate
Female,21,Single,Social Service,Secondary education,Yes,Yes,Yes,Yes,Yes,8.9,1.4,3.51,Enrolled
Female,19,Single,Nursing,Secondary education,Yes,Yes,Yes,Yes,Yes,13.9,-0.3,0.79,Graduate
Female,18,Single,Nursing,Secondary education,Yes,Yes,Yes,Yes,Yes,12.7,3.7,-1.7,Graduate
Female,19,Single,Nursing,Secondary education,Yes,Yes,Yes,Yes,Yes,7.6,2.6,0.32,Dropout
Female,20,Single,Veterinary Nursing,Technological specialization course,Yes,Yes,Yes,Yes,Yes,13.9,-0.3,0.79,Enrolled
Female,20,Single,Nursing,Secondary education,Yes,Yes,Yes,Yes,Yes,12.4,0.5,1.79,Graduate
Female,18,Single,Basic Education,Secondary education,Yes,Yes,Yes,Yes,Yes,10.8,1.4,1.74,Graduate
Female,20,Single,Advertising and Marketing Management,Secondary education,Yes,Yes,Yes,Yes,Yes,10.8,1.4,1.74,Dropout
Female,31,Single,Advertising and Marketing Management,Secondary education,Yes,Yes,Yes,Yes,Yes,13.9,-0.3,0.79,Dropout
Female,19,Single,Nursing,Secondary education,Yes,Yes,Yes,Yes,Yes,15.5,2.8,-4.06,Graduate
Female,19,Single,Nursing,Secondary education,Yes,Yes,Yes,Yes,Yes,13.9,-0.3,0.79,Graduate
Female,23,Single,Communication Design,Secondary education,Yes,Yes,Yes,Yes,Yes,13.9,-0.3,0.79,Graduate
Female,19,Single,Advertising and Marketing Management,Secondary education,Yes,Yes,Yes,Yes,Yes,12.4,0.5,1.79,Graduate
Female,20,Single,Nursing,Secondary education,Yes,Yes,Yes,Yes,Yes,7.6,2.6,0.32,Graduate
Female,22,Single,Veterinary Nursing,Secondary education,Yes,Yes,Yes,Yes,Yes,12.4,0.5,1.79,Enrolled
Female,18,Single,Basic Education,Secondary education,Yes,Yes,Yes,Yes,Yes,13.9,-0.3,0.79,Enrolled
Female,27,Single,Equinculture,Higher education - degree,No,No,No,No,No,12.7,3.7,-1.7,Dropout
Female,29,Single,Oral Hygiene,Basic education 3rd cycle (9th/10th/11th year) or equiv.,Yes,Yes,Yes,Yes,Yes,12.7,3.7,-1.7,Dropout
Female,18,Single,Tourism,Secondary education,Yes,Yes,Yes,Yes,Yes,11.1,0.6,2.02,Graduate
Female,18,Single,Communication Design,Secondary education,Yes,Yes,Yes,Yes,Yes,16.2,0.3,-0.92,Graduate
Female,18,Single,Nursing,Secondary education,Yes,Yes,Yes,Yes,Yes,9.4,-0.8,-3.12,Graduate
Female,20,Single,Veterinary Nursing,Secondary education,Yes,Yes,Yes,Yes,Yes,9.4,-0.8,-3.12,Enrolled
Female,18,Single,Tourism,Secondary education,Yes,Yes,Yes,Yes,Yes,11.1,0.6,2.02,Graduate
Female,18,Single,Communication Design,Secondary education,No,No,No,No,No,13.9,-0.3,0.79,Enrolled
Female,28,Single,Veterinary Nursing,Higher education - degree,No,No,No,No,No,10.8,1.4,1.74,Dropout
Female,18,Single,Nursing,Secondary education,Yes,Yes,Yes,Yes,Yes,12.7,3.7,-1.7,Graduate
Female,27,Single,Nursing,Basic education 3rd cycle (9th/10th/11th year) or equiv.,Yes,Yes,Yes,Yes,Yes,12.4,0.5,1.79,Enrolled
Female,26,Single,Biofuel Production Technologies,Secondary education,Yes,Yes,Yes,Yes,Yes,16.2,0.3,-0.92,Enrolled
Female,18,Single,Journalism and Communication,Secondary education,Yes,Yes,Yes,Yes,Yes,12.7,3.7,-1.7,Graduate
Female,18,Single,Equinculture,Secondary education,Yes,Yes,Yes,Yes,Yes,9.4,-0.8,-3.12,Dropout
Female,21,Single,Management,Secondary education,Yes,Yes,Yes,Yes,Yes,15.5,2.8,-4.06,Dropout
Female,18,Single,Communication Design,Secondary education,Yes,Yes,Yes,Yes,Yes,9.4,-0.8,-3.12,Enrolled
Female,32,Married,Social Service (evening attendance),Secondary education,No,No,No,No,No,10.8,1.4,1.74,Dropout
Female,28,Single,Advertising and Marketing Management,Secondary education,Yes,Yes,Yes,Yes,Yes,7.6,2.6,0.32,Graduate
Female,40,Single,Management (evening attendance),Secondary education,No,No,No,No,No,12.7,3.7,-1.7,Dropout
Female,39,Married,Social Service (evening attendance),Secondary education,No,No,No,No,No,9.4,-0.8,-3.12,Dropout
Female,39,Married,Social Service,Secondary education,No,No,No,No,No,9.4,-0.8,-3.12,Dropout
Female,50,Married,Agronomy,Secondary education,Yes,Yes,Yes,Yes,Yes,8.9,1.4,3.51,Graduate
Female,23,Single,Basic Education,Secondary education,Yes,Yes,Yes,Yes,Yes,10.8,1.4,1.74,Dropout
Female,48,Divorced,Social Service (evening attendance),Basic education 3rd cycle (9th/10th/11th year) or equiv.,Yes,Yes,Yes,Yes,Yes,9.4,-0.8,-3.12,Dropout
Female,23,Single,Basic Education,Secondary education,Yes,Yes,Yes,Yes,Yes,7.6,2.6,0.32,Dropout
Female,18,Single,Nursing,Secondary education,Yes,Yes,Yes,Yes,Yes,10.8,1.4,1.74,Graduate
Female,18,Single,Equinculture,Secondary education,Yes,Yes,Yes,Yes,Yes,9.4,-0.8,-3.12,Graduate
Female,20,Single,Social Service,Secondary education,No,No,No,No,No,13.9,-0.3,0.79,Graduate
Female,18,Single,Veterinary Nursing,Secondary education,Yes,Yes,Yes,Yes,Yes,10.8,1.4,1.74,Graduate
Female,18,Single,Oral Hygiene,Secondary education,Yes,Yes,Yes,Yes,Yes,16.2,0.3,-0.92,Dropout
Male,31,Single,Informatics Engineering,Secondary education,Yes,Yes,Yes,Yes,Yes,16.2,0.3,-0.92,Dropout
Male,24,Single,Informatics Engineering,Basic education 3rd cycle (9th/10th/11th year) or equiv.,Yes,Yes,Yes,Yes,Yes,10.8,1.4,1.74,Enrolled
Male,24,Single,Animation and Multimedia Design,Secondary education,Yes,Yes,Yes,Yes,Yes,9.4,-0.8,-3.12,Graduate
Male,26,Single,Management,Secondary education,No,No,No,No,No,10.8,1.4,1.74,Dropout
Male,18,Single,Equinculture,Secondary education,Yes,Yes,Yes,Yes,Yes,16.2,0.3,-0.92,Dropout
Male,19,Single,Management,Secondary education,Yes,Yes,Yes,Yes,Yes,12.7,3.7,-1.7,Enrolled
Male,22,Single,Advertising and Marketing Management,Secondary education,Yes,Yes,Yes,Yes,Yes,13.9,-0.3,0.79,Dropout
Male,18,Single,Nursing,Secondary education,Yes,Yes,Yes,Yes,Yes,10.8,1.4,1.74,Graduate
Male,20,Single,Communication Design,Technological specialization course,No,No,No,No,No,16.2,0.3,-0.92,Dropout
Male,25,Single,Animation and Multimedia Design,Technological specialization course,Yes,Yes,Yes,Yes,Yes,15.5,2.8,-4.06,Graduate
Male,24,Single,Management (evening attendance),Secondary education,Yes,Yes,Yes,Yes,Yes,13.9,-0.3,0.79,Graduate
Male,27,Single,Informatics Engineering,Secondary education,Yes,Yes,Yes,Yes,Yes,8.9,1.4,3.51,Dropout
Male,21,Single,Tourism,Secondary education,Yes,Yes,Yes,Yes,Yes,15.5,2.8,-4.06,Graduate
Male,21,Single,Agronomy,Technological specialization course,Yes,Yes,Yes,Yes,Yes,12.4,0.5,1.79,Graduate
Male,19,Single,Journalism and Communication,Secondary education,Yes,Yes,Yes,Yes,Yes,10.8,1.4,1.74,Dropout
Male,28,Single,Nursing,Secondary education,Yes,Yes,Yes,Yes,Yes,16.2,0.3,-0.92,Graduate
Male,20,Single,Management,Secondary education,Yes,Yes,Yes,Yes,Yes,7.6,2.6,0.32,Enrolled
Male,21,Single,Agronomy,Technological specialization course,Yes,Yes,Yes,Yes,Yes,15.5,2.8,-4.06,Graduate
Male,18,Single,Nursing,Secondary education,Yes,Yes,Yes,Yes,Yes,16.2,0.3,-0.92,Graduate
Male,18,Single,Informatics Engineering,Secondary education,Yes,Yes,Yes,Yes,Yes,8.9,1.4,3.51,Enrolled
Male,20,Single,Management,Secondary education,Yes,Yes,Yes,Yes,Yes,15.5,2.8,-4.06,Enrolled
Male,25,Single,Informatics Engineering,Higher education - degree (1st cycle),Yes,Yes,Yes,Yes,Yes,16.2,0.3,-0.92,Enrolled
Male,22,Single,Advertising and Marketing Management,Secondary education,Yes,Yes,Yes,Yes,Yes,11.1,0.6,2.02,Enrolled
Male,18,Single,Nursing,Secondary education,Yes,Yes,Yes,Yes,Yes,9.4,-0.8,-3.12,Enrolled
Male,19,Single,Management,Secondary education,Yes,Yes,Yes,Yes,Yes,13.9,-0.3,0.79,Graduate
Male,19,Single,Informatics Engineering,Secondary education,Yes,Yes,Yes,Yes,Yes,12.4,0.5,1.79,Dropout
Male,25,Single,Journalism and Communication,Basic education 3rd cycle (9th/10th/11th year) or equiv.,No,No,No,No,No,12.7,3.7,-1.7,Dropout
Male,21,Single,Communication Design,Secondary education,Yes,Yes,Yes,Yes,Yes,15.5,2.8,-4.06,Dropout
Male,19,Single,Informatics Engineering,Secondary education,Yes,Yes,Yes,Yes,Yes,11.1,0.6,2.02,Dropout
Male,20,Single,Management,Secondary education,Yes,Yes,Yes,Yes,Yes,11.1,0.6,2.02,Dropout
Male,25,Single,Agronomy,Technological specialization course,Yes,Yes,Yes,Yes,Yes,15.5,2.8,-4.06,Dropout
Male,20,Single,Management,Secondary education,Yes,Yes,Yes,Yes,Yes,10.8,1.4,1.74,Enrolled
Male,18,Single,Animation and Multimedia Design,Secondary education,Yes,Yes,Yes,Yes,Yes,7.6,2.6,0.32,Graduate
Male,23,Single,Tourism,Technological specialization course,Yes,Yes,Yes,Yes,Yes,8.9,1.4,3.51,Enrolled
Male,23,Single,Nursing,Secondary education,Yes,Yes,Yes,Yes,Yes,9.4,-0.8,-3.12,Graduate
Male,21,Single,Agronomy,Professional higher technical course,Yes,Yes,Yes,Yes,Yes,8.9,1.4,3.51,Graduate
Male,20,Single,Equinculture,Secondary education,Yes,Yes,Yes,Yes,Yes,9.4,-0.8,-3.12,Enrolled
Male,25,Single,Management (evening attendance),Secondary education,Yes,Yes,Yes,Yes,Yes,12.4,0.5,1.79,Dropout
Male,18,Single,Equinculture,Secondary education,Yes,Yes,Yes,Yes,Yes,8.9,1.4,3.51,Graduate
Male,22,Single,Communication Design,Frequency of higher education,Yes,Yes,Yes,Yes,Yes,10.8,1.4,1.74,Graduate
Male,27,Single,Advertising and Marketing Management,Secondary education,Yes,Yes,Yes,Yes,Yes,8.9,1.4,3.51,Graduate
Male,25,Single,Agronomy,Basic education 3rd cycle (9th/10th/11th year) or equiv.,Yes,Yes,Yes,Yes,Yes,16.2,0.3,-0.92,Dropout
Male,18,Single,Informatics Engineering,Secondary education,Yes,Yes,Yes,Yes,Yes,7.6,2.6,0.32,Dropout
Male,20,Single,Veterinary Nursing,Secondary education,Yes,Yes,Yes,Yes,Yes,12.7,3.7,-1.7,Graduate
Male,27,Single,Agronomy,Secondary education,Yes,Yes,Yes,Yes,Yes,16.2,0.3,-0.92,Graduate
Male,20,Single,Social Service (evening attendance),Secondary education,Yes,Yes,Yes,Yes,Yes,7.6,2.6,0.32,Graduate
Male,22,Single,Management,Secondary education,Yes,Yes,Yes,Yes,Yes,7.6,2.6,0.32,Dropout
Male,19,Single,Informatics Engineering,Secondary education,Yes,Yes,Yes,Yes,Yes,12.4,0.5,1.79,Dropout
Male,20,Single,Management,Secondary education,Yes,Yes,Yes,Yes,Yes,13.9,-0.3,0.79,Enrolled
Male,19,Single,Animation and Multimedia Design,Secondary education,Yes,Yes,Yes,Yes,Yes,9.4,-0.8,-3.12,Graduate
Male,29,Married,Veterinary Nursing,12th year of schooling - not completed,No,No,No,No,No,9.4,-0.8,-3.12,Dropout
Male,19,Single,Nursing,Secondary education,Yes,Yes,Yes,Yes,Yes,12.7,3.7,-1.7,Graduate
Female,28,Single,Management (evening attendance),Secondary education,Yes,Yes,Yes,Yes,Yes,9.4,-0.8,-3.12,Enrolled
Female,20,Married,Social Service,Secondary education,Yes,Yes,Yes,Yes,Yes,7.6,2.6,0.32,Graduate
Female,20,Single,Communication Design,Secondary education,Yes,Yes,Yes,Yes,Yes,10.8,1.4,1.74,Graduate
Female,31,Single,Social Service (evening attendance),Secondary education,Yes,Yes,Yes,Yes,Yes,7.6,2.6,0.32,Dropout
Female,18,Single,Nursing,Secondary education,Yes,Yes,Yes,Yes,Yes,13.9,-0.3,0.79,Graduate
Female,19,Single,Advertising and Marketing Management,Secondary education,Yes,Yes,Yes,Yes,Yes,8.9,1.4,3.51,Enrolled
Female,18,Single,Management,Secondary education,Yes,Yes,Yes,Yes,Yes,13.9,-0.3,0.79,Graduate
Female,19,Single,Tourism,Secondary education,Yes,Yes,Yes,Yes,Yes,10.8,1.4,1.74,Graduate
Female,18,Single,Management,Secondary education,Yes,Yes,Yes,Yes,Yes,12.7,3.7,-1.7,Graduate
Female,19,Single,Veterinary Nursing,Secondary education,Yes,Yes,Yes,Yes,Yes,7.6,2.6,0.32,Graduate
Female,18,Single,Journalism and Communication,Secondary education,Yes,Yes,Yes,Yes,Yes,15.5,2.8,-4.06,Graduate
Female,19,Single,Tourism,Secondary education,Yes,Yes,Yes,Yes,Yes,7.6,2.6,0.32,Graduate
Female,19,Single,Oral Hygiene,Secondary education,Yes,Yes,Yes,Yes,Yes,13.9,-0.3,0.79,Graduate
Female,18,Single,Advertising and Marketing Management,Secondary education,Yes,Yes,Yes,Yes,Yes,10.8,1.4,1.74,Graduate
Female,19,Single,Nursing,Secondary education,Yes,Yes,Yes,Yes,Yes,16.2,0.3,-0.92,Enrolled
Female,20,Single,Advertising and Marketing Management,Technological specialization course,Yes,Yes,Yes,Yes,Yes,11.1,0.6,2.02,Graduate
Female,20,Single,Advertising and Marketing Management,Secondary education,Yes,Yes,Yes,Yes,Yes,12.7,3.7,-1.7,Enrolled
Female,20,Single,Agronomy,Secondary education,Yes,Yes,Yes,Yes,Yes,11.1,0.6,2.02,Enrolled
Female,29,Single,Management (evening attendance),Higher education - degree,Yes,Yes,Yes,Yes,Yes,10.8,1.4,1.74,Dropout
Female,20,Single,Basic Education,Secondary education,No,No,No,No,No,7.6,2.6,0.32,Dropout
Female,31,Divorced,Basic Education,Secondary education,No,No,No,No,No,8.9,1.4,3.51,Dropout
Female,20,Single,Advertising and Marketing Management,Secondary education,Yes,Yes,Yes,Yes,Yes,10.8,1.4,1.74,Graduate
Female,21,Single,Agronomy,Secondary education,Yes,Yes,Yes,Yes,Yes,15.5,2.8,-4.06,Graduate
Female,23,Single,Equinculture,Higher education - degree,Yes,Yes,Yes,Yes,Yes,12.4,0.5,1.79,Dropout
Female,21,Single,Communication Design,Secondary education,No,No,No,No,No,10.8,1.4,1.74,Dropout
Female,24,Single,Nursing,Higher education - degree (1st cycle),Yes,Yes,Yes,Yes,Yes,16.2,0.3,-0.92,Graduate
Female,27,Single,Social Service (evening attendance),Secondary education,Yes,Yes,Yes,Yes,Yes,15.5,2.8,-4.06,Graduate
Female,18,Single,Nursing,Secondary education,Yes,Yes,Yes,Yes,Yes,13.9,-0.3,0.79,Graduate
Female,21,Single,Animation and Multimedia Design,Secondary education,No,No,No,No,No,9.4,-0.8,-3.12,Dropout
Female,19,Single,Equinculture,Secondary education,Yes,Yes,Yes,Yes,Yes,7.6,2.6,0.32,Dropout
Female,19,Single,Nursing,Secondary education,Yes,Yes,Yes,Yes,Yes,10.8,1.4,1.74,Graduate
Female,18,Single,Veterinary Nursing,Secondary education,Yes,Yes,Yes,Yes,Yes,12.4,0.5,1.79,Dropout
Female,18,Single,Nursing,Secondary education,Yes,Yes,Yes,Yes,Yes,7.6,2.6,0.32,Enrolled
Female,20,Single,Basic Education,Secondary education,Yes,Yes,Yes,Yes,Yes,8.9,1.4,3.51,Graduate
Female,24,Married,Social Service (evening attendance),Secondary education,Yes,Yes,Yes,Yes,Yes,9.4,-0.8,-3.12,Graduate
Female,20,Single,Communication Design,Secondary education,Yes,Yes,Yes,Yes,Yes,12.4,0.5,1.79,Graduate
Female,20,Single,Management,Secondary education,Yes,Yes,Yes,Yes,Yes,12.4,0.5,1.79,Enrolled
Female,19,Single,Nursing,Secondary education,Yes,Yes,Yes,Yes,Yes,12.7,3.7,-1.7,Graduate
Female,18,Single,Nursing,Secondary education,Yes,Yes,Yes,Yes,Yes,12.7,3.7,-1.7,Graduate
Female,20,Single,Social Service,Higher education - degree,Yes,Yes,Yes,Yes,Yes,9.4,-0.8,-3.12,Graduate
Female,20,Single,Nursing,Secondary education,Yes,Yes,Yes,Yes,Yes,16.2,0.3,-0.92,Graduate
Female,19,Single,Nursing,Secondary education,Yes,Yes,Yes,Yes,Yes,11.1,0.6,2.02,Graduate
Female,19,Single,Veterinary Nursing,Technological specialization course,Yes,Yes,Yes,Yes,Yes,12.4,0.5,1.79,Enrolled
Female,20,Single,Journalism and Communication,Secondary education,Yes,Yes,Yes,Yes,Yes,12.7,3.7,-1.7,Graduate
Female,19,Single,Management,Secondary education,Yes,Yes,Yes,Yes,Yes,13.9,-0.3,0.79,Dropout
Female,19,Single,Basic Education,Secondary education,Yes,Yes,Yes,Yes,Yes,9.4,-0.8,-3.12,Dropout
Female,18,Single,Nursing,Secondary education,Yes,Yes,Yes,Yes,Yes,9.4,-0.8,-3.12,Graduate
Female,23,Single,Communication Design,Secondary education,Yes,Yes,Yes,Yes,Yes,11.1,0.6,2.02,Dropout
Female,21,Single,Basic Education,Secondary education,Yes,Yes,Yes,Yes,Yes,12.7,3.7,-1.7,Dropout
Female,23,Single,Social Service (evening attendance),Technological specialization course,Yes,Yes,Yes,Yes,Yes,11.1,0.6,2.02,Graduate
Female,19,Single,Nursing,Secondary education,Yes,Yes,Yes,Yes,Yes,13.9,-0.3,0.79,Graduate
Female,18,Single,Journalism and Communication,Secondary education,Yes,Yes,Yes,Yes,Yes,12.4,0.5,1.79,Graduate
Female,19,Single,Journalism and Communication,Secondary education,Yes,Yes,Yes,Yes,Yes,10.8,1.4,1.74,Graduate
Female,25,Single,Nursing,Secondary education,Yes,Yes,Yes,Yes,Yes,12.7,3.7,-1.7,Graduate
Female,19,Single,Basic Education,Secondary education,Yes,Yes,Yes,Yes,Yes,9.4,-0.8,-3.12,Enrolled
Female,19,Single,Nursing,Secondary education,Yes,Yes,Yes,Yes,Yes,13.9,-0.3,0.79,Graduate
Female,24,Single,Oral Hygiene,Secondary education,Yes,Yes,Yes,Yes,Yes,12.7,3.7,-1.7,Graduate
Female,18,Single,Advertising and Marketing Management,Secondary education,Yes,Yes,Yes,Yes,Yes,8.9,1.4,3.51,Graduate
Female,19,Single,Social Service,Secondary education,Yes,Yes,Yes,Yes,Yes,16.2,0.3,-0.92,Graduate
Female,18,Single,Nursing,Secondary education,Yes,Yes,Yes,Yes,Yes,12.7,3.7,-1.7,Graduate
Female,27,Single,Management (evening attendance),Secondary education,Yes,Yes,Yes,Yes,Yes,10.8,1.4,1.74,Enrolled
Female,19,Single,Social Service,Secondary education,Yes,Yes,Yes,Yes,Yes,15.5,2.8,-4.06,Graduate
Female,18,Single,Journalism and Communication,Secondary education,Yes,Yes,Yes,Yes,Yes,12.7,3.7,-1.7,Dropout
Female,34,Married,Advertising and Marketing Management,Secondary education,No,No,No,No,No,12.7,3.7,-1.7,Dropout
Female,18,Single,Management,Secondary education,Yes,Yes,Yes,Yes,Yes,7.6,2.6,0.32,Enrolled
Female,18,Single,Management,Secondary education,Yes,Yes,Yes,Yes,Yes,7.6,2.6,0.32,Enrolled
Female,18,Single,Nursing,Secondary education,Yes,Yes,Yes,Yes,Yes,9.4,-0.8,-3.12,Enrolled
Female,20,Single,Journalism and Communication,Secondary education,No,No,No,No,No,8.9,1.4,3.51,Dropout
Female,19,Single,Management,Secondary education,Yes,Yes,Yes,Yes,Yes,7.6,2.6,0.32,Enrolled
Female,21,Single,Social Service,Secondary education,Yes,Yes,Yes,Yes,Yes,7.6,2.6,0.32,Enrolled
Female,26,Married,Management (evening attendance),Higher education - degree,Yes,Yes,Yes,Yes,Yes,10.8,1.4,1.74,Graduate
Female,27,Single,Oral Hygiene,Secondary education,Yes,Yes,Yes,Yes,Yes,10.8,1.4,1.74,Graduate
Female,20,Single,Advertising and Marketing Management,Secondary education,Yes,Yes,Yes,Yes,Yes,9.4,-0.8,-3.12,Graduate
Female,18,Single,Social Service,Secondary education,Yes,Yes,Yes,Yes,Yes,16.2,0.3,-0.92,Graduate
Female,23,Single,Veterinary Nursing,Professional higher technical course,No,No,No,No,No,8.9,1.4,3.51,Enrolled
Female,24,Single,Nursing,Basic education 3rd cycle (9th/10th/11th year) or equiv.,Yes,Yes,Yes,Yes,Yes,12.7,3.7,-1.7,Graduate
Female,19,Single,Social Service,Technological specialization course,Yes,Yes,Yes,Yes,Yes,13.9,-0.3,0.79,Graduate
Female,19,Single,Journalism and Communication,Secondary education,Yes,Yes,Yes,Yes,Yes,10.8,1.4,1.74,Graduate
Female,19,Single,Social Service,Secondary education,Yes,Yes,Yes,Yes,Yes,8.9,1.4,3.51,Enrolled
Female,18,Single,Social Service,Secondary education,Yes,Yes,Yes,Yes,Yes,7.6,2.6,0.32,Enrolled
Female,22,Single,Social Service (evening attendance),Secondary education,Yes,Yes,Yes,Yes,Yes,16.2,0.3,-0.92,Graduate
Female,20,Single,Communication Design,Secondary education,Yes,Yes,Yes,Yes,Yes,12.7,3.7,-1.7,Graduate
Female,25,Single,Agronomy,Secondary education,Yes,Yes,Yes,Yes,Yes,11.1,0.6,2.02,Dropout
Female,21,Single,Agronomy,Technological specialization course,Yes,Yes,Yes,Yes,Yes,15.5,2.8,-4.06,Graduate
Female,19,Single,Nursing,Secondary education,Yes,Yes,Yes,Yes,Yes,11.1,0.6,2.02,Enrolled
Female,18,Single,Journalism and Communication,Secondary education,Yes,Yes,Yes,Yes,Yes,13.9,-0.3,0.79,Graduate
Female,18,Single,Advertising and Marketing Management,Secondary education,Yes,Yes,Yes,Yes,Yes,7.6,2.6,0.32,Graduate
Male,19,Single,Nursing,Secondary education,Yes,Yes,Yes,Yes,Yes,13.9,-0.3,0.79,Graduate
Female,19,Single,Veterinary Nursing,Secondary education,Yes,Yes,Yes,Yes,Yes,10.8,1.4,1.74,Graduate
Female,18,Single,Journalism and Communication,Secondary education,No,No,No,No,No,10.8,1.4,1.74,Dropout
Female,20,Single,Social Service,Technological specialization course,Yes,Yes,Yes,Yes,Yes,12.4,0.5,1.79,Graduate
Female,19,Single,Nursing,Secondary education,Yes,Yes,Yes,Yes,Yes,12.4,0.5,1.79,Dropout
Female,28,Single,Nursing,Secondary education,Yes,Yes,Yes,Yes,Yes,16.2,0.3,-0.92,Graduate
Female,20,Single,Social Service,Secondary education,Yes,Yes,Yes,Yes,Yes,12.7,3.7,-1.7,Graduate
Female,30,Single,Social Service (evening attendance),Secondary education,Yes,Yes,Yes,Yes,Yes,7.6,2.6,0.32,Dropout
Female,19,Single,Nursing,Secondary education,Yes,Yes,Yes,Yes,Yes,12.4,0.5,1.79,Graduate
Female,22,Single,Communication Design,Secondary education,Yes,Yes,Yes,Yes,Yes,12.7,3.7,-1.7,Graduate
Female,18,Single,Tourism,Secondary education,Yes,Yes,Yes,Yes,Yes,11.1,0.6,2.02,Graduate
Female,23,Single,Basic Education,Secondary education,Yes,Yes,Yes,Yes,Yes,7.6,2.6,0.32,Dropout
Female,18,Single,Communication Design,Secondary education,Yes,Yes,Yes,Yes,Yes,11.1,0.6,2.02,Graduate
Female,18,Single,Basic Education,Secondary education,Yes,Yes,Yes,Yes,Yes,15.5,2.8,-4.06,Enrolled
Male,50,Married,Journalism and Communication,Basic education 3rd cycle (9th/10th/11th year) or equiv.,No,No,No,No,No,10.8,1.4,1.74,Dropout
Female,19,Single,Animation and Multimedia Design,Secondary education,Yes,Yes,Yes,Yes,Yes,13.9,-0.3,0.79,Graduate
Female,22,Single,Tourism,Secondary education,Yes,Yes,Yes,Yes,Yes,13.9,-0.3,0.79,Graduate
Female,23,Single,Social Service,Technological specialization course,Yes,Yes,Yes,Yes,Yes,12.4,0.5,1.79,Graduate
Female,20,Single,Veterinary Nursing,Secondary education,No,No,No,No,No,12.7,3.7,-1.7,Dropout
Female,44,Divorced,Social Service,Basic education 3rd cycle (9th/10th/11th year) or equiv.,No,No,No,No,No,13.9,-0.3,0.79,Dropout
Male,49,Divorced,Agronomy,Basic education 3rd cycle (9th/10th/11th year) or equiv.,Yes,Yes,Yes,Yes,Yes,15.5,2.8,-4.06,Graduate
Male,46,Married,Management (evening attendance),Secondary education,Yes,Yes,Yes,Yes,Yes,7.6,2.6,0.32,Graduate
Male,41,Single,Veterinary Nursing,Technological specialization course,No,No,No,No,No,12.4,0.5,1.79,Dropout
Male,18,Single,Nursing,Secondary education,Yes,Yes,Yes,Yes,Yes,13.9,-0.3,0.79,Graduate
Male,43,Widower,Management (evening attendance),Secondary education,Yes,Yes,Yes,Yes,Yes,9.4,-0.8,-3.12,Graduate
Male,70,Divorced,Management,Basic education 3rd cycle (9th/10th/11th year) or equiv.,No,No,No,No,No,10.8,1.4,1.74,Dropout
Male,48,Divorced,Equinculture,Basic education 3rd cycle (9th/10th/11th year) or equiv.,Yes,Yes,Yes,Yes,Yes,15.5,2.8,-4.06,Dropout
Male,41,Married,Agronomy,Secondary education,Yes,Yes,Yes,Yes,Yes,15.5,2.8,-4.06,Graduate
Male,21,Single,Tourism,Secondary education,Yes,Yes,Yes,Yes,Yes,12.7,3.7,-1.7,Enrolled
Male,35,Single,Biofuel Production Technologies,Secondary education,No,No,No,No,No,16.2,0.3,-0.92,Dropout
Male,44,Married,Equinculture,Basic education 3rd cycle (9th/10th/11th year) or equiv.,Yes,Yes,Yes,Yes,Yes,10.8,1.4,1.74,Graduate
Male,18,Single,Management,Secondary education,Yes,Yes,Yes,Yes,Yes,13.9,-0.3,0.79,Dropout
Male,45,Married,Social Service (evening attendance),Secondary education,Yes,Yes,Yes,Yes,Yes,7.6,2.6,0.32,Graduate
Male,20,Single,Tourism,Secondary education,Yes,Yes,Yes,Yes,Yes,15.5,2.8,-4.06,Enrolled
Male,22,Single,Agronomy,Technological specialization course,Yes,Yes,Yes,Yes,Yes,12.4,0.5,1.79,Graduate
Male,39,Single,Informatics Engineering,Secondary education,Yes,Yes,Yes,Yes,Yes,13.9,-0.3,0.79,Dropout
Male,20,Single,Veterinary Nursing,Technological specialization course,No,No,No,No,No,12.4,0.5,1.79,Enrolled
Male,49,Married,Management,Basic education 3rd cycle (9th/10th/11th year) or equiv.,Yes,Yes,Yes,Yes,Yes,8.9,1.4,3.51,Dropout
Male,43,Single,Oral Hygiene,Higher education - master's,Yes,Yes,Yes,Yes,Yes,11.1,0.6,2.02,Dropout
Male,32,Married,Management (evening attendance),Secondary education,Yes,Yes,Yes,Yes,Yes,7.6,2.6,0.32,Dropout
Male,47,Single,Social Service,Other - 11th year of schooling,Yes,Yes,Yes,Yes,Yes,10.8,1.4,1.74,Graduate
Male,37,De Facto Union,Management (evening attendance),Secondary education,Yes,Yes,Yes,Yes,Yes,16.2,0.3,-0.92,Dropout
Male,41,Married,Social Service (evening attendance),Secondary education,Yes,Yes,Yes,Yes,Yes,10.8,1.4,1.74,Graduate
Male,60,Married,Agronomy,Secondary education,Yes,Yes,Yes,Yes,Yes,15.5,2.8,-4.06,Graduate
Male,47,Married,Tourism,Secondary education,Yes,Yes,Yes,Yes,Yes,10.8,1.4,1.74,Graduate
Male,50,Single,Social Service (evening attendance),Secondary education,No,No,No,No,No,12.4,0.5,1.79,Dropout
Male,45,Married,Management (evening attendance),Basic education 3rd cycle (9th/10th/11th year) or equiv.,Yes,Yes,Yes,Yes,Yes,7.6,2.6,0.32,Dropout
Male,45,Single,Informatics Engineering,Secondary education,No,No,No,No,No,15.5,2.8,-4.06,Dropout
Male,33,Married,Veterinary Nursing,Secondary education,Yes,Yes,Yes,Yes,Yes,7.6,2.6,0.32,Graduate
Male,18,Single,Nursing,Secondary education,Yes,Yes,Yes,Yes,Yes,10.8,1.4,1.74,Graduate
Male,43,Married,Veterinary Nursing,Secondary education,Yes,Yes,Yes,Yes,Yes,9.4,-0.8,-3.12,Graduate
Male,44,Single,Social Service (evening attendance),Secondary education,Yes,Yes,Yes,Yes,Yes,12.7,3.7,-1.7,Graduate
Male,29,Single,Equinculture,12th year of schooling - not completed,Yes,Yes,Yes,Yes,Yes,7.6,2.6,0.32,Dropout
Male,53,Divorced,Advertising and Marketing Management,Secondary education,No,No,No,No,No,12.7,3.7,-1.7,Dropout
Male,37,Married,Management (evening attendance),Frequency of higher education,Yes,Yes,Yes,Yes,Yes,9.4,-0.8,-3.12,Enrolled
Male,18,Single,Advertising and Marketing Management,Secondary education,Yes,Yes,Yes,Yes,Yes,13.9,-0.3,0.79,Enrolled
Male,35,Single,Biofuel Production Technologies,Basic education 3rd cycle (9th/10th/11th year) or equiv.,Yes,Yes,Yes,Yes,Yes,16.2,0.3,-0.92,Dropout
Male,23,Single,Tourism,Secondary education,Yes,Yes,Yes,Yes,Yes,11.1,0.6,2.02,Enrolled
Male,22,Single,Animation and Multimedia Design,Secondary education,Yes,Yes,Yes,Yes,Yes,7.6,2.6,0.32,Graduate
Male,33,Single,Social Service (evening attendance),Secondary education,No,No,No,No,No,10.8,1.4,1.74,Dropout
Male,41,Single,Equinculture,Higher education - degree,No,No,No,No,No,10.8,1.4,1.74,Dropout
Male,51,Divorced,Nursing,Higher education - degree,Yes,Yes,Yes,Yes,Yes,13.9,-0.3,0.79,Graduate
Male,19,Single,Advertising and Marketing Management,Secondary education,Yes,Yes,Yes,Yes,Yes,11.1,0.6,2.02,Graduate
Male,35,Single,Management (evening attendance),Secondary education,Yes,Yes,Yes,Yes,Yes,11.1,0.6,2.02,Dropout
Male,20,Single,Animation and Multimedia Design,Secondary education,Yes,Yes,Yes,Yes,Yes,7.6,2.6,0.32,Graduate
Male,18,Single,Advertising and Marketing Management,Secondary education,Yes,Yes,Yes,Yes,Yes,13.9,-0.3,0.79,Enrolled
Male,18,Single,Journalism and Communication,Secondary education,No,No,No,No,No,13.9,-0.3,0.79,Dropout
Male,21,Single,Agronomy,Technological specialization course,Yes,Yes,Yes,Yes,Yes,13.9,-0.3,0.79,Graduate
Male,21,Single,Tourism,Secondary education,Yes,Yes,Yes,Yes,Yes,13.9,-0.3,0.79,Graduate
Male,34,Married,Management,Secondary education,Yes,Yes,Yes,Yes,Yes,9.4,-0.8,-3.12,Graduate
Male,34,Divorced,Equinculture,Secondary education,Yes,Yes,Yes,Yes,Yes,16.2,0.3,-0.92,Dropout
Male,21,Single,Advertising and Marketing Management,Secondary education,Yes,Yes,Yes,Yes,Yes,11.1,0.6,2.02,Graduate
Male,32,Single,Journalism and Communication,Secondary education,Yes,Yes,Yes,Yes,Yes,13.9,-0.3,0.79,Enrolled
Male,30,Single,Tourism,Secondary education,Yes,Yes,Yes,Yes,Yes,7.6,2.6,0.32,Dropout
Male,19,Single,Animation and Multimedia Design,Secondary education,Yes,Yes,Yes,Yes,Yes,8.9,1.4,3.51,Enrolled
Male,20,Single,Journalism and Communication,Secondary education,Yes,Yes,Yes,Yes,Yes,8.9,1.4,3.51,Dropout
Male,18,Single,Communication Design,Secondary education,Yes,Yes,Yes,Yes,Yes,12.4,0.5,1.79,Dropout
Male,19,Single,Tourism,Secondary education,Yes,Yes,Yes,Yes,Yes,8.9,1.4,3.51,Graduate
Male,18,Single,Nursing,Secondary education,Yes,Yes,Yes,Yes,Yes,12.4,0.5,1.79,Dropout
Male,27,Single,Management (evening attendance),Secondary education,Yes,Yes,Yes,Yes,Yes,12.7,3.7,-1.7,Dropout
Male,52,Single,Journalism and Communication,Other - 11th year of schooling,Yes,Yes,Yes,Yes,Yes,9.4,-0.8,-3.12,Graduate
Male,29,Married,Agronomy,Secondary education,No,No,No,No,No,15.5,2.8,-4.06,Dropout
Male,22,Single,Agronomy,Technological specialization course,No,No,No,No,No,8.9,1.4,3.51,Dropout
Male,28,Single,Veterinary Nursing,Secondary education,Yes,Yes,Yes,Yes,Yes,15.5,2.8,-4.06,Graduate
Male,30,Single,Advertising and Marketing Management,Frequency of higher education,Yes,Yes,Yes,Yes,Yes,7.6,2.6,0.32,Dropout
Female,18,Single,Nursing,Secondary education,Yes,Yes,Yes,Yes,Yes,16.2,0.3,-0.92,Graduate
Female,21,Single,Advertising and Marketing Management,Secondary education,Yes,Yes,Yes,Yes,Yes,9.4,-0.8,-3.12,Graduate
Female,20,Single,Communication Design,Secondary education,Yes,Yes,Yes,Yes,Yes,12.7,3.7,-1.7,Graduate
Female,21,Single,Nursing,Secondary education,Yes,Yes,Yes,Yes,Yes,9.4,-0.8,-3.12,Graduate
Female,32,Married,Management (evening attendance),Basic education 3rd cycle (9th/10th/11th year) or equiv.,No,No,No,No,No,10.8,1.4,1.74,Dropout
Male,20,Single,Communication Design,Secondary education,Yes,Yes,Yes,Yes,Yes,12.4,0.5,1.79,Graduate
Male,19,Single,Animation and Multimedia Design,Secondary education,No,No,No,No,No,15.5,2.8,-4.06,Dropout
Male,18,Single,Advertising and Marketing Management,Secondary education,No,No,No,No,No,8.9,1.4,3.51,Dropout
Male,23,Single,Management (evening attendance),Secondary education,No,No,No,No,No,7.6,2.6,0.32,Dropout
Male,20,Single,Tourism,Secondary education,Yes,Yes,Yes,Yes,Yes,12.4,0.5,1.79,Graduate
Female,46,Married,Management,Secondary education,Yes,Yes,Yes,Yes,Yes,9.4,-0.8,-3.12,Graduate
Male,27,Single,Agronomy,Secondary education,Yes,Yes,Yes,Yes,Yes,15.5,2.8,-4.06,Graduate
Male,20,Single,Animation and Multimedia Design,Secondary education,Yes,Yes,Yes,Yes,Yes,16.2,0.3,-0.92,Enrolled
Male,41,Married,Social Service (evening attendance),Basic education 3rd cycle (9th/10th/11th year) or equiv.,Yes,Yes,Yes,Yes,Yes,9.4,-0.8,-3.12,Graduate
Male,40,Single,Management,Secondary education,Yes,Yes,Yes,Yes,Yes,11.1,0.6,2.02,Enrolled
Male,37,Married,Social Service (evening attendance),Technological specialization course,Yes,Yes,Yes,Yes,Yes,12.4,0.5,1.79,Graduate
Male,20,Single,Management,Secondary education,Yes,Yes,Yes,Yes,Yes,12.4,0.5,1.79,Enrolled
Female,20,Single,Equinculture,Technological specialization course,Yes,Yes,Yes,Yes,Yes,10.8,1.4,1.74,Enrolled
Female,26,Single,Management (evening attendance),Higher education - degree (1st cycle),Yes,Yes,Yes,Yes,Yes,12.4,0.5,1.79,Graduate
Male,54,Married,Social Service (evening attendance),Secondary education,Yes,Yes,Yes,Yes,Yes,8.9,1.4,3.51,Graduate
Male,21,Single,Advertising and Marketing Management,Secondary education,Yes,Yes,Yes,Yes,Yes,10.8,1.4,1.74,Graduate
Female,20,Single,Veterinary Nursing,Secondary education,Yes,Yes,Yes,Yes,Yes,11.1,0.6,2.02,Graduate
Female,18,Single,Journalism and Communication,Secondary education,Yes,Yes,Yes,Yes,Yes,12.4,0.5,1.79,Dropout
Female,19,Single,Nursing,Secondary education,Yes,Yes,Yes,Yes,Yes,15.5,2.8,-4.06,Enrolled
Female,18,Single,Social Service,Secondary education,Yes,Yes,Yes,Yes,Yes,9.4,-0.8,-3.12,Graduate
Female,19,Single,Veterinary Nursing,Secondary education,Yes,Yes,Yes,Yes,Yes,12.4,0.5,1.79,Enrolled
Female,22,Single,Veterinary Nursing,Technological specialization course,Yes,Yes,Yes,Yes,Yes,13.9,-0.3,0.79,Dropout
Female,19,Single,Veterinary Nursing,Secondary education,Yes,Yes,Yes,Yes,Yes,12.4,0.5,1.79,Graduate
Female,21,Single,Animation and Multimedia Design,Secondary education,Yes,Yes,Yes,Yes,Yes,8.9,1.4,3.51,Dropout
Female,20,Single,Basic Education,Secondary education,Yes,Yes,Yes,Yes,Yes,11.1,0.6,2.02,Enrolled
Female,18,Single,Journalism and Communication,Secondary education,Yes,Yes,Yes,Yes,Yes,16.2,0.3,-0.92,Graduate
Female,18,Single,Journalism and Communication,Secondary education,Yes,Yes,Yes,Yes,Yes,8.9,1.4,3.51,Graduate
Female,20,Single,Advertising and Marketing Management,Secondary education,Yes,Yes,Yes,Yes,Yes,15.5,2.8,-4.06,Dropout
Female,18,Single,Nursing,Secondary education,Yes,Yes,Yes,Yes,Yes,15.5,2.8,-4.06,Graduate
Female,18,Single,Nursing,Secondary education,Yes,Yes,Yes,Yes,Yes,9.4,-0.8,-3.12,Enrolled
Female,20,Single,Journalism and Communication,Secondary education,Yes,Yes,Yes,Yes,Yes,12.4,0.5,1.79,Graduate
Female,19,Single,Social Service,Secondary education,Yes,Yes,Yes,Yes,Yes,11.1,0.6,2.02,Graduate
Female,18,Single,Communication Design,Secondary education,Yes,Yes,Yes,Yes,Yes,12.7,3.7,-1.7,Graduate
Female,18,Single,Nursing,Secondary education,Yes,Yes,Yes,Yes,Yes,10.8,1.4,1.74,Graduate
Female,18,Single,Veterinary Nursing,Secondary education,Yes,Yes,Yes,Yes,Yes,7.6,2.6,0.32,Dropout
Female,20,Single,Animation and Multimedia Design,Secondary education,Yes,Yes,Yes,Yes,Yes,12.7,3.7,-1.7,Graduate
Female,19,Single,Journalism and Communication,Secondary education,Yes,Yes,Yes,Yes,Yes,11.1,0.6,2.02,Graduate
Male,36,Single,Nursing,Secondary education,No,No,No,No,No,15.5,2.8,-4.06,Dropout
Female,19,Single,Social Service,Secondary education,Yes,Yes,Yes,Yes,Yes,11.1,0.6,2.02,Graduate
Female,18,Single,Social Service,Secondary education,Yes,Yes,Yes,Yes,Yes,8.9,1.4,3.51,Graduate
Female,18,Single,Journalism and Communication,Secondary education,Yes,Yes,Yes,Yes,Yes,12.4,0.5,1.79,Graduate
Female,18,Single,Journalism and Communication,Secondary education,Yes,Yes,Yes,Yes,Yes,8.9,1.4,3.51,Graduate
Female,19,Single,Communication Design,Secondary education,Yes,Yes,Yes,Yes,Yes,12.4,0.5,1.79,Graduate
Female,18,Single,Nursing,Secondary education,Yes,Yes,Yes,Yes,Yes,11.1,0.6,2.02,Graduate
Female,19,Single,Equinculture,Secondary education,Yes,Yes,Yes,Yes,Yes,8.9,1.4,3.51,Graduate
Female,18,Single,Basic Education,Secondary education,Yes,Yes,Yes,Yes,Yes,10.8,1.4,1.74,Enrolled
Female,22,Single,Communication Design,Professional higher technical course,No,No,No,No,No,8.9,1.4,3.51,Enrolled
Female,18,Single,Social Service,Secondary education,No,No,No,No,No,11.1,0.6,2.02,Dropout
Female,19,Single,Management,Secondary education,Yes,Yes,Yes,Yes,Yes,8.9,1.4,3.51,Graduate
Female,18,Single,Journalism and Communication,Secondary education,Yes,Yes,Yes,Yes,Yes,11.1,0.6,2.02,Graduate
Female,19,Single,Basic Education,Secondary education,Yes,Yes,Yes,Yes,Yes,11.1,0.6,2.02,Graduate
Female,20,Single,Management,Secondary education,Yes,Yes,Yes,Yes,Yes,11.1,0.6,2.02,Enrolled
Female,18,Single,Communication Design,Secondary education,Yes,Yes,Yes,Yes,Yes,16.2,0.3,-0.92,Graduate
Female,23,Single,Equinculture,Secondary education,No,No,No,No,No,11.1,0.6,2.02,Enrolled
Female,20,Single,Journalism and Communication,Secondary education,Yes,Yes,Yes,Yes,Yes,8.9,1.4,3.51,Dropout
Female,20,Single,Communication Design,Secondary education,Yes,Yes,Yes,Yes,Yes,12.4,0.5,1.79,Enrolled
Female,22,Single,Social Service,Secondary education,No,No,No,No,No,12.4,0.5,1.79,Dropout
Female,18,Single,Basic Education,Secondary education,Yes,Yes,Yes,Yes,Yes,11.1,0.6,2.02,Graduate
Female,18,Single,Nursing,Secondary education,Yes,Yes,Yes,Yes,Yes,11.1,0.6,2.02,Graduate
Female,18,Single,Nursing,Secondary education,Yes,Yes,Yes,Yes,Yes,11.1,0.6,2.02,Graduate
Female,18,Single,Basic Education,Secondary education,Yes,Yes,Yes,Yes,Yes,11.1,0.6,2.02,Graduate
Female,21,Single,Management,Secondary education,Yes,Yes,Yes,Yes,Yes,11.1,0.6,2.02,Enrolled
Female,20,Single,Communication Design,Secondary education,Yes,Yes,Yes,Yes,Yes,10.8,1.4,1.74,Enrolled
Female,18,Single,Communication Design,Secondary education,Yes,Yes,Yes,Yes,Yes,12.4,0.5,1.79,Graduate
Female,20,Single,Nursing,Secondary education,No,No,No,No,No,11.1,0.6,2.02,Enrolled
Female,25,Single,Social Service (evening attendance),Secondary education,Yes,Yes,Yes,Yes,Yes,7.6,2.6,0.32,Graduate
Female,18,Single,Management,Secondary education,Yes,Yes,Yes,Yes,Yes,13.9,-0.3,0.79,Graduate
Female,19,Single,Animation and Multimedia Design,Secondary education,Yes,Yes,Yes,Yes,Yes,13.9,-0.3,0.79,Graduate
Female,20,Single,Veterinary Nursing,Secondary education,Yes,Yes,Yes,Yes,Yes,12.4,0.5,1.79,Enrolled
Female,20,Single,Social Service,Secondary education,Yes,Yes,Yes,Yes,Yes,12.4,0.5,1.79,Graduate
Female,21,Single,Journalism and Communication,Secondary education,Yes,Yes,Yes,Yes,Yes,11.1,0.6,2.02,Graduate
Female,18,Single,Advertising and Marketing Management,Secondary education,Yes,Yes,Yes,Yes,Yes,8.9,1.4,3.51,Graduate
Female,18,Single,Basic Education,Secondary education,Yes,Yes,Yes,Yes,Yes,11.1,0.6,2.02,Dropout
Female,18,Single,Communication Design,Secondary education,Yes,Yes,Yes,Yes,Yes,11.1,0.6,2.02,Graduate
Female,18,Single,Nursing,Secondary education,Yes,Yes,Yes,Yes,Yes,9.4,-0.8,-3.12,Graduate
Female,19,Single,Advertising and Marketing Management,Secondary education,Yes,Yes,Yes,Yes,Yes,15.5,2.8,-4.06,Dropout
Female,20,Single,Tourism,Secondary education,Yes,Yes,Yes,Yes,Yes,13.9,-0.3,0.79,Dropout
Female,47,Single,Social Service,12th year of schooling - not completed,Yes,Yes,Yes,Yes,Yes,7.6,2.6,0.32,Dropout
Female,21,Single,Equinculture,Secondary education,Yes,Yes,Yes,Yes,Yes,10.8,1.4,1.74,Enrolled
Male,31,Married,Equinculture,Secondary education,Yes,Yes,Yes,Yes,Yes,16.2,0.3,-0.92,Dropout
Male,46,Married,Informatics Engineering,Secondary education,Yes,Yes,Yes,Yes,Yes,7.6,2.6,0.32,Dropout
Male,18,Single,Informatics Engineering,Secondary education,Yes,Yes,Yes,Yes,Yes,8.9,1.4,3.51,Enrolled
Male,19,Single,Informatics Engineering,Secondary education,Yes,Yes,Yes,Yes,Yes,8.9,1.4,3.51,Dropout
Male,23,Single,Oral Hygiene,Secondary education,Yes,Yes,Yes,Yes,Yes,8.9,1.4,3.51,Enrolled
Male,22,Single,Equinculture,Technological specialization course,No,No,No,No,No,12.7,3.7,-1.7,Dropout
Male,19,Single,Management,Secondary education,Yes,Yes,Yes,Yes,Yes,9.4,-0.8,-3.12,Graduate
Female,19,Single,Management,Secondary education,No,No,No,No,No,8.9,1.4,3.51,Dropout
Male,22,Single,Management,Secondary education,No,No,No,No,No,8.9,1.4,3.51,Enrolled
Male,29,Single,Equinculture,Secondary education,No,No,No,No,No,9.4,-0.8,-3.12,Dropout
Female,18,Single,Nursing,Secondary education,Yes,Yes,Yes,Yes,Yes,7.6,2.6,0.32,Graduate
Female,18,Single,Social Service,Secondary education,Yes,Yes,Yes,Yes,Yes,9.4,-0.8,-3.12,Graduate
Female,23,Single,Animation and Multimedia Design,Secondary education,No,No,No,No,No,9.4,-0.8,-3.12,Dropout
Female,34,Married,Management (evening attendance),Secondary education,Yes,Yes,Yes,Yes,Yes,12.4,0.5,1.79,Graduate
Female,19,Single,Management,Secondary education,Yes,Yes,Yes,Yes,Yes,11.1,0.6,2.02,Graduate
Female,18,Single,Veterinary Nursing,Secondary education,Yes,Yes,Yes,Yes,Yes,10.8,1.4,1.74,Enrolled
Female,20,Single,Nursing,Secondary education,Yes,Yes,Yes,Yes,Yes,11.1,0.6,2.02,Graduate
Female,19,Single,Nursing,Secondary education,Yes,Yes,Yes,Yes,Yes,15.5,2.8,-4.06,Graduate
Female,22,Single,Basic Education,Secondary education,Yes,Yes,Yes,Yes,Yes,12.7,3.7,-1.7,Enrolled
Female,23,Single,Social Service,Secondary education,Yes,Yes,Yes,Yes,Yes,10.8,1.4,1.74,Graduate
Male,34,Married,Nursing,Secondary education,Yes,Yes,Yes,Yes,Yes,12.7,3.7,-1.7,Graduate
Male,18,Single,Informatics Engineering,Secondary education,No,No,No,No,No,9.4,-0.8,-3.12,Enrolled
Male,21,Single,Journalism and Communication,Secondary education,Yes,Yes,Yes,Yes,Yes,16.2,0.3,-0.92,Dropout
Male,22,Single,Social Service,Secondary education,Yes,Yes,Yes,Yes,Yes,10.8,1.4,1.74,Dropout
Male,28,Single,Agronomy,Other - 11th year of schooling,Yes,Yes,Yes,Yes,Yes,11.1,0.6,2.02,Dropout
Male,23,Single,Informatics Engineering,Secondary education,Yes,Yes,Yes,Yes,Yes,7.6,2.6,0.32,Dropout
Male,20,Single,Journalism and Communication,Secondary education,Yes,Yes,Yes,Yes,Yes,7.6,2.6,0.32,Dropout
Male,18,Single,Informatics Engineering,Secondary education,Yes,Yes,Yes,Yes,Yes,13.9,-0.3,0.79,Dropout
Male,28,Single,Management,Other - 11th year of schooling,No,No,No,No,No,9.4,-0.8,-3.12,Dropout
Male,21,Single,Communication Design,Technological specialization course,Yes,Yes,Yes,Yes,Yes,12.4,0.5,1.79,Dropout
Male,25,Single,Advertising and Marketing Management,Secondary education,No,No,No,No,No,13.9,-0.3,0.79,Dropout
Male,19,Single,Veterinary Nursing,Technological specialization course,No,No,No,No,No,12.4,0.5,1.79,Dropout
Male,18,Single,Nursing,Secondary education,Yes,Yes,Yes,Yes,Yes,12.4,0.5,1.79,Graduate
Male,29,Single,Informatics Engineering,Higher education - degree,Yes,Yes,Yes,Yes,Yes,10.8,1.4,1.74,Dropout
Male,29,Single,Informatics Engineering,Basic education 3rd cycle (9th/10th/11th year) or equiv.,Yes,Yes,Yes,Yes,Yes,12.4,0.5,1.79,Dropout
Male,20,Single,Tourism,Secondary education,Yes,Yes,Yes,Yes,Yes,16.2,0.3,-0.92,Graduate
Male,18,Single,Animation and Multimedia Design,Secondary education,Yes,Yes,Yes,Yes,Yes,9.4,-0.8,-3.12,Graduate
Male,20,Single,Tourism,Secondary education,Yes,Yes,Yes,Yes,Yes,8.9,1.4,3.51,Graduate
Male,33,Married,Informatics Engineering,Secondary education,Yes,Yes,Yes,Yes,Yes,9.4,-0.8,-3.12,Dropout
Male,30,Single,Management (evening attendance),Secondary education,Yes,Yes,Yes,Yes,Yes,16.2,0.3,-0.92,Graduate
Male,21,Single,Oral Hygiene,Secondary education,Yes,Yes,Yes,Yes,Yes,16.2,0.3,-0.92,Enrolled
Male,18,Single,Agronomy,Secondary education,Yes,Yes,Yes,Yes,Yes,8.9,1.4,3.51,Graduate
Male,19,Single,Nursing,Secondary education,Yes,Yes,Yes,Yes,Yes,15.5,2.8,-4.06,Graduate
Male,21,Single,Communication Design,Secondary education,Yes,Yes,Yes,Yes,Yes,15.5,2.8,-4.06,Dropout
Male,25,Single,Oral Hygiene,Secondary education,Yes,Yes,Yes,Yes,Yes,15.5,2.8,-4.06,Dropout
Male,19,Single,Advertising and Marketing Management,Secondary education,Yes,Yes,Yes,Yes,Yes,9.4,-0.8,-3.12,Graduate
Male,23,Single,Communication Design,Technological specialization course,Yes,Yes,Yes,Yes,Yes,16.2,0.3,-0.92,Dropout
Male,19,Single,Communication Design,Secondary education,Yes,Yes,Yes,Yes,Yes,12.4,0.5,1.79,Graduate
Male,19,Single,Animation and Multimedia Design,Secondary education,Yes,Yes,Yes,Yes,Yes,9.4,-0.8,-3.12,Graduate
Male,31,Single,Agronomy,Secondary education,No,No,No,No,No,16.2,0.3,-0.92,Dropout
Male,32,Single,Agronomy,Secondary education,No,No,No,No,No,16.2,0.3,-0.92,Dropout
Female,19,Single,Nursing,Secondary education,Yes,Yes,Yes,Yes,Yes,10.8,1.4,1.74,Graduate
Female,34,Single,Journalism and Communication,Frequency of higher education,Yes,Yes,Yes,Yes,Yes,7.6,2.6,0.32,Graduate
Female,21,Single,Journalism and Communication,Secondary education,Yes,Yes,Yes,Yes,Yes,7.6,2.6,0.32,Graduate
Female,53,Single,Social Service,Secondary education,Yes,Yes,Yes,Yes,Yes,9.4,-0.8,-3.12,Graduate
Female,19,Single,Nursing,Secondary education,Yes,Yes,Yes,Yes,Yes,13.9,-0.3,0.79,Graduate
Female,20,Single,Journalism and Communication,Secondary education,Yes,Yes,Yes,Yes,Yes,10.8,1.4,1.74,Graduate
Female,18,Single,Journalism and Communication,Secondary education,Yes,Yes,Yes,Yes,Yes,10.8,1.4,1.74,Graduate
Female,32,Single,Animation and Multimedia Design,Secondary education,No,No,No,No,No,16.2,0.3,-0.92,Dropout
Female,21,Single,Nursing,Secondary education,Yes,Yes,Yes,Yes,Yes,12.7,3.7,-1.7,Graduate
Female,26,Single,Social Service (evening attendance),Higher education - degree,No,No,No,No,No,9.4,-0.8,-3.12,Dropout
Female,26,Single,Veterinary Nursing,Technological specialization course,Yes,Yes,Yes,Yes,Yes,15.5,2.8,-4.06,Graduate
Female,21,Married,Management (evening attendance),Technological specialization course,No,No,No,No,No,15.5,2.8,-4.06,Dropout
Female,18,Single,Journalism and Communication,Secondary education,Yes,Yes,Yes,Yes,Yes,7.6,2.6,0.32,Graduate
Female,21,Single,Communication Design,Technological specialization course,Yes,Yes,Yes,Yes,Yes,15.5,2.8,-4.06,Graduate
Female,21,Single,Tourism,Secondary education,Yes,Yes,Yes,Yes,Yes,7.6,2.6,0.32,Enrolled
Female,19,Single,Advertising and Marketing Management,Secondary education,Yes,Yes,Yes,Yes,Yes,13.9,-0.3,0.79,Graduate
Female,19,Single,Management,Secondary education,Yes,Yes,Yes,Yes,Yes,10.8,1.4,1.74,Dropout
Female,19,Single,Social Service,Secondary education,Yes,Yes,Yes,Yes,Yes,10.8,1.4,1.74,Graduate
Female,27,Single,Nursing,Higher education - degree,Yes,Yes,Yes,Yes,Yes,9.4,-0.8,-3.12,Graduate
Female,18,Single,Nursing,Secondary education,Yes,Yes,Yes,Yes,Yes,7.6,2.6,0.32,Graduate
Female,20,Single,Management,Secondary education,Yes,Yes,Yes,Yes,Yes,12.7,3.7,-1.7,Dropout
Female,19,Single,Nursing,Secondary education,Yes,Yes,Yes,Yes,Yes,12.4,0.5,1.79,Graduate
Female,20,Single,Advertising and Marketing Management,Secondary education,Yes,Yes,Yes,Yes,Yes,16.2,0.3,-0.92,Dropout
Female,19,Single,Social Service,Secondary education,Yes,Yes,Yes,Yes,Yes,12.7,3.7,-1.7,Graduate
Female,20,Single,Social Service,Secondary education,Yes,Yes,Yes,Yes,Yes,9.4,-0.8,-3.12,Enrolled
Female,20,Single,Animation and Multimedia Design,Secondary education,Yes,Yes,Yes,Yes,Yes,15.5,2.8,-4.06,Dropout
Female,18,Single,Basic Education,Secondary education,Yes,Yes,Yes,Yes,Yes,7.6,2.6,0.32,Graduate
Female,20,Single,Veterinary Nursing,Secondary education,Yes,Yes,Yes,Yes,Yes,10.8,1.4,1.74,Graduate
Female,38,Married,Management (evening attendance),Secondary education,No,No,No,No,No,12.7,3.7,-1.7,Dropout
Female,42,Divorced,Social Service (evening attendance),Secondary education,Yes,Yes,Yes,Yes,Yes,8.9,1.4,3.51,Graduate
Female,32,Single,Nursing,Secondary education,Yes,Yes,Yes,Yes,Yes,13.9,-0.3,0.79,Dropout
Female,22,Single,Journalism and Communication,Secondary education,Yes,Yes,Yes,Yes,Yes,12.4,0.5,1.79,Graduate
Female,28,Married,Management (evening attendance),Secondary education,Yes,Yes,Yes,Yes,Yes,7.6,2.6,0.32,Dropout
Female,37,Married,Social Service (evening attendance),12th year of schooling - not completed,Yes,Yes,Yes,Yes,Yes,9.4,-0.8,-3.12,Dropout
Female,43,Married,Agronomy,Technological specialization course,Yes,Yes,Yes,Yes,Yes,15.5,2.8,-4.06,Graduate
Female,41,Legally Separated,Social Service (evening attendance),Secondary education,Yes,Yes,Yes,Yes,Yes,13.9,-0.3,0.79,Graduate
Female,29,Divorced,Social Service (evening attendance),Basic education 3rd cycle (9th/10th/11th year) or equiv.,Yes,Yes,Yes,Yes,Yes,10.8,1.4,1.74,Graduate
Female,35,Single,Social Service (evening attendance),Secondary education,Yes,Yes,Yes,Yes,Yes,10.8,1.4,1.74,Graduate
Female,18,Single,Social Service,Secondary education,Yes,Yes,Yes,Yes,Yes,9.4,-0.8,-3.12,Dropout
Female,39,Single,Nursing,Basic education 3rd cycle (9th/10th/11th year) or equiv.,No,No,No,No,No,16.2,0.3,-0.92,Dropout
Female,37,Divorced,Management (evening attendance),Secondary education,Yes,Yes,Yes,Yes,Yes,12.7,3.7,-1.7,Enrolled
Female,26,Single,Nursing,Secondary education,Yes,Yes,Yes,Yes,Yes,7.6,2.6,0.32,Graduate
Female,32,Single,Veterinary Nursing,Higher education - degree,Yes,Yes,Yes,Yes,Yes,10.8,1.4,1.74,Dropout
Female,37,Married,Social Service (evening attendance),Secondary education,Yes,Yes,Yes,Yes,Yes,13.9,-0.3,0.79,Enrolled
Female,28,Single,Veterinary Nursing,Secondary education,Yes,Yes,Yes,Yes,Yes,8.9,1.4,3.51,Enrolled
Female,19,Single,Social Service,Secondary education,Yes,Yes,Yes,Yes,Yes,7.6,2.6,0.32,Dropout
Female,18,Single,Management,Secondary education,Yes,Yes,Yes,Yes,Yes,7.6,2.6,0.32,Enrolled
Female,19,Single,Basic Education,Secondary education,Yes,Yes,Yes,Yes,Yes,12.4,0.5,1.79,Graduate
Female,32,Married,Advertising and Marketing Management,Higher education - degree,Yes,Yes,Yes,Yes,Yes,13.9,-0.3,0.79,Graduate
Female,31,Married,Management,Secondary education,Yes,Yes,Yes,Yes,Yes,7.6,2.6,0.32,Dropout
Female,34,Single,Nursing,Secondary education,Yes,Yes,Yes,Yes,Yes,10.8,1.4,1.74,Enrolled
Female,20,Single,Animation and Multimedia Design,Secondary education,Yes,Yes,Yes,Yes,Yes,8.9,1.4,3.51,Graduate
Female,28,Single,Nursing,Basic education 3rd cycle (9th/10th/11th year) or equiv.,Yes,Yes,Yes,Yes,Yes,13.9,-0.3,0.79,Dropout
Female,31,Single,Management (evening attendance),Technological specialization course,Yes,Yes,Yes,Yes,Yes,9.4,-0.8,-3.12,Enrolled
Female,18,Single,Journalism and Communication,Secondary education,Yes,Yes,Yes,Yes,Yes,7.6,2.6,0.32,Enrolled
Female,31,Divorced,Social Service (evening attendance),Basic education 3rd cycle (9th/10th/11th year) or equiv.,No,No,No,No,No,9.4,-0.8,-3.12,Dropout
Female,19,Single,Journalism and Communication,Secondary education,Yes,Yes,Yes,Yes,Yes,12.4,0.5,1.79,Graduate
Female,19,Single,Social Service,Secondary education,Yes,Yes,Yes,Yes,Yes,16.2,0.3,-0.92,Graduate
Female,31,Married,Social Service,Basic education 3rd cycle (9th/10th/11th year) or equiv.,Yes,Yes,Yes,Yes,Yes,9.4,-0.8,-3.12,Enrolled
Female,34,Single,Veterinary Nursing,Higher education - degree,Yes,Yes,Yes,Yes,Yes,15.5,2.8,-4.06,Dropout
Female,18,Single,Oral Hygiene,Secondary education,Yes,Yes,Yes,Yes,Yes,12.4,0.5,1.79,Graduate
Female,18,Single,Tourism,Secondary education,Yes,Yes,Yes,Yes,Yes,11.1,0.6,2.02,Graduate
Male,19,Single,Management,Secondary education,Yes,Yes,Yes,Yes,Yes,16.2,0.3,-0.92,Graduate
Male,22,Single,Journalism and Communication,Secondary education,No,No,No,No,No,7.6,2.6,0.32,Dropout
Male,32,Married,Advertising and Marketing Management,Secondary education,Yes,Yes,Yes,Yes,Yes,7.6,2.6,0.32,Graduate
Male,61,Single,Management,Secondary education,Yes,Yes,Yes,Yes,Yes,15.5,2.8,-4.06,Dropout
Male,30,Single,Management (evening attendance),Secondary education,Yes,Yes,Yes,Yes,Yes,7.6,2.6,0.32,Graduate
Male,45,Married,Management (evening attendance),Secondary education,No,No,No,No,No,12.4,0.5,1.79,Dropout
Male,20,Single,Agronomy,Technological specialization course,Yes,Yes,Yes,Yes,Yes,12.4,0.5,1.79,Graduate
Female,19,Single,Nursing,Secondary education,Yes,Yes,Yes,Yes,Yes,9.4,-0.8,-3.12,Dropout
Male,26,Single,Informatics Engineering,Secondary education,Yes,Yes,Yes,Yes,Yes,7.6,2.6,0.32,Dropout
Male,19,Single,Advertising and Marketing Management,Secondary education,Yes,Yes,Yes,Yes,Yes,7.6,2.6,0.32,Dropout
Male,19,Single,Journalism and Communication,Secondary education,Yes,Yes,Yes,Yes,Yes,16.2,0.3,-0.92,Graduate
Male,19,Single,Journalism and Communication,Secondary education,Yes,Yes,Yes,Yes,Yes,12.4,0.5,1.79,Graduate
Male,19,Single,Management,Secondary education,Yes,Yes,Yes,Yes,Yes,16.2,0.3,-0.92,Graduate
Male,19,Single,Advertising and Marketing Management,Secondary education,No,No,No,No,No,7.6,2.6,0.32,Dropout
Male,28,Single,Advertising and Marketing Management,Secondary education,No,No,No,No,No,7.6,2.6,0.32,Dropout
Male,24,Single,Management,Secondary education,Yes,Yes,Yes,Yes,Yes,9.4,-0.8,-3.12,Graduate
Male,18,Single,Equinculture,Secondary education,Yes,Yes,Yes,Yes,Yes,7.6,2.6,0.32,Graduate
Male,18,Single,Informatics Engineering,Secondary education,Yes,Yes,Yes,Yes,Yes,7.6,2.6,0.32,Enrolled
Male,18,Single,Journalism and Communication,Secondary education,Yes,Yes,Yes,Yes,Yes,12.4,0.5,1.79,Graduate
Male,21,Single,Agronomy,Technological specialization course,Yes,Yes,Yes,Yes,Yes,8.9,1.4,3.51,Graduate
Male,28,Married,Management (evening attendance),Secondary education,No,No,No,No,No,12.4,0.5,1.79,Dropout
Male,58,Single,Agronomy,Other - 11th year of schooling,Yes,Yes,Yes,Yes,Yes,13.9,-0.3,0.79,Dropout
Male,49,Married,Management (evening attendance),Secondary education,No,No,No,No,No,7.6,2.6,0.32,Dropout
Male,24,Single,Informatics Engineering,Secondary education,Yes,Yes,Yes,Yes,Yes,15.5,2.8,-4.06,Enrolled
Male,25,Single,Advertising and Marketing Management,Secondary education,Yes,Yes,Yes,Yes,Yes,7.6,2.6,0.32,Graduate
Male,33,Divorced,Management,Secondary education,Yes,Yes,Yes,Yes,Yes,7.6,2.6,0.32,Dropout
Male,33,Married,Informatics Engineering,Basic education 3rd cycle (9th/10th/11th year) or equiv.,No,No,No,No,No,9.4,-0.8,-3.12,Dropout
Male,40,Married,Basic Education,Secondary education,Yes,Yes,Yes,Yes,Yes,13.9,-0.3,0.79,Graduate
Male,48,Married,Management (evening attendance),Secondary education,Yes,Yes,Yes,Yes,Yes,16.2,0.3,-0.92,Graduate
Male,18,Single,Informatics Engineering,Secondary education,No,No,No,No,No,8.9,1.4,3.51,Enrolled
Male,24,Single,Nursing,Basic education 3rd cycle (9th/10th/11th year) or equiv.,Yes,Yes,Yes,Yes,Yes,7.6,2.6,0.32,Graduate
Male,23,Married,Veterinary Nursing,Secondary education,Yes,Yes,Yes,Yes,Yes,10.8,1.4,1.74,Graduate
Male,39,Single,Management (evening attendance),Basic education 3rd cycle (9th/10th/11th year) or equiv.,No,No,No,No,No,10.8,1.4,1.74,Dropout
Male,21,Single,Agronomy,Secondary education,Yes,Yes,Yes,Yes,Yes,15.5,2.8,-4.06,Graduate
Male,34,Single,Informatics Engineering,Frequency of higher education,Yes,Yes,Yes,Yes,Yes,7.6,2.6,0.32,Dropout
Male,41,Married,Management (evening attendance),Secondary education,Yes,Yes,Yes,Yes,Yes,8.9,1.4,3.51,Enrolled
Male,18,Single,Journalism and Communication,Secondary education,Yes,Yes,Yes,Yes,Yes,12.7,3.7,-1.7,Graduate
Male,34,Married,Management (evening attendance),Secondary education,Yes,Yes,Yes,Yes,Yes,13.9,-0.3,0.79,Enrolled
Male,19,Single,Management,Secondary education,Yes,Yes,Yes,Yes,Yes,7.6,2.6,0.32,Dropout
Male,19,Single,Nursing,Secondary education,Yes,Yes,Yes,Yes,Yes,12.7,3.7,-1.7,Graduate
Male,28,Single,Agronomy,Higher education - master's,Yes,Yes,Yes,Yes,Yes,16.2,0.3,-0.92,Graduate
Male,18,Single,Communication Design,Secondary education,Yes,Yes,Yes,Yes,Yes,7.6,2.6,0.32,Dropout
Male,19,Single,Social Service,Secondary education,Yes,Yes,Yes,Yes,Yes,11.1,0.6,2.02,Dropout
Male,19,Single,Veterinary Nursing,Secondary education,No,No,No,No,No,12.4,0.5,1.79,Dropout
Female,18,Single,Nursing,Secondary education,Yes,Yes,Yes,Yes,Yes,16.2,0.3,-0.92,Graduate
Female,18,Single,Equinculture,Secondary education,Yes,Yes,Yes,Yes,Yes,12.4,0.5,1.79,Graduate
Female,18,Single,Journalism and Communication,Secondary education,Yes,Yes,Yes,Yes,Yes,11.1,0.6,2.02,Dropout
Female,19,Single,Social Service,Technological specialization course,Yes,Yes,Yes,Yes,Yes,12.4,0.5,1.79,Graduate
Female,31,Married,Social Service,Higher education - degree,Yes,Yes,Yes,Yes,Yes,12.7,3.7,-1.7,Graduate
Female,33,Single,Social Service (evening attendance),Secondary education,Yes,Yes,Yes,Yes,Yes,12.7,3.7,-1.7,Graduate
Female,20,Single,Nursing,Secondary education,Yes,Yes,Yes,Yes,Yes,12.4,0.5,1.79,Enrolled
Female,22,Single,Veterinary Nursing,Technological specialization course,Yes,Yes,Yes,Yes,Yes,12.4,0.5,1.79,Enrolled
Female,19,Single,Tourism,Secondary education,Yes,Yes,Yes,Yes,Yes,11.1,0.6,2.02,Graduate
Female,18,Single,Communication Design,Secondary education,Yes,Yes,Yes,Yes,Yes,7.6,2.6,0.32,Dropout
Female,18,Single,Communication Design,Secondary education,Yes,Yes,Yes,Yes,Yes,15.5,2.8,-4.06,Dropout
Female,18,Single,Advertising and Marketing Management,Secondary education,No,No,No,No,No,8.9,1.4,3.51,Dropout
Female,18,Single,Animation and Multimedia Design,Secondary education,Yes,Yes,Yes,Yes,Yes,11.1,0.6,2.02,Graduate
Female,19,Single,Management,Secondary education,Yes,Yes,Yes,Yes,Yes,12.4,0.5,1.79,Graduate
Female,18,Single,Social Service,Secondary education,Yes,Yes,Yes,Yes,Yes,11.1,0.6,2.02,Dropout
Female,18,Single,Veterinary Nursing,Secondary education,Yes,Yes,Yes,Yes,Yes,12.7,3.7,-1.7,Graduate
Female,18,Single,Nursing,Secondary education,Yes,Yes,Yes,Yes,Yes,12.7,3.7,-1.7,Graduate
Female,21,Single,Social Service,Professional higher technical course,Yes,Yes,Yes,Yes,Yes,8.9,1.4,3.51,Graduate
Female,18,Single,Nursing,Secondary education,Yes,Yes,Yes,Yes,Yes,12.7,3.7,-1.7,Graduate
Female,18,Single,Advertising and Marketing Management,Secondary education,Yes,Yes,Yes,Yes,Yes,11.1,0.6,2.02,Graduate
Female,18,Single,Nursing,Secondary education,Yes,Yes,Yes,Yes,Yes,15.5,2.8,-4.06,Graduate
Female,20,Single,Nursing,Secondary education,Yes,Yes,Yes,Yes,Yes,16.2,0.3,-0.92,Graduate
Female,18,Single,Management,Secondary education,Yes,Yes,Yes,Yes,Yes,12.7,3.7,-1.7,Graduate
Female,18,Single,Journalism and Communication,Secondary education,Yes,Yes,Yes,Yes,Yes,11.1,0.6,2.02,Dropout
Female,20,Single,Management,Secondary education,Yes,Yes,Yes,Yes,Yes,8.9,1.4,3.51,Graduate
Female,20,Single,Tourism,Secondary education,Yes,Yes,Yes,Yes,Yes,12.4,0.5,1.79,Graduate
Female,19,Single,Management,Secondary education,Yes,Yes,Yes,Yes,Yes,11.1,0.6,2.02,Dropout
Female,19,Single,Communication Design,Secondary education,Yes,Yes,Yes,Yes,Yes,11.1,0.6,2.02,Graduate
Female,18,Single,Advertising and Marketing Management,Secondary education,No,No,No,No,No,12.7,3.7,-1.7,Dropout
Female,19,Single,Journalism and Communication,Secondary education,Yes,Yes,Yes,Yes,Yes,15.5,2.8,-4.06,Graduate
Female,20,Single,Nursing,Secondary education,Yes,Yes,Yes,Yes,Yes,9.4,-0.8,-3.12,Graduate
Female,21,Single,Management,Technological specialization course,Yes,Yes,Yes,Yes,Yes,11.1,0.6,2.02,Graduate
Female,21,Single,Nursing,Secondary education,Yes,Yes,Yes,Yes,Yes,10.8,1.4,1.74,Graduate
Female,20,Single,Communication Design,Secondary education,Yes,Yes,Yes,Yes,Yes,11.1,0.6,2.02,Graduate
Female,19,Single,Basic Education,Secondary education,Yes,Yes,Yes,Yes,Yes,8.9,1.4,3.51,Graduate
Female,21,Single,Veterinary Nursing,Secondary education,No,No,No,No,No,7.6,2.6,0.32,Dropout
Female,18,Single,Veterinary Nursing,Secondary education,Yes,Yes,Yes,Yes,Yes,7.6,2.6,0.32,Graduate
Female,19,Single,Tourism,Secondary education,Yes,Yes,Yes,Yes,Yes,8.9,1.4,3.51,Graduate
Female,18,Single,Nursing,Secondary education,Yes,Yes,Yes,Yes,Yes,13.9,-0.3,0.79,Graduate
Female,19,Single,Nursing,Secondary education,Yes,Yes,Yes,Yes,Yes,12.7,3.7,-1.7,Graduate
Female,18,Single,Management,Secondary education,Yes,Yes,Yes,Yes,Yes,13.9,-0.3,0.79,Graduate
Female,18,Single,Basic Education,Secondary education,Yes,Yes,Yes,Yes,Yes,15.5,2.8,-4.06,Enrolled
Female,18,Single,Journalism and Communication,Secondary education,Yes,Yes,Yes,Yes,Yes,13.9,-0.3,0.79,Graduate
Female,18,Single,Veterinary Nursing,Secondary education,Yes,Yes,Yes,Yes,Yes,10.8,1.4,1.74,Graduate
Female,18,Single,Communication Design,Secondary education,Yes,Yes,Yes,Yes,Yes,12.4,0.5,1.79,Dropout
Female,18,Single,Communication Design,Secondary education,Yes,Yes,Yes,Yes,Yes,11.1,0.6,2.02,Enrolled
Female,18,Single,Social Service,Secondary education,Yes,Yes,Yes,Yes,Yes,11.1,0.6,2.02,Dropout
Female,18,Single,Social Service,Secondary education,Yes,Yes,Yes,Yes,Yes,10.8,1.4,1.74,Graduate
Female,20,Single,Veterinary Nursing,Secondary education,Yes,Yes,Yes,Yes,Yes,13.9,-0.3,0.79,Graduate
Female,18,Single,Basic Education,Secondary education,Yes,Yes,Yes,Yes,Yes,15.5,2.8,-4.06,Enrolled
Female,18,Single,Communication Design,Secondary education,Yes,Yes,Yes,Yes,Yes,16.2,0.3,-0.92,Graduate
Female,20,Single,Nursing,Secondary education,Yes,Yes,Yes,Yes,Yes,10.8,1.4,1.74,Graduate
Female,40,Divorced,Advertising and Marketing Management,Secondary education,Yes,Yes,Yes,Yes,Yes,9.4,-0.8,-3.12,Graduate
Female,18,Single,Nursing,Secondary education,Yes,Yes,Yes,Yes,Yes,15.5,2.8,-4.06,Graduate
Female,19,Single,Tourism,Secondary education,Yes,Yes,Yes,Yes,Yes,13.9,-0.3,0.79,Graduate
Female,24,Single,Management (evening attendance),Higher education - degree (1st cycle),Yes,Yes,Yes,Yes,Yes,12.4,0.5,1.79,Dropout
Female,19,Single,Journalism and Communication,Secondary education,Yes,Yes,Yes,Yes,Yes,10.8,1.4,1.74,Dropout
Female,19,Single,Nursing,Secondary education,Yes,Yes,Yes,Yes,Yes,10.8,1.4,1.74,Graduate
Female,20,Single,Nursing,Secondary education,Yes,Yes,Yes,Yes,Yes,11.1,0.6,2.02,Graduate
Female,18,Single,Nursing,Secondary education,Yes,Yes,Yes,Yes,Yes,12.4,0.5,1.79,Graduate
Female,18,Single,Animation and Multimedia Design,Secondary education,Yes,Yes,Yes,Yes,Yes,13.9,-0.3,0.79,Graduate
Female,19,Single,Nursing,Secondary education,Yes,Yes,Yes,Yes,Yes,13.9,-0.3,0.79,Graduate
Female,18,Single,Nursing,Secondary education,Yes,Yes,Yes,Yes,Yes,13.9,-0.3,0.79,Dropout
Female,19,Single,Veterinary Nursing,Technological specialization course,Yes,Yes,Yes,Yes,Yes,12.4,0.5,1.79,Graduate
Female,19,Single,Nursing,Secondary education,Yes,Yes,Yes,Yes,Yes,13.9,-0.3,0.79,Graduate
Female,19,Single,Nursing,Secondary education,Yes,Yes,Yes,Yes,Yes,12.4,0.5,1.79,Graduate
Female,19,Single,Nursing,Secondary education,Yes,Yes,Yes,Yes,Yes,11.1,0.6,2.02,Dropout
Female,19,Single,Nursing,Secondary education,Yes,Yes,Yes,Yes,Yes,7.6,2.6,0.32,Graduate
Female,25,Single,Advertising and Marketing Management,Other - 11th year of schooling,No,No,No,No,No,9.4,-0.8,-3.12,Dropout
Female,20,Single,Nursing,Secondary education,Yes,Yes,Yes,Yes,Yes,12.7,3.7,-1.7,Graduate
Female,23,Single,Social Service,Professional higher technical course,No,No,No,No,No,8.9,1.4,3.51,Dropout
Female,20,Single,Communication Design,Secondary education,Yes,Yes,Yes,Yes,Yes,15.5,2.8,-4.06,Dropout
Female,27,Single,Social Service (evening attendance),Secondary education,Yes,Yes,Yes,Yes,Yes,11.1,0.6,2.02,Graduate
Female,18,Single,Nursing,Secondary education,Yes,Yes,Yes,Yes,Yes,9.4,-0.8,-3.12,Graduate
Female,18,Single,Basic Education,Secondary education,Yes,Yes,Yes,Yes,Yes,9.4,-0.8,-3.12,Enrolled
Female,23,Single,Social Service (evening attendance),Higher education - degree (1st cycle),No,No,No,No,No,13.9,-0.3,0.79,Dropout
Female,19,Single,Nursing,Secondary education,Yes,Yes,Yes,Yes,Yes,7.6,2.6,0.32,Graduate
Female,18,Single,Management,Secondary education,Yes,Yes,Yes,Yes,Yes,15.5,2.8,-4.06,Graduate
Female,20,Single,Nursing,Secondary education,Yes,Yes,Yes,Yes,Yes,13.9,-0.3,0.79,Graduate
Female,18,Single,Advertising and Marketing Management,Secondary education,Yes,Yes,Yes,Yes,Yes,12.4,0.5,1.79,Graduate
Female,19,Single,Nursing,Secondary education,Yes,Yes,Yes,Yes,Yes,9.4,-0.8,-3.12,Graduate
Female,19,Single,Social Service,Technological specialization course,Yes,Yes,Yes,Yes,Yes,12.4,0.5,1.79,Graduate
Female,19,Single,Basic Education,Secondary education,Yes,Yes,Yes,Yes,Yes,9.4,-0.8,-3.12,Enrolled
Female,18,Single,Veterinary Nursing,Secondary education,Yes,Yes,Yes,Yes,Yes,7.6,2.6,0.32,Graduate
Female,18,Single,Social Service,Secondary education,Yes,Yes,Yes,Yes,Yes,9.4,-0.8,-3.12,Graduate
Female,18,Single,Journalism and Communication,Secondary education,Yes,Yes,Yes,Yes,Yes,11.1,0.6,2.02,Graduate
Female,28,Single,Basic Education,Secondary education,No,No,No,No,No,15.5,2.8,-4.06,Dropout
Female,19,Single,Tourism,Secondary education,Yes,Yes,Yes,Yes,Yes,7.6,2.6,0.32,Dropout
Female,20,Single,Animation and Multimedia Design,Secondary education,Yes,Yes,Yes,Yes,Yes,13.9,-0.3,0.79,Dropout
Female,19,Single,Nursing,Secondary education,Yes,Yes,Yes,Yes,Yes,12.4,0.5,1.79,Graduate
Female,20,Single,Communication Design,Secondary education,Yes,Yes,Yes,Yes,Yes,11.1,0.6,2.02,Graduate
Female,19,Single,Tourism,Secondary education,Yes,Yes,Yes,Yes,Yes,12.4,0.5,1.79,Graduate
Female,21,Single,Communication Design,Secondary education,Yes,Yes,Yes,Yes,Yes,8.9,1.4,3.51,Enrolled
Female,19,Single,Basic Education,Secondary education,Yes,Yes,Yes,Yes,Yes,11.1,0.6,2.02,Graduate
Female,18,Single,Communication Design,Secondary education,Yes,Yes,Yes,Yes,Yes,13.9,-0.3,0.79,Graduate
Female,19,Single,Equinculture,Secondary education,Yes,Yes,Yes,Yes,Yes,15.5,2.8,-4.06,Dropout
Female,19,Single,Advertising and Marketing Management,Secondary education,Yes,Yes,Yes,Yes,Yes,8.9,1.4,3.51,Graduate
Female,20,Single,Journalism and Communication,Secondary education,Yes,Yes,Yes,Yes,Yes,16.2,0.3,-0.92,Graduate
Female,18,Single,Basic Education,Secondary education,Yes,Yes,Yes,Yes,Yes,13.9,-0.3,0.79,Enrolled
Female,18,Single,Animation and Multimedia Design,Secondary education,Yes,Yes,Yes,Yes,Yes,15.5,2.8,-4.06,Enrolled
Female,18,Single,Equinculture,Secondary education,Yes,Yes,Yes,Yes,Yes,7.6,2.6,0.32,Graduate
Female,18,Single,Journalism and Communication,Secondary education,Yes,Yes,Yes,Yes,Yes,8.9,1.4,3.51,Dropout
Female,18,Single,Social Service,Secondary education,Yes,Yes,Yes,Yes,Yes,7.6,2.6,0.32,Graduate
Female,20,Single,Journalism and Communication,Secondary education,Yes,Yes,Yes,Yes,Yes,15.5,2.8,-4.06,Dropout
Female,19,Single,Nursing,Secondary education,Yes,Yes,Yes,Yes,Yes,12.4,0.5,1.79,Graduate
Female,21,Single,Basic Education,Secondary education,No,No,No,No,No,15.5,2.8,-4.06,Dropout
Female,20,Single,Advertising and Marketing Management,Higher education - degree,No,No,No,No,No,10.8,1.4,1.74,Dropout
Female,18,Single,Tourism,Secondary education,Yes,Yes,Yes,Yes,Yes,9.4,-0.8,-3.12,Graduate
Female,20,Single,Journalism and Communication,Secondary education,Yes,Yes,Yes,Yes,Yes,10.8,1.4,1.74,Graduate
Female,19,Single,Nursing,Secondary education,Yes,Yes,Yes,Yes,Yes,9.4,-0.8,-3.12,Graduate
Female,22,Single,Veterinary Nursing,Frequency of higher education,Yes,Yes,Yes,Yes,Yes,9.4,-0.8,-3.12,Dropout
Female,22,Single,Equinculture,Secondary education,No,No,No,No,No,9.4,-0.8,-3.12,Dropout
Female,18,Single,Basic Education,Secondary education,Yes,Yes,Yes,Yes,Yes,10.8,1.4,1.74,Enrolled
Female,21,Single,Management,Secondary education,Yes,Yes,Yes,Yes,Yes,7.6,2.6,0.32,Enrolled
Female,19,Single,Social Service,Secondary education,Yes,Yes,Yes,Yes,Yes,7.6,2.6,0.32,Graduate
Female,19,Single,Animation and Multimedia Design,Secondary education,Yes,Yes,Yes,Yes,Yes,10.8,1.4,1.74,Dropout
Female,20,Single,Nursing,Secondary education,Yes,Yes,Yes,Yes,Yes,9.4,-0.8,-3.12,Dropout
Female,18,Single,Nursing,Secondary education,Yes,Yes,Yes,Yes,Yes,15.5,2.8,-4.06,Graduate
Female,22,Single,Management (evening attendance),Professional higher technical course,No,No,No,No,No,8.9,1.4,3.51,Dropout
Female,20,Single,Veterinary Nursing,Secondary education,Yes,Yes,Yes,Yes,Yes,7.6,2.6,0.32,Graduate
Female,19,Single,Agronomy,Technological specialization course,Yes,Yes,Yes,Yes,Yes,12.4,0.5,1.79,Graduate
Female,19,Single,Nursing,Secondary education,Yes,Yes,Yes,Yes,Yes,12.4,0.5,1.79,Graduate
Female,20,Single,Nursing,Secondary education,Yes,Yes,Yes,Yes,Yes,11.1,0.6,2.02,Enrolled
Female,25,Single,Management (evening attendance),Secondary education,Yes,Yes,Yes,Yes,Yes,15.5,2.8,-4.06,Enrolled
Female,19,Single,Nursing,Secondary education,Yes,Yes,Yes,Yes,Yes,15.5,2.8,-4.06,Graduate
Female,19,Single,Nursing,Secondary education,Yes,Yes,Yes,Yes,Yes,9.4,-0.8,-3.12,Graduate
Female,19,Single,Communication Design,Secondary education,No,No,No,No,No,10.8,1.4,1.74,Dropout
Female,20,Single,Nursing,Secondary education,Yes,Yes,Yes,Yes,Yes,13.9,-0.3,0.79,Graduate
Female,25,Single,Oral Hygiene,Secondary education,Yes,Yes,Yes,Yes,Yes,12.4,0.5,1.79,Enrolled
Female,20,Single,Nursing,Secondary education,Yes,Yes,Yes,Yes,Yes,7.6,2.6,0.32,Graduate
Female,24,Single,Social Service,Secondary education,Yes,Yes,Yes,Yes,Yes,9.4,-0.8,-3.12,Enrolled
Female,20,Single,Advertising and Marketing Management,Secondary education,Yes,Yes,Yes,Yes,Yes,7.6,2.6,0.32,Graduate
Female,21,Single,Nursing,Secondary education,Yes,Yes,Yes,Yes,Yes,15.5,2.8,-4.06,Graduate
Female,19,Single,Agronomy,Technological specialization course,Yes,Yes,Yes,Yes,Yes,15.5,2.8,-4.06,Graduate
Female,19,Single,Journalism and Communication,Secondary education,Yes,Yes,Yes,Yes,Yes,16.2,0.3,-0.92,Graduate
Female,21,Single,Advertising and Marketing Management,Secondary education,Yes,Yes,Yes,Yes,Yes,9.4,-0.8,-3.12,Graduate
Female,28,Single,Nursing,Higher education - degree,Yes,Yes,Yes,Yes,Yes,15.5,2.8,-4.06,Graduate
Female,19,Single,Social Service,Secondary education,No,No,No,No,No,10.8,1.4,1.74,Graduate
Female,18,Single,Management,Secondary education,Yes,Yes,Yes,Yes,Yes,12.4,0.5,1.79,Graduate
Female,18,De Facto Union,Nursing,Secondary education,Yes,Yes,Yes,Yes,Yes,12.7,3.7,-1.7,Graduate
Female,18,Single,Nursing,Secondary education,Yes,Yes,Yes,Yes,Yes,9.4,-0.8,-3.12,Graduate
Female,22,Single,Nursing,Secondary education,Yes,Yes,Yes,Yes,Yes,12.7,3.7,-1.7,Graduate
Female,19,Single,Management,Secondary education,Yes,Yes,Yes,Yes,Yes,12.4,0.5,1.79,Enrolled
Female,18,Single,Nursing,Secondary education,Yes,Yes,Yes,Yes,Yes,13.9,-0.3,0.79,Graduate
Female,20,Single,Tourism,Secondary education,No,No,No,No,No,15.5,2.8,-4.06,Dropout
Female,26,Single,Animation and Multimedia Design,Technological specialization course,No,No,No,No,No,12.4,0.5,1.79,Dropout
Female,18,Single,Communication Design,Secondary education,Yes,Yes,Yes,Yes,Yes,10.8,1.4,1.74,Graduate
Female,21,Single,Tourism,Secondary education,Yes,Yes,Yes,Yes,Yes,10.8,1.4,1.74,Dropout
Female,18,Single,Nursing,Secondary education,Yes,Yes,Yes,Yes,Yes,10.8,1.4,1.74,Graduate
Female,20,Single,Veterinary Nursing,Secondary education,Yes,Yes,Yes,Yes,Yes,15.5,2.8,-4.06,Graduate
Female,18,Single,Nursing,Secondary education,Yes,Yes,Yes,Yes,Yes,15.5,2.8,-4.06,Graduate
Female,19,Single,Management,Secondary education,Yes,Yes,Yes,Yes,Yes,12.7,3.7,-1.7,Enrolled
Female,20,Single,Advertising and Marketing Management,Secondary education,Yes,Yes,Yes,Yes,Yes,7.6,2.6,0.32,Dropout
Female,18,Single,Basic Education,Secondary education,Yes,Yes,Yes,Yes,Yes,12.7,3.7,-1.7,Graduate
Female,20,Single,Management,Secondary education,Yes,Yes,Yes,Yes,Yes,10.8,1.4,1.74,Enrolled
Female,22,Single,Social Service (evening attendance),Secondary education,Yes,Yes,Yes,Yes,Yes,7.6,2.6,0.32,Graduate
Female,18,Single,Animation and Multimedia Design,Secondary education,Yes,Yes,Yes,Yes,Yes,7.6,2.6,0.32,Enrolled
Female,21,Single,Management (evening attendance),Secondary education,Yes,Yes,Yes,Yes,Yes,8.9,1.4,3.51,Graduate
Female,18,Single,Basic Education,Secondary education,Yes,Yes,Yes,Yes,Yes,13.9,-0.3,0.79,Enrolled
Female,18,Single,Nursing,Secondary education,Yes,Yes,Yes,Yes,Yes,12.7,3.7,-1.7,Graduate
Female,18,Single,Communication Design,Secondary education,Yes,Yes,Yes,Yes,Yes,8.9,1.4,3.51,Graduate
Female,19,Single,Animation and Multimedia Design,Secondary education,Yes,Yes,Yes,Yes,Yes,15.5,2.8,-4.06,Dropout
Female,19,Single,Management,Secondary education,Yes,Yes,Yes,Yes,Yes,10.8,1.4,1.74,Enrolled
Female,19,Single,Nursing,Secondary education,Yes,Yes,Yes,Yes,Yes,16.2,0.3,-0.92,Enrolled
Female,19,Single,Nursing,Secondary education,Yes,Yes,Yes,Yes,Yes,10.8,1.4,1.74,Graduate
Female,19,Single,Management,Secondary education,Yes,Yes,Yes,Yes,Yes,8.9,1.4,3.51,Enrolled
Female,19,Single,Tourism,Secondary education,No,No,No,No,No,10.8,1.4,1.74,Dropout
Female,21,Single,Tourism,Secondary education,Yes,Yes,Yes,Yes,Yes,8.9,1.4,3.51,Graduate
Female,20,Single,Journalism and Communication,Secondary education,Yes,Yes,Yes,Yes,Yes,15.5,2.8,-4.06,Graduate
Female,20,Single,Management,Secondary education,Yes,Yes,Yes,Yes,Yes,11.1,0.6,2.02,Graduate
Female,41,Single,Management (evening attendance),Basic education 3rd cycle (9th/10th/11th year) or equiv.,Yes,Yes,Yes,Yes,Yes,7.6,2.6,0.32,Graduate
Female,32,Divorced,Nursing,Higher education - degree (1st cycle),Yes,Yes,Yes,Yes,Yes,12.4,0.5,1.79,Enrolled
Female,18,Single,Nursing,Secondary education,Yes,Yes,Yes,Yes,Yes,10.8,1.4,1.74,Graduate
Female,35,Divorced,Social Service (evening attendance),Secondary education,Yes,Yes,Yes,Yes,Yes,15.5,2.8,-4.06,Graduate
Female,32,Single,Nursing,Secondary education,No,No,No,No,No,16.2,0.3,-0.92,Dropout
Female,37,Single,Social Service (evening attendance),Higher education - degree (1st cycle),Yes,Yes,Yes,Yes,Yes,12.4,0.5,1.79,Graduate
Female,30,Married,Management,Higher education - degree,Yes,Yes,Yes,Yes,Yes,12.7,3.7,-1.7,Dropout
Male,23,Single,Journalism and Communication,Secondary education,Yes,Yes,Yes,Yes,Yes,7.6,2.6,0.32,Graduate
Female,20,Single,Journalism and Communication,Secondary education,Yes,Yes,Yes,Yes,Yes,15.5,2.8,-4.06,Dropout
Male,21,Single,Advertising and Marketing Management,Secondary education,Yes,Yes,Yes,Yes,Yes,9.4,-0.8,-3.12,Graduate
Male,19,Single,Management,Secondary education,Yes,Yes,Yes,Yes,Yes,12.4,0.5,1.79,Graduate
Male,18,Single,Nursing,Secondary education,Yes,Yes,Yes,Yes,Yes,10.8,1.4,1.74,Graduate
Male,18,Single,Informatics Engineering,Secondary education,Yes,Yes,Yes,Yes,Yes,10.8,1.4,1.74,Dropout
Male,24,Single,Management (evening attendance),Secondary education,Yes,Yes,Yes,Yes,Yes,12.4,0.5,1.79,Enrolled
Male,22,Single,Advertising and Marketing Management,Secondary education,Yes,Yes,Yes,Yes,Yes,12.7,3.7,-1.7,Graduate
Male,18,Single,Tourism,Secondary education,Yes,Yes,Yes,Yes,Yes,16.2,0.3,-0.92,Dropout
Female,18,Single,Social Service,Secondary education,Yes,Yes,Yes,Yes,Yes,9.4,-0.8,-3.12,Graduate
Male,21,Single,Communication Design,Secondary education,Yes,Yes,Yes,Yes,Yes,16.2,0.3,-0.92,Graduate
Female,38,Divorced,Nursing,Secondary education,Yes,Yes,Yes,Yes,Yes,16.2,0.3,-0.92,Dropout
Female,19,Single,Oral Hygiene,Secondary education,Yes,Yes,Yes,Yes,Yes,12.7,3.7,-1.7,Graduate
Female,36,Legally Separated,Nursing,Secondary education,Yes,Yes,Yes,Yes,Yes,16.2,0.3,-0.92,Dropout
Female,18,Single,Veterinary Nursing,Secondary education,Yes,Yes,Yes,Yes,Yes,12.7,3.7,-1.7,Graduate
Female,19,Single,Nursing,Secondary education,Yes,Yes,Yes,Yes,Yes,12.4,0.5,1.79,Graduate
Female,21,Single,Veterinary Nursing,Professional higher technical course,No,No,No,No,No,8.9,1.4,3.51,Dropout
Female,19,Single,Nursing,Secondary education,Yes,Yes,Yes,Yes,Yes,11.1,0.6,2.02,Enrolled
Female,18,Single,Social Service,Secondary education,Yes,Yes,Yes,Yes,Yes,16.2,0.3,-0.92,Graduate
Female,45,Married,Nursing,Higher education - degree,Yes,Yes,Yes,Yes,Yes,13.9,-0.3,0.79,Enrolled
Female,20,Single,Management,Secondary education,Yes,Yes,Yes,Yes,Yes,7.6,2.6,0.32,Dropout
Female,18,Single,Tourism,Secondary education,Yes,Yes,Yes,Yes,Yes,13.9,-0.3,0.79,Graduate
Female,18,Single,Advertising and Marketing Management,Secondary education,Yes,Yes,Yes,Yes,Yes,11.1,0.6,2.02,Graduate
Female,25,Single,Equinculture,Higher education - degree,Yes,Yes,Yes,Yes,Yes,10.8,1.4,1.74,Dropout
Female,19,Single,Nursing,Secondary education,Yes,Yes,Yes,Yes,Yes,10.8,1.4,1.74,Graduate
Female,18,Single,Animation and Multimedia Design,Secondary education,Yes,Yes,Yes,Yes,Yes,13.9,-0.3,0.79,Graduate
Female,39,Single,Tourism,Higher education - degree (1st cycle),Yes,Yes,Yes,Yes,Yes,13.9,-0.3,0.79,Graduate
Female,29,Married,Agronomy,Secondary education,Yes,Yes,Yes,Yes,Yes,15.5,2.8,-4.06,Graduate
Female,18,Single,Basic Education,Secondary education,Yes,Yes,Yes,Yes,Yes,13.9,-0.3,0.79,Enrolled
Female,23,Single,Communication Design,Higher education - degree,No,No,No,No,No,10.8,1.4,1.74,Dropout
Female,21,Single,Basic Education,Secondary education,Yes,Yes,Yes,Yes,Yes,12.7,3.7,-1.7,Dropout
Female,18,Single,Social Service,Secondary education,No,No,No,No,No,10.8,1.4,1.74,Graduate
Female,23,Single,Veterinary Nursing,Higher education - degree (1st cycle),Yes,Yes,Yes,Yes,Yes,12.4,0.5,1.79,Graduate
Female,18,Single,Equinculture,Secondary education,Yes,Yes,Yes,Yes,Yes,11.1,0.6,2.02,Graduate
Female,32,Married,Social Service (evening attendance),Basic education 3rd cycle (9th/10th/11th year) or equiv.,Yes,Yes,Yes,Yes,Yes,9.4,-0.8,-3.12,Graduate
Female,29,Married,Management,Secondary education,No,No,No,No,No,10.8,1.4,1.74,Dropout
Female,20,Single,Social Service,Secondary education,Yes,Yes,Yes,Yes,Yes,8.9,1.4,3.51,Graduate
Female,28,Single,Social Service,Secondary education,No,No,No,No,No,9.4,-0.8,-3.12,Dropout
Female,27,Single,Management,Higher education - degree,Yes,Yes,Yes,Yes,Yes,10.8,1.4,1.74,Graduate
Female,22,Single,Nursing,Secondary education,Yes,Yes,Yes,Yes,Yes,7.6,2.6,0.32,Graduate
Female,37,Married,Agronomy,Basic education 3rd cycle (9th/10th/11th year) or equiv.,Yes,Yes,Yes,Yes,Yes,16.2,0.3,-0.92,Enrolled
Female,28,Single,Social Service (evening attendance),Higher education - degree,No,No,No,No,No,12.7,3.7,-1.7,Dropout
Female,43,Married,Agronomy,Secondary education,No,No,No,No,No,8.9,1.4,3.51,Dropout
Female,32,Single,Oral Hygiene,Secondary education,No,No,No,No,No,10.8,1.4,1.74,Dropout
Female,20,Single,Social Service,Secondary education,Yes,Yes,Yes,Yes,Yes,15.5,2.8,-4.06,Enrolled
Female,35,Divorced,Nursing,Basic education 3rd cycle (9th/10th/11th year) or equiv.,Yes,Yes,Yes,Yes,Yes,9.4,-0.8,-3.12,Graduate
Female,21,Single,Advertising and Marketing Management,Secondary education,Yes,Yes,Yes,Yes,Yes,7.6,2.6,0.32,Graduate
Female,18,Single,Nursing,Secondary education,Yes,Yes,Yes,Yes,Yes,12.4,0.5,1.79,Enrolled
Female,18,Single,Nursing,Secondary education,Yes,Yes,Yes,Yes,Yes,16.2,0.3,-0.92,Graduate
Female,18,Single,Social Service,Secondary education,Yes,Yes,Yes,Yes,Yes,16.2,0.3,-0.92,Graduate
Female,22,Single,Social Service (evening attendance),Technological specialization course,Yes,Yes,Yes,Yes,Yes,12.4,0.5,1.79,Graduate
Female,19,Single,Nursing,Secondary education,Yes,Yes,Yes,Yes,Yes,10.8,1.4,1.74,Graduate
Female,18,Single,Management,Secondary education,Yes,Yes,Yes,Yes,Yes,13.9,-0.3,0.79,Graduate
Female,19,Single,Animation and Multimedia Design,Secondary education,Yes,Yes,Yes,Yes,Yes,12.4,0.5,1.79,Dropout
Female,18,Single,Nursing,Secondary education,Yes,Yes,Yes,Yes,Yes,11.1,0.6,2.02,Graduate
Female,31,Married,Management (evening attendance),Basic education 3rd cycle (9th/10th/11th year) or equiv.,No,No,No,No,No,16.2,0.3,-0.92,Dropout
Female,33,Married,Social Service (evening attendance),Basic education 3rd cycle (9th/10th/11th year) or equiv.,Yes,Yes,Yes,Yes,Yes,9.4,-0.8,-3.12,Graduate
Female,19,Single,Nursing,Secondary education,Yes,Yes,Yes,Yes,Yes,9.4,-0.8,-3.12,Graduate
Female,18,Single,Social Service,Secondary education,Yes,Yes,Yes,Yes,Yes,12.7,3.7,-1.7,Graduate
Female,23,Single,Management,Secondary education,Yes,Yes,Yes,Yes,Yes,7.6,2.6,0.32,Graduate
Female,20,Single,Social Service,Secondary education,Yes,Yes,Yes,Yes,Yes,9.4,-0.8,-3.12,Graduate
Female,18,Single,Nursing,Secondary education,Yes,Yes,Yes,Yes,Yes,9.4,-0.8,-3.12,Graduate
Female,21,Single,Veterinary Nursing,Professional higher technical course,Yes,Yes,Yes,Yes,Yes,8.9,1.4,3.51,Enrolled
Female,22,Single,Social Service,Secondary education,Yes,Yes,Yes,Yes,Yes,12.7,3.7,-1.7,Graduate
Female,20,Single,Social Service,Secondary education,Yes,Yes,Yes,Yes,Yes,9.4,-0.8,-3.12,Graduate
Female,23,Single,Nursing,Higher education - degree,Yes,Yes,Yes,Yes,Yes,7.6,2.6,0.32,Graduate
Female,19,Single,Journalism and Communication,Secondary education,Yes,Yes,Yes,Yes,Yes,16.2,0.3,-0.92,Graduate
Female,19,Single,Nursing,Secondary education,Yes,Yes,Yes,Yes,Yes,10.8,1.4,1.74,Graduate
Female,26,Single,Management (evening attendance),Secondary education,Yes,Yes,Yes,Yes,Yes,10.8,1.4,1.74,Dropout
Female,18,Single,Nursing,Secondary education,Yes,Yes,Yes,Yes,Yes,16.2,0.3,-0.92,Graduate
Male,18,Single,Informatics Engineering,Secondary education,Yes,Yes,Yes,Yes,Yes,9.4,-0.8,-3.12,Dropout
Male,20,Single,Agronomy,Technological specialization course,Yes,Yes,Yes,Yes,Yes,16.2,0.3,-0.92,Graduate
Male,19,Single,Advertising and Marketing Management,Secondary education,Yes,Yes,Yes,Yes,Yes,15.5,2.8,-4.06,Dropout
Male,32,Single,Management (evening attendance),Secondary education,No,No,No,No,No,10.8,1.4,1.74,Dropout
Male,31,Married,Equinculture,Secondary education,No,No,No,No,No,9.4,-0.8,-3.12,Dropout
Male,25,Single,Informatics Engineering,Basic education 3rd cycle (9th/10th/11th year) or equiv.,Yes,Yes,Yes,Yes,Yes,13.9,-0.3,0.79,Enrolled
Female,21,Single,Veterinary Nursing,Technological specialization course,Yes,Yes,Yes,Yes,Yes,16.2,0.3,-0.92,Graduate
Female,31,Married,Management (evening attendance),Secondary education,No,No,No,No,No,12.7,3.7,-1.7,Dropout
Female,34,Married,Basic Education,Secondary education,Yes,Yes,Yes,Yes,Yes,16.2,0.3,-0.92,Dropout
Female,18,Single,Social Service,Secondary education,Yes,Yes,Yes,Yes,Yes,11.1,0.6,2.02,Graduate
Female,19,Single,Social Service,Secondary education,Yes,Yes,Yes,Yes,Yes,12.4,0.5,1.79,Dropout
Female,21,Single,Advertising and Marketing Management,Professional higher technical course,Yes,Yes,Yes,Yes,Yes,8.9,1.4,3.51,Enrolled
Female,18,Single,Basic Education,Secondary education,No,No,No,No,No,9.4,-0.8,-3.12,Dropout
Female,20,Single,Tourism,Secondary education,Yes,Yes,Yes,Yes,Yes,11.1,0.6,2.02,Graduate
Female,20,Single,Journalism and Communication,Secondary education,Yes,Yes,Yes,Yes,Yes,15.5,2.8,-4.06,Graduate
Female,18,Single,Advertising and Marketing Management,Secondary education,Yes,Yes,Yes,Yes,Yes,11.1,0.6,2.02,Graduate
Female,19,Single,Social Service,Secondary education,Yes,Yes,Yes,Yes,Yes,7.6,2.6,0.32,Graduate
Female,19,Single,Veterinary Nursing,Secondary education,Yes,Yes,Yes,Yes,Yes,12.7,3.7,-1.7,Enrolled
Female,30,Divorced,Equinculture,Secondary education,Yes,Yes,Yes,Yes,Yes,11.1,0.6,2.02,Dropout
Female,19,Single,Social Service,Secondary education,Yes,Yes,Yes,Yes,Yes,11.1,0.6,2.02,Graduate
Female,19,Single,Oral Hygiene,Secondary education,Yes,Yes,Yes,Yes,Yes,12.7,3.7,-1.7,Graduate
Female,19,Single,Nursing,Secondary education,Yes,Yes,Yes,Yes,Yes,12.7,3.7,-1.7,Graduate
Female,19,Single,Veterinary Nursing,Secondary education,Yes,Yes,Yes,Yes,Yes,12.4,0.5,1.79,Graduate
Female,20,Single,Social Service,Secondary education,Yes,Yes,Yes,Yes,Yes,7.6,2.6,0.32,Graduate
Male,25,Single,Informatics Engineering,Secondary education,Yes,Yes,Yes,Yes,Yes,13.9,-0.3,0.79,Dropout
Male,19,Single,Journalism and Communication,Secondary education,Yes,Yes,Yes,Yes,Yes,12.4,0.5,1.79,Dropout
Female,34,Married,Basic Education,Secondary education,Yes,Yes,Yes,Yes,Yes,9.4,-0.8,-3.12,Graduate
Female,18,Single,Nursing,Secondary education,Yes,Yes,Yes,Yes,Yes,12.7,3.7,-1.7,Graduate
Female,18,Single,Nursing,Secondary education,Yes,Yes,Yes,Yes,Yes,9.4,-0.8,-3.12,Graduate
Female,20,Single,Advertising and Marketing Management,Secondary education,Yes,Yes,Yes,Yes,Yes,11.1,0.6,2.02,Graduate
Female,20,Single,Nursing,Secondary education,Yes,Yes,Yes,Yes,Yes,10.8,1.4,1.74,Graduate
Female,23,Single,Management (evening attendance),Secondary education,Yes,Yes,Yes,Yes,Yes,8.9,1.4,3.51,Enrolled
Female,28,Single,Advertising and Marketing Management,Secondary education,Yes,Yes,Yes,Yes,Yes,10.8,1.4,1.74,Dropout
Female,18,Single,Journalism and Communication,Secondary education,Yes,Yes,Yes,Yes,Yes,15.5,2.8,-4.06,Enrolled
Female,19,Single,Management,Secondary education,Yes,Yes,Yes,Yes,Yes,16.2,0.3,-0.92,Graduate
Female,34,Married,Management,Secondary education,Yes,Yes,Yes,Yes,Yes,7.6,2.6,0.32,Dropout
Female,35,Married,Basic Education,Secondary education,Yes,Yes,Yes,Yes,Yes,8.9,1.4,3.51,Dropout
Female,32,Single,Management (evening attendance),Higher education - degree (1st cycle),Yes,Yes,Yes,Yes,Yes,12.4,0.5,1.79,Graduate
Female,19,Single,Tourism,Secondary education,Yes,Yes,Yes,Yes,Yes,11.1,0.6,2.02,Graduate
Female,18,Single,Advertising and Marketing Management,Secondary education,Yes,Yes,Yes,Yes,Yes,11.1,0.6,2.02,Graduate
Female,35,Married,Management,Secondary education,No,No,No,No,No,9.4,-0.8,-3.12,Dropout
Male,24,Single,Social Service (evening attendance),Secondary education,Yes,Yes,Yes,Yes,Yes,12.4,0.5,1.79,Enrolled
Female,20,Single,Social Service,Secondary education,Yes,Yes,Yes,Yes,Yes,13.9,-0.3,0.79,Graduate
Male,18,Single,Journalism and Communication,Secondary education,Yes,Yes,Yes,Yes,Yes,16.2,0.3,-0.92,Graduate
Male,20,Single,Nursing,Secondary education,Yes,Yes,Yes,Yes,Yes,10.8,1.4,1.74,Graduate
Male,18,Single,Tourism,Secondary education,No,No,No,No,No,9.4,-0.8,-3.12,Dropout
Male,18,Single,Informatics Engineering,Secondary education,Yes,Yes,Yes,Yes,Yes,12.4,0.5,1.79,Graduate
Male,20,Single,Advertising and Marketing Management,Secondary education,Yes,Yes,Yes,Yes,Yes,9.4,-0.8,-3.12,Graduate
Male,19,Single,Basic Education,Secondary education,Yes,Yes,Yes,Yes,Yes,12.4,0.5,1.79,Dropout
Male,20,Single,Communication Design,Secondary education,Yes,Yes,Yes,Yes,Yes,7.6,2.6,0.32,Enrolled
Male,19,Single,Social Service,Secondary education,Yes,Yes,Yes,Yes,Yes,10.8,1.4,1.74,Graduate
Male,20,Single,Journalism and Communication,Secondary education,Yes,Yes,Yes,Yes,Yes,7.6,2.6,0.32,Graduate
Male,22,Single,Nursing,Secondary education,Yes,Yes,Yes,Yes,Yes,11.1,0.6,2.02,Graduate
Male,18,Single,Informatics Engineering,Secondary education,Yes,Yes,Yes,Yes,Yes,11.1,0.6,2.02,Enrolled
Male,19,Single,Nursing,Secondary education,Yes,Yes,Yes,Yes,Yes,12.7,3.7,-1.7,Graduate
Male,22,Single,Agronomy,Technological specialization course,Yes,Yes,Yes,Yes,Yes,13.9,-0.3,0.79,Dropout
Male,20,Single,Informatics Engineering,Secondary education,Yes,Yes,Yes,Yes,Yes,8.9,1.4,3.51,Graduate
Male,34,Married,Agronomy,Secondary education,No,No,No,No,No,12.4,0.5,1.79,Dropout
Male,24,Married,Social Service (evening attendance),Basic education 3rd cycle (9th/10th/11th year) or equiv.,Yes,Yes,Yes,Yes,Yes,16.2,0.3,-0.92,Dropout
Male,26,Single,Advertising and Marketing Management,Secondary education,Yes,Yes,Yes,Yes,Yes,7.6,2.6,0.32,Dropout
Male,35,Single,Nursing,Secondary education,Yes,Yes,Yes,Yes,Yes,12.4,0.5,1.79,Dropout
Male,22,Single,Management (evening attendance),Secondary education,Yes,Yes,Yes,Yes,Yes,7.6,2.6,0.32,Graduate
Male,26,Single,Tourism,Secondary education,Yes,Yes,Yes,Yes,Yes,9.4,-0.8,-3.12,Enrolled
Male,19,Single,Management,Secondary education,Yes,Yes,Yes,Yes,Yes,8.9,1.4,3.51,Dropout
Male,19,Single,Tourism,Secondary education,No,No,No,No,No,8.9,1.4,3.51,Dropout
Male,20,Single,Animation and Multimedia Design,Technological specialization course,Yes,Yes,Yes,Yes,Yes,15.5,2.8,-4.06,Graduate
Male,21,Single,Advertising and Marketing Management,Secondary education,Yes,Yes,Yes,Yes,Yes,11.1,0.6,2.02,Graduate
Female,19,Single,Journalism and Communication,Secondary education,Yes,Yes,Yes,Yes,Yes,13.9,-0.3,0.79,Graduate
Female,18,Single,Journalism and Communication,Secondary education,Yes,Yes,Yes,Yes,Yes,12.7,3.7,-1.7,Graduate
Female,23,Single,Agronomy,Professional higher technical course,Yes,Yes,Yes,Yes,Yes,8.9,1.4,3.51,Graduate
Female,18,Single,Management,Secondary education,Yes,Yes,Yes,Yes,Yes,12.7,3.7,-1.7,Graduate
Female,18,Single,Nursing,Secondary education,Yes,Yes,Yes,Yes,Yes,12.7,3.7,-1.7,Graduate
Female,19,Single,Nursing,Secondary education,Yes,Yes,Yes,Yes,Yes,10.8,1.4,1.74,Graduate
Female,21,Single,Management,Professional higher technical course,Yes,Yes,Yes,Yes,Yes,8.9,1.4,3.51,Graduate
Female,18,Single,Veterinary Nursing,Secondary education,Yes,Yes,Yes,Yes,Yes,15.5,2.8,-4.06,Graduate
Female,24,Single,Journalism and Communication,Secondary education,Yes,Yes,Yes,Yes,Yes,10.8,1.4,1.74,Graduate
Female,18,Single,Nursing,Secondary education,Yes,Yes,Yes,Yes,Yes,16.2,0.3,-0.92,Dropout
Female,18,Single,Advertising and Marketing Management,Secondary education,Yes,Yes,Yes,Yes,Yes,13.9,-0.3,0.79,Enrolled
Female,20,Single,Nursing,Secondary education,Yes,Yes,Yes,Yes,Yes,12.4,0.5,1.79,Graduate
Female,19,Single,Veterinary Nursing,Secondary education,Yes,Yes,Yes,Yes,Yes,9.4,-0.8,-3.12,Enrolled
Female,18,Single,Journalism and Communication,Secondary education,No,No,No,No,No,7.6,2.6,0.32,Dropout
Female,19,Single,Tourism,Secondary education,Yes,Yes,Yes,Yes,Yes,10.8,1.4,1.74,Dropout
Female,19,Single,Basic Education,Secondary education,Yes,Yes,Yes,Yes,Yes,10.8,1.4,1.74,Graduate
Female,18,Single,Social Service,Higher education - degree,Yes,Yes,Yes,Yes,Yes,10.8,1.4,1.74,Graduate
Female,20,Single,Basic Education,Secondary education,Yes,Yes,Yes,Yes,Yes,11.1,0.6,2.02,Enrolled
Female,18,Single,Nursing,Secondary education,Yes,Yes,Yes,Yes,Yes,9.4,-0.8,-3.12,Graduate
Female,19,Single,Oral Hygiene,Secondary education,Yes,Yes,Yes,Yes,Yes,11.1,0.6,2.02,Graduate
Female,18,Single,Management,Secondary education,Yes,Yes,Yes,Yes,Yes,13.9,-0.3,0.79,Enrolled
Female,18,Single,Nursing,Secondary education,Yes,Yes,Yes,Yes,Yes,7.6,2.6,0.32,Graduate
Female,21,Single,Veterinary Nursing,Secondary education,Yes,Yes,Yes,Yes,Yes,11.1,0.6,2.02,Enrolled
Female,19,Single,Tourism,Secondary education,No,No,No,No,No,7.6,2.6,0.32,Dropout
Female,21,Single,Nursing,Secondary education,Yes,Yes,Yes,Yes,Yes,12.4,0.5,1.79,Graduate
Female,18,Single,Veterinary Nursing,Secondary education,Yes,Yes,Yes,Yes,Yes,11.1,0.6,2.02,Enrolled
Female,18,Single,Oral Hygiene,Secondary education,Yes,Yes,Yes,Yes,Yes,12.7,3.7,-1.7,Graduate
Female,18,Single,Nursing,Secondary education,Yes,Yes,Yes,Yes,Yes,11.1,0.6,2.02,Graduate
Female,23,Single,Equinculture,Secondary education,No,No,No,No,No,10.8,1.4,1.74,Dropout
Female,20,Single,Social Service,Secondary education,Yes,Yes,Yes,Yes,Yes,16.2,0.3,-0.92,Enrolled
Female,18,Single,Nursing,Secondary education,Yes,Yes,Yes,Yes,Yes,16.2,0.3,-0.92,Graduate
Female,19,Single,Basic Education,Secondary education,Yes,Yes,Yes,Yes,Yes,7.6,2.6,0.32,Enrolled
Female,27,Single,Nursing,Secondary education,Yes,Yes,Yes,Yes,Yes,12.4,0.5,1.79,Enrolled
Female,19,Single,Management,Secondary education,No,No,No,No,No,11.1,0.6,2.02,Enrolled
Female,21,Single,Equinculture,Secondary education,Yes,Yes,Yes,Yes,Yes,15.5,2.8,-4.06,Dropout
Female,19,Single,Nursing,Secondary education,Yes,Yes,Yes,Yes,Yes,10.8,1.4,1.74,Graduate
Female,21,Single,Social Service,Secondary education,Yes,Yes,Yes,Yes,Yes,13.9,-0.3,0.79,Graduate
Female,18,Single,Journalism and Communication,Secondary education,Yes,Yes,Yes,Yes,Yes,10.8,1.4,1.74,Graduate
Female,20,Single,Veterinary Nursing,Secondary education,Yes,Yes,Yes,Yes,Yes,12.7,3.7,-1.7,Graduate
Female,18,Single,Basic Education,Secondary education,Yes,Yes,Yes,Yes,Yes,9.4,-0.8,-3.12,Graduate
Female,18,Single,Communication Design,Secondary education,No,No,No,No,No,12.7,3.7,-1.7,Dropout
Female,18,Single,Veterinary Nursing,Secondary education,Yes,Yes,Yes,Yes,Yes,8.9,1.4,3.51,Graduate
Female,18,Single,Journalism and Communication,Secondary education,Yes,Yes,Yes,Yes,Yes,16.2,0.3,-0.92,Graduate
Female,19,Single,Nursing,Secondary education,Yes,Yes,Yes,Yes,Yes,12.4,0.5,1.79,Enrolled
Female,23,Single,Veterinary Nursing,Professional higher technical course,No,No,No,No,No,8.9,1.4,3.51,Enrolled
Female,24,Single,Veterinary Nursing,Basic education 3rd cycle (9th/10th/11th year) or equiv.,Yes,Yes,Yes,Yes,Yes,8.9,1.4,3.51,Graduate
Female,19,Single,Animation and Multimedia Design,Secondary education,Yes,Yes,Yes,Yes,Yes,10.8,1.4,1.74,Graduate
Female,18,Single,Nursing,Secondary education,Yes,Yes,Yes,Yes,Yes,12.7,3.7,-1.7,Graduate
Female,19,Single,Communication Design,Secondary education,Yes,Yes,Yes,Yes,Yes,12.7,3.7,-1.7,Graduate
Female,19,Single,Basic Education,Secondary education,Yes,Yes,Yes,Yes,Yes,10.8,1.4,1.74,Dropout
Female,20,Single,Social Service,Secondary education,Yes,Yes,Yes,Yes,Yes,11.1,0.6,2.02,Enrolled
Female,20,Single,Veterinary Nursing,Secondary education,Yes,Yes,Yes,Yes,Yes,13.9,-0.3,0.79,Enrolled
Female,26,Single,Journalism and Communication,Secondary education,Yes,Yes,Yes,Yes,Yes,7.6,2.6,0.32,Dropout
Male,36,Single,Tourism,Basic education 3rd cycle (9th/10th/11th year) or equiv.,No,No,No,No,No,15.5,2.8,-4.06,Dropout
Male,19,Single,Animation and Multimedia Design,Secondary education,No,No,No,No,No,10.8,1.4,1.74,Dropout
Male,27,Single,Informatics Engineering,Secondary education,No,No,No,No,No,15.5,2.8,-4.06,Dropout
Male,18,Single,Informatics Engineering,Secondary education,Yes,Yes,Yes,Yes,Yes,8.9,1.4,3.51,Dropout
Male,18,Single,Nursing,Secondary education,Yes,Yes,Yes,Yes,Yes,10.8,1.4,1.74,Graduate
Male,28,Single,Communication Design,Secondary education,Yes,Yes,Yes,Yes,Yes,12.4,0.5,1.79,Dropout
Male,21,Single,Animation and Multimedia Design,Technological specialization course,Yes,Yes,Yes,Yes,Yes,12.4,0.5,1.79,Graduate
Male,19,Single,Nursing,Secondary education,Yes,Yes,Yes,Yes,Yes,7.6,2.6,0.32,Graduate
Male,26,Single,Advertising and Marketing Management,12th year of schooling - not completed,No,No,No,No,No,9.4,-0.8,-3.12,Dropout
Male,20,Single,Informatics Engineering,Secondary education,Yes,Yes,Yes,Yes,Yes,11.1,0.6,2.02,Dropout
Male,19,Single,Nursing,Secondary education,Yes,Yes,Yes,Yes,Yes,12.7,3.7,-1.7,Graduate
Male,21,Single,Management,Secondary education,Yes,Yes,Yes,Yes,Yes,12.7,3.7,-1.7,Dropout
Male,23,Single,Advertising and Marketing Management,Professional higher technical course,Yes,Yes,Yes,Yes,Yes,8.9,1.4,3.51,Graduate
Male,29,Single,Social Service (evening attendance),Basic education 2nd cycle (6th/7th/8th year) or equiv.,Yes,Yes,Yes,Yes,Yes,11.1,0.6,2.02,Graduate
Male,20,Single,Nursing,Secondary education,Yes,Yes,Yes,Yes,Yes,12.7,3.7,-1.7,Graduate
Male,18,Single,Social Service,Secondary education,Yes,Yes,Yes,Yes,Yes,15.5,2.8,-4.06,Graduate
Male,19,Single,Journalism and Communication,Secondary education,Yes,Yes,Yes,Yes,Yes,9.4,-0.8,-3.12,Graduate
Male,23,Single,Oral Hygiene,Higher education - degree,No,No,No,No,No,10.8,1.4,1.74,Dropout
Male,21,Single,Animation and Multimedia Design,Secondary education,Yes,Yes,Yes,Yes,Yes,13.9,-0.3,0.79,Dropout
Male,18,Single,Management,Secondary education,Yes,Yes,Yes,Yes,Yes,15.5,2.8,-4.06,Enrolled
Male,18,Single,Animation and Multimedia Design,Secondary education,Yes,Yes,Yes,Yes,Yes,10.8,1.4,1.74,Graduate
Male,21,Single,Communication Design,Secondary education,No,No,No,No,No,9.4,-0.8,-3.12,Dropout
Male,22,Single,Social Service,Secondary education,Yes,Yes,Yes,Yes,Yes,11.1,0.6,2.02,Dropout
Male,21,Single,Oral Hygiene,Secondary education,Yes,Yes,Yes,Yes,Yes,8.9,1.4,3.51,Graduate
Male,32,Single,Nursing,Secondary education,No,No,No,No,No,16.2,0.3,-0.92,Dropout
Male,27,Single,Agronomy,Higher education - degree,Yes,Yes,Yes,Yes,Yes,15.5,2.8,-4.06,Graduate
Male,18,Single,Nursing,Secondary education,Yes,Yes,Yes,Yes,Yes,7.6,2.6,0.32,Graduate
Male,24,Single,Communication Design,Secondary education,Yes,Yes,Yes,Yes,Yes,15.5,2.8,-4.06,Graduate
Male,22,Single,Equinculture,Secondary education,Yes,Yes,Yes,Yes,Yes,12.7,3.7,-1.7,Dropout
Male,22,Single,Equinculture,Secondary education,No,No,No,No,No,10.8,1.4,1.74,Dropout
Male,19,Single,Management,Secondary education,Yes,Yes,Yes,Yes,Yes,13.9,-0.3,0.79,Graduate
Male,19,Single,Informatics Engineering,Secondary education,Yes,Yes,Yes,Yes,Yes,7.6,2.6,0.32,Dropout
Male,21,Single,Veterinary Nursing,Secondary education,Yes,Yes,Yes,Yes,Yes,10.8,1.4,1.74,Enrolled
Female,18,Single,Nursing,Secondary education,Yes,Yes,Yes,Yes,Yes,9.4,-0.8,-3.12,Graduate
Female,18,Single,Tourism,Secondary education,Yes,Yes,Yes,Yes,Yes,9.4,-0.8,-3.12,Graduate
Female,20,Single,Animation and Multimedia Design,Secondary education,Yes,Yes,Yes,Yes,Yes,16.2,0.3,-0.92,Dropout
Female,19,Single,Social Service,Secondary education,Yes,Yes,Yes,Yes,Yes,13.9,-0.3,0.79,Graduate
Female,19,Single,Journalism and Communication,Secondary education,Yes,Yes,Yes,Yes,Yes,8.9,1.4,3.51,Graduate
Female,18,Single,Tourism,Secondary education,Yes,Yes,Yes,Yes,Yes,12.4,0.5,1.79,Graduate
Female,20,Single,Equinculture,Secondary education,Yes,Yes,Yes,Yes,Yes,16.2,0.3,-0.92,Enrolled
Female,22,Single,Communication Design,Technological specialization course,Yes,Yes,Yes,Yes,Yes,12.4,0.5,1.79,Graduate
Female,31,Married,Oral Hygiene,Basic education 3rd cycle (9th/10th/11th year) or equiv.,Yes,Yes,Yes,Yes,Yes,12.4,0.5,1.79,Graduate
Female,19,Single,Basic Education,Secondary education,Yes,Yes,Yes,Yes,Yes,16.2,0.3,-0.92,Graduate
Female,18,Single,Animation and Multimedia Design,Secondary education,Yes,Yes,Yes,Yes,Yes,12.4,0.5,1.79,Enrolled
Female,18,Single,Tourism,Secondary education,Yes,Yes,Yes,Yes,Yes,8.9,1.4,3.51,Graduate
Female,21,Single,Veterinary Nursing,Secondary education,Yes,Yes,Yes,Yes,Yes,7.6,2.6,0.32,Graduate
Female,18,Single,Nursing,Secondary education,Yes,Yes,Yes,Yes,Yes,13.9,-0.3,0.79,Graduate
Male,25,Single,Management,Technological specialization course,No,No,No,No,No,15.5,2.8,-4.06,Dropout
Male,21,Single,Informatics Engineering,Secondary education,Yes,Yes,Yes,Yes,Yes,11.1,0.6,2.02,Dropout
Female,19,Single,Nursing,Secondary education,Yes,Yes,Yes,Yes,Yes,10.8,1.4,1.74,Graduate
Female,19,Single,Journalism and Communication,Secondary education,Yes,Yes,Yes,Yes,Yes,10.8,1.4,1.74,Enrolled
Female,22,Single,Tourism,Secondary education,Yes,Yes,Yes,Yes,Yes,7.6,2.6,0.32,Dropout
Male,19,Single,Management,Secondary education,Yes,Yes,Yes,Yes,Yes,12.4,0.5,1.79,Graduate
Female,58,Single,Social Service (evening attendance),Basic education 3rd cycle (9th/10th/11th year) or equiv.,Yes,Yes,Yes,Yes,Yes,11.1,0.6,2.02,Dropout
Female,19,Single,Social Service,Secondary education,Yes,Yes,Yes,Yes,Yes,10.8,1.4,1.74,Graduate
Male,23,Single,Advertising and Marketing Management,Secondary education,Yes,Yes,Yes,Yes,Yes,9.4,-0.8,-3.12,Graduate
Female,19,Single,Journalism and Communication,Secondary education,Yes,Yes,Yes,Yes,Yes,9.4,-0.8,-3.12,Enrolled
Female,18,Single,Nursing,Secondary education,Yes,Yes,Yes,Yes,Yes,13.9,-0.3,0.79,Graduate
Female,20,Single,Veterinary Nursing,Secondary education,Yes,Yes,Yes,Yes,Yes,7.6,2.6,0.32,Graduate
Female,18,Single,Veterinary Nursing,Secondary education,No,No,No,No,No,12.7,3.7,-1.7,Dropout
Female,18,Single,Advertising and Marketing Management,Secondary education,Yes,Yes,Yes,Yes,Yes,8.9,1.4,3.51,Graduate
Female,18,Single,Management,Secondary education,Yes,Yes,Yes,Yes,Yes,11.1,0.6,2.02,Graduate
Female,24,Single,Equinculture,Secondary education,Yes,Yes,Yes,Yes,Yes,11.1,0.6,2.02,Dropout
Female,18,Single,Basic Education,Secondary education,Yes,Yes,Yes,Yes,Yes,10.8,1.4,1.74,Dropout
Female,19,Single,Management,Secondary education,Yes,Yes,Yes,Yes,Yes,9.4,-0.8,-3.12,Enrolled
Female,19,Single,Social Service,Secondary education,Yes,Yes,Yes,Yes,Yes,8.9,1.4,3.51,Graduate
Female,18,Single,Tourism,Secondary education,Yes,Yes,Yes,Yes,Yes,7.6,2.6,0.32,Graduate
Female,18,Single,Equinculture,Secondary education,Yes,Yes,Yes,Yes,Yes,12.7,3.7,-1.7,Enrolled
Female,19,Single,Animation and Multimedia Design,Secondary education,Yes,Yes,Yes,Yes,Yes,10.8,1.4,1.74,Graduate
Female,22,Single,Veterinary Nursing,Secondary education,Yes,Yes,Yes,Yes,Yes,13.9,-0.3,0.79,Graduate
Female,19,Single,Tourism,Secondary education,Yes,Yes,Yes,Yes,Yes,10.8,1.4,1.74,Enrolled
Female,21,Widower,Social Service,Secondary education,Yes,Yes,Yes,Yes,Yes,12.7,3.7,-1.7,Enrolled
Female,21,Single,Journalism and Communication,Secondary education,Yes,Yes,Yes,Yes,Yes,8.9,1.4,3.51,Graduate
Female,18,Single,Nursing,Secondary education,Yes,Yes,Yes,Yes,Yes,10.8,1.4,1.74,Graduate
Female,20,Single,Basic Education,Secondary education,Yes,Yes,Yes,Yes,Yes,10.8,1.4,1.74,Dropout
Female,18,Single,Tourism,Secondary education,Yes,Yes,Yes,Yes,Yes,7.6,2.6,0.32,Enrolled
Female,19,Single,Communication Design,Secondary education,Yes,Yes,Yes,Yes,Yes,12.7,3.7,-1.7,Graduate
Female,18,Single,Nursing,Secondary education,Yes,Yes,Yes,Yes,Yes,11.1,0.6,2.02,Enrolled
Male,26,Single,Management,Secondary education,No,No,No,No,No,11.1,0.6,2.02,Dropout
Female,19,Single,Informatics Engineering,Secondary education,Yes,Yes,Yes,Yes,Yes,8.9,1.4,3.51,Enrolled
Female,35,Married,Social Service (evening attendance),Secondary education,Yes,Yes,Yes,Yes,Yes,15.5,2.8,-4.06,Graduate
Female,19,Single,Advertising and Marketing Management,Secondary education,Yes,Yes,Yes,Yes,Yes,12.4,0.5,1.79,Graduate
Male,18,Single,Veterinary Nursing,Secondary education,Yes,Yes,Yes,Yes,Yes,10.8,1.4,1.74,Graduate
Male,19,Single,Advertising and Marketing Management,Secondary education,Yes,Yes,Yes,Yes,Yes,7.6,2.6,0.32,Graduate
Male,25,Single,Animation and Multimedia Design,Secondary education,Yes,Yes,Yes,Yes,Yes,12.4,0.5,1.79,Graduate
Male,18,Single,Tourism,Secondary education,Yes,Yes,Yes,Yes,Yes,11.1,0.6,2.02,Graduate
Male,26,Single,Agronomy,Secondary education,No,No,No,No,No,16.2,0.3,-0.92,Dropout
Male,34,Single,Management (evening attendance),Secondary education,Yes,Yes,Yes,Yes,Yes,9.4,-0.8,-3.12,Graduate
Male,18,Single,Tourism,Secondary education,No,No,No,No,No,12.7,3.7,-1.7,Dropout
Male,18,Single,Animation and Multimedia Design,Secondary education,No,No,No,No,No,9.4,-0.8,-3.12,Dropout
Male,18,Single,Informatics Engineering,Secondary education,Yes,Yes,Yes,Yes,Yes,8.9,1.4,3.51,Dropout
Male,20,Single,Agronomy,Technological specialization course,Yes,Yes,Yes,Yes,Yes,12.4,0.5,1.79,Dropout
Male,25,Single,Communication Design,Technological specialization course,Yes,Yes,Yes,Yes,Yes,16.2,0.3,-0.92,Graduate
Male,18,Single,Equinculture,Secondary education,Yes,Yes,Yes,Yes,Yes,11.1,0.6,2.02,Dropout
Male,19,Single,Agronomy,Secondary education,Yes,Yes,Yes,Yes,Yes,15.5,2.8,-4.06,Graduate
Male,20,Single,Animation and Multimedia Design,Secondary education,Yes,Yes,Yes,Yes,Yes,10.8,1.4,1.74,Dropout
Male,20,Single,Social Service,Secondary education,Yes,Yes,Yes,Yes,Yes,10.8,1.4,1.74,Graduate
Male,20,Single,Informatics Engineering,Secondary education,Yes,Yes,Yes,Yes,Yes,7.6,2.6,0.32,Enrolled
Male,19,Single,Management,Secondary education,Yes,Yes,Yes,Yes,Yes,11.1,0.6,2.02,Dropout
Male,20,Single,Management,Secondary education,Yes,Yes,Yes,Yes,Yes,8.9,1.4,3.51,Enrolled
Male,18,Single,Nursing,Secondary education,Yes,Yes,Yes,Yes,Yes,11.1,0.6,2.02,Enrolled
Male,19,Single,Advertising and Marketing Management,Secondary education,Yes,Yes,Yes,Yes,Yes,16.2,0.3,-0.92,Enrolled
Male,20,Single,Management,Secondary education,No,No,No,No,No,9.4,-0.8,-3.12,Dropout
Male,24,Single,Advertising and Marketing Management,Secondary education,Yes,Yes,Yes,Yes,Yes,15.5,2.8,-4.06,Dropout
Male,20,Single,Agronomy,Technological specialization course,Yes,Yes,Yes,Yes,Yes,16.2,0.3,-0.92,Graduate
Male,19,Single,Advertising and Marketing Management,Secondary education,Yes,Yes,Yes,Yes,Yes,9.4,-0.8,-3.12,Enrolled
Male,23,Single,Informatics Engineering,Secondary education,Yes,Yes,Yes,Yes,Yes,8.9,1.4,3.51,Dropout
Male,20,Single,Tourism,Secondary education,Yes,Yes,Yes,Yes,Yes,7.6,2.6,0.32,Enrolled
Male,21,Single,Social Service (evening attendance),Secondary education,Yes,Yes,Yes,Yes,Yes,9.4,-0.8,-3.12,Graduate
Male,20,Single,Informatics Engineering,Secondary education,Yes,Yes,Yes,Yes,Yes,10.8,1.4,1.74,Dropout
Male,21,Married,Informatics Engineering,Secondary education,Yes,Yes,Yes,Yes,Yes,7.6,2.6,0.32,Enrolled
Male,18,Single,Journalism and Communication,Secondary education,Yes,Yes,Yes,Yes,Yes,11.1,0.6,2.02,Graduate
Male,18,Single,Tourism,Secondary education,Yes,Yes,Yes,Yes,Yes,11.1,0.6,2.02,Graduate
Male,18,Single,Management,Secondary education,Yes,Yes,Yes,Yes,Yes,13.9,-0.3,0.79,Enrolled
Male,20,Single,Agronomy,Technological specialization course,Yes,Yes,Yes,Yes,Yes,15.5,2.8,-4.06,Enrolled
Male,18,Single,Journalism and Communication,Secondary education,Yes,Yes,Yes,Yes,Yes,16.2,0.3,-0.92,Graduate
Male,19,Single,Journalism and Communication,Secondary education,Yes,Yes,Yes,Yes,Yes,9.4,-0.8,-3.12,Dropout
Male,20,Single,Informatics Engineering,Secondary education,Yes,Yes,Yes,Yes,Yes,10.8,1.4,1.74,Enrolled
Male,19,Single,Equinculture,Secondary education,Yes,Yes,Yes,Yes,Yes,9.4,-0.8,-3.12,Graduate
Male,33,Single,Management (evening attendance),Secondary education,Yes,Yes,Yes,Yes,Yes,12.7,3.7,-1.7,Dropout
Male,21,Single,Animation and Multimedia Design,Secondary education,Yes,Yes,Yes,Yes,Yes,8.9,1.4,3.51,Graduate
Male,25,Married,Agronomy,Secondary education,No,No,No,No,No,15.5,2.8,-4.06,Dropout
Male,20,Single,Veterinary Nursing,Secondary education,Yes,Yes,Yes,Yes,Yes,12.4,0.5,1.79,Dropout
Male,22,Single,Veterinary Nursing,Professional higher technical course,Yes,Yes,Yes,Yes,Yes,8.9,1.4,3.51,Dropout
Female,39,Divorced,Journalism and Communication,Basic education 3rd cycle (9th/10th/11th year) or equiv.,Yes,Yes,Yes,Yes,Yes,10.8,1.4,1.74,Graduate
Male,21,Single,Advertising and Marketing Management,Secondary education,Yes,Yes,Yes,Yes,Yes,8.9,1.4,3.51,Graduate
Female,19,Single,Tourism,Secondary education,Yes,Yes,Yes,Yes,Yes,16.2,0.3,-0.92,Graduate
Female,26,Single,Nursing,Basic education 3rd cycle (9th/10th/11th year) or equiv.,Yes,Yes,Yes,Yes,Yes,7.6,2.6,0.32,Graduate
Female,19,Single,Social Service,Secondary education,Yes,Yes,Yes,Yes,Yes,15.5,2.8,-4.06,Graduate
Female,20,Single,Veterinary Nursing,Professional higher technical course,No,No,No,No,No,8.9,1.4,3.51,Graduate
Female,25,Single,Advertising and Marketing Management,Secondary education,Yes,Yes,Yes,Yes,Yes,15.5,2.8,-4.06,Enrolled
Male,24,Single,Social Service (evening attendance),Secondary education,Yes,Yes,Yes,Yes,Yes,16.2,0.3,-0.92,Dropout
Male,20,Single,Informatics Engineering,Secondary education,Yes,Yes,Yes,Yes,Yes,7.6,2.6,0.32,Graduate
Male,29,Married,Agronomy,Secondary education,Yes,Yes,Yes,Yes,Yes,13.9,-0.3,0.79,Graduate
Male,20,Single,Journalism and Communication,Secondary education,Yes,Yes,Yes,Yes,Yes,16.2,0.3,-0.92,Graduate
Male,20,Single,Equinculture,Technological specialization course,Yes,Yes,Yes,Yes,Yes,13.9,-0.3,0.79,Dropout
Male,24,Single,Advertising and Marketing Management,Basic education 3rd cycle (9th/10th/11th year) or equiv.,Yes,Yes,Yes,Yes,Yes,11.1,0.6,2.02,Graduate
Male,24,Single,Nursing,Basic education 3rd cycle (9th/10th/11th year) or equiv.,Yes,Yes,Yes,Yes,Yes,16.2,0.3,-0.92,Dropout
Male,23,Single,Informatics Engineering,Higher education - degree (1st cycle),Yes,Yes,Yes,Yes,Yes,11.1,0.6,2.02,Graduate
Male,20,Single,Oral Hygiene,Secondary education,Yes,Yes,Yes,Yes,Yes,15.5,2.8,-4.06,Graduate
Male,19,Single,Advertising and Marketing Management,Secondary education,Yes,Yes,Yes,Yes,Yes,15.5,2.8,-4.06,Graduate
Male,28,Divorced,Agronomy,Secondary education,Yes,Yes,Yes,Yes,Yes,11.1,0.6,2.02,Enrolled
Male,20,Single,Agronomy,Technological specialization course,Yes,Yes,Yes,Yes,Yes,13.9,-0.3,0.79,Graduate
Male,18,Single,Communication Design,Secondary education,Yes,Yes,Yes,Yes,Yes,8.9,1.4,3.51,Graduate
Male,20,Single,Advertising and Marketing Management,Secondary education,Yes,Yes,Yes,Yes,Yes,10.8,1.4,1.74,Dropout
Male,33,Married,Management (evening attendance),Secondary education,Yes,Yes,Yes,Yes,Yes,10.8,1.4,1.74,Graduate
Female,35,Married,Nursing,Secondary education,Yes,Yes,Yes,Yes,Yes,12.4,0.5,1.79,Enrolled
Female,27,Single,Nursing,Higher education - degree (1st cycle),Yes,Yes,Yes,Yes,Yes,12.7,3.7,-1.7,Enrolled
Female,19,Single,Journalism and Communication,Secondary education,No,No,No,No,No,9.4,-0.8,-3.12,Dropout
Female,31,Single,Management (evening attendance),Secondary education,Yes,Yes,Yes,Yes,Yes,15.5,2.8,-4.06,Enrolled
Male,19,Single,Animation and Multimedia Design,Secondary education,Yes,Yes,Yes,Yes,Yes,9.4,-0.8,-3.12,Graduate
Male,22,Single,Communication Design,Secondary education,Yes,Yes,Yes,Yes,Yes,15.5,2.8,-4.06,Graduate
Female,39,Single,Nursing,Secondary education,Yes,Yes,Yes,Yes,Yes,12.7,3.7,-1.7,Dropout
Male,22,Single,Tourism,Secondary education,No,No,No,No,No,12.4,0.5,1.79,Dropout
Male,47,Married,Management (evening attendance),Secondary education,Yes,Yes,Yes,Yes,Yes,9.4,-0.8,-3.12,Enrolled
Male,19,Single,Animation and Multimedia Design,Secondary education,Yes,Yes,Yes,Yes,Yes,11.1,0.6,2.02,Graduate
Female,19,Single,Tourism,Secondary education,Yes,Yes,Yes,Yes,Yes,12.4,0.5,1.79,Graduate
Female,19,Single,Nursing,Secondary education,Yes,Yes,Yes,Yes,Yes,15.5,2.8,-4.06,Dropout
Female,21,Single,Animation and Multimedia Design,Secondary education,Yes,Yes,Yes,Yes,Yes,11.1,0.6,2.02,Graduate
Female,39,Single,Nursing,Higher education - doctorate,No,No,No,No,No,12.4,0.5,1.79,Dropout
Male,19,Single,Animation and Multimedia Design,Secondary education,Yes,Yes,Yes,Yes,Yes,8.9,1.4,3.51,Graduate
Male,20,Single,Animation and Multimedia Design,Secondary education,Yes,Yes,Yes,Yes,Yes,13.9,-0.3,0.79,Enrolled
Male,24,Single,Management,Other - 11th year of schooling,No,No,No,No,No,12.7,3.7,-1.7,Dropout
Male,27,Single,Management (evening attendance),Secondary education,Yes,Yes,Yes,Yes,Yes,12.7,3.7,-1.7,Dropout
Male,29,Married,Management (evening attendance),Secondary education,Yes,Yes,Yes,Yes,Yes,11.1,0.6,2.02,Graduate
Male,20,Single,Veterinary Nursing,Secondary education,Yes,Yes,Yes,Yes,Yes,12.4,0.5,1.79,Dropout
Male,21,Single,Advertising and Marketing Management,Secondary education,Yes,Yes,Yes,Yes,Yes,9.4,-0.8,-3.12,Dropout
Male,18,Single,Animation and Multimedia Design,Secondary education,Yes,Yes,Yes,Yes,Yes,7.6,2.6,0.32,Enrolled
Male,19,Single,Nursing,Secondary education,Yes,Yes,Yes,Yes,Yes,12.7,3.7,-1.7,Graduate
Male,19,Single,Journalism and Communication,Secondary education,No,No,No,No,No,15.5,2.8,-4.06,Dropout
Male,28,Single,Informatics Engineering,Secondary education,Yes,Yes,Yes,Yes,Yes,12.4,0.5,1.79,Graduate
Female,21,Single,Tourism,Secondary education,No,No,No,No,No,13.9,-0.3,0.79,Graduate
Female,23,Single,Nursing,Secondary education,No,No,No,No,No,12.7,3.7,-1.7,Dropout
Female,39,Divorced,Agronomy,Secondary education,Yes,Yes,Yes,Yes,Yes,15.5,2.8,-4.06,Enrolled
Female,18,Single,Nursing,Secondary education,Yes,Yes,Yes,Yes,Yes,7.6,2.6,0.32,Graduate
Female,59,Married,Journalism and Communication,Secondary education,Yes,Yes,Yes,Yes,Yes,11.1,0.6,2.02,Graduate
Male,30,Single,Informatics Engineering,Higher education - master's,Yes,Yes,Yes,Yes,Yes,13.9,-0.3,0.79,Enrolled
Female,18,Single,Veterinary Nursing,Secondary education,Yes,Yes,Yes,Yes,Yes,12.7,3.7,-1.7,Graduate
Female,41,Married,Management (evening attendance),Technological specialization course,Yes,Yes,Yes,Yes,Yes,9.4,-0.8,-3.12,Enrolled
Female,27,Single,Nursing,Secondary education,Yes,Yes,Yes,Yes,Yes,11.1,0.6,2.02,Dropout
Female,18,Single,Social Service,Secondary education,Yes,Yes,Yes,Yes,Yes,9.4,-0.8,-3.12,Graduate
Female,20,Single,Basic Education,Secondary education,No,No,No,No,No,10.8,1.4,1.74,Dropout
Female,32,Married,Informatics Engineering,Higher education - degree,No,No,No,No,No,12.7,3.7,-1.7,Dropout
Female,19,Single,Management,Secondary education,Yes,Yes,Yes,Yes,Yes,9.4,-0.8,-3.12,Dropout
Female,41,Married,Basic Education,Other - 11th year of schooling,Yes,Yes,Yes,Yes,Yes,16.2,0.3,-0.92,Dropout
Female,38,Divorced,Social Service (evening attendance),Secondary education,Yes,Yes,Yes,Yes,Yes,10.8,1.4,1.74,Dropout
Male,35,Single,Equinculture,Higher education - bachelor's degree,Yes,Yes,Yes,Yes,Yes,8.9,1.4,3.51,Dropout
Female,27,Single,Social Service (evening attendance),Secondary education,Yes,Yes,Yes,Yes,Yes,7.6,2.6,0.32,Dropout
Female,19,Single,Communication Design,Secondary education,Yes,Yes,Yes,Yes,Yes,7.6,2.6,0.32,Graduate
Female,18,Single,Journalism and Communication,Secondary education,No,No,No,No,No,11.1,0.6,2.02,Enrolled
Female,39,Married,Management (evening attendance),12th year of schooling - not completed,No,No,No,No,No,7.6,2.6,0.32,Dropout
Female,37,Married,Tourism,Higher education - bachelor's degree,No,No,No,No,No,10.8,1.4,1.74,Dropout
Female,37,De Facto Union,Nursing,Secondary education,No,No,No,No,No,12.7,3.7,-1.7,Dropout
Female,35,Married,Social Service (evening attendance),Secondary education,Yes,Yes,Yes,Yes,Yes,9.4,-0.8,-3.12,Graduate
Female,49,Single,Management,Secondary education,Yes,Yes,Yes,Yes,Yes,12.7,3.7,-1.7,Graduate
Female,52,Single,Management,Higher education - degree (1st cycle),Yes,Yes,Yes,Yes,Yes,13.9,-0.3,0.79,Graduate
Female,18,Single,Veterinary Nursing,Secondary education,Yes,Yes,Yes,Yes,Yes,9.4,-0.8,-3.12,Graduate
Female,30,Single,Social Service (evening attendance),Secondary education,Yes,Yes,Yes,Yes,Yes,10.8,1.4,1.74,Graduate
Female,21,Single,Nursing,Secondary education,Yes,Yes,Yes,Yes,Yes,11.1,0.6,2.02,Graduate
Male,20,Single,Informatics Engineering,Secondary education,Yes,Yes,Yes,Yes,Yes,9.4,-0.8,-3.12,Dropout
Male,18,Single,Management,Secondary education,Yes,Yes,Yes,Yes,Yes,7.6,2.6,0.32,Enrolled
Male,19,Single,Animation and Multimedia Design,Secondary education,Yes,Yes,Yes,Yes,Yes,7.6,2.6,0.32,Dropout
Male,18,Single,Nursing,Secondary education,Yes,Yes,Yes,Yes,Yes,9.4,-0.8,-3.12,Graduate
Male,20,Single,Biofuel Production Technologies,Secondary education,Yes,Yes,Yes,Yes,Yes,8.9,1.4,3.51,Enrolled
Female,21,Single,Equinculture,Secondary education,Yes,Yes,Yes,Yes,Yes,12.4,0.5,1.79,Enrolled
Female,22,Single,Management,Secondary education,Yes,Yes,Yes,Yes,Yes,11.1,0.6,2.02,Graduate
Female,20,Single,Equinculture,Technological specialization course,No,No,No,No,No,12.4,0.5,1.79,Enrolled
Female,20,Single,Veterinary Nursing,Secondary education,Yes,Yes,Yes,Yes,Yes,13.9,-0.3,0.79,Enrolled
Female,19,Single,Social Service,Secondary education,Yes,Yes,Yes,Yes,Yes,12.7,3.7,-1.7,Graduate
Female,18,Single,Nursing,Secondary education,Yes,Yes,Yes,Yes,Yes,13.9,-0.3,0.79,Graduate
Male,21,Single,Management,Secondary education,Yes,Yes,Yes,Yes,Yes,11.1,0.6,2.02,Graduate
Female,19,Single,Oral Hygiene,Secondary education,Yes,Yes,Yes,Yes,Yes,8.9,1.4,3.51,Enrolled
Female,37,Single,Equinculture,Secondary education,Yes,Yes,Yes,Yes,Yes,13.9,-0.3,0.79,Dropout
Female,45,Married,Social Service (evening attendance),Secondary education,Yes,Yes,Yes,Yes,Yes,7.6,2.6,0.32,Enrolled
Male,38,Single,Agronomy,Basic education 3rd cycle (9th/10th/11th year) or equiv.,No,No,No,No,No,16.2,0.3,-0.92,Dropout
Male,55,Legally Separated,Management (evening attendance),Other - 11th year of schooling,No,No,No,No,No,7.6,2.6,0.32,Dropout
Female,28,De Facto Union,Agronomy,Secondary education,No,No,No,No,No,13.9,-0.3,0.79,Dropout
Female,46,De Facto Union,Management (evening attendance),Higher education - bachelor's degree,Yes,Yes,Yes,Yes,Yes,8.9,1.4,3.51,Graduate
Female,22,Single,Animation and Multimedia Design,Secondary education,Yes,Yes,Yes,Yes,Yes,16.2,0.3,-0.92,Graduate
Female,46,Married,Advertising and Marketing Management,Basic education 3rd cycle (9th/10th/11th year) or equiv.,Yes,Yes,Yes,Yes,Yes,12.4,0.5,1.79,Dropout
Female,28,Single,Management (evening attendance),Secondary education,Yes,Yes,Yes,Yes,Yes,7.6,2.6,0.32,Enrolled
Female,18,Single,Veterinary Nursing,Secondary education,No,No,No,No,No,7.6,2.6,0.32,Dropout
Male,18,Single,Animation and Multimedia Design,Secondary education,Yes,Yes,Yes,Yes,Yes,10.8,1.4,1.74,Enrolled
Male,21,Single,Journalism and Communication,Secondary education,Yes,Yes,Yes,Yes,Yes,12.7,3.7,-1.7,Graduate
Female,18,Single,Communication Design,Secondary education,Yes,Yes,Yes,Yes,Yes,7.6,2.6,0.32,Enrolled
Female,34,Single,Management (evening attendance),Secondary education,Yes,Yes,Yes,Yes,Yes,13.9,-0.3,0.79,Dropout
Female,21,Single,Basic Education,Secondary education,Yes,Yes,Yes,Yes,Yes,10.8,1.4,1.74,Dropout
Female,18,Single,Journalism and Communication,Secondary education,Yes,Yes,Yes,Yes,Yes,15.5,2.8,-4.06,Graduate
Male,20,Single,Animation and Multimedia Design,Secondary education,Yes,Yes,Yes,Yes,Yes,7.6,2.6,0.32,Graduate
Female,18,Single,Management,Secondary education,Yes,Yes,Yes,Yes,Yes,9.4,-0.8,-3.12,Enrolled
Male,21,Single,Informatics Engineering,Secondary education,Yes,Yes,Yes,Yes,Yes,12.4,0.5,1.79,Enrolled
Male,19,Single,Tourism,Secondary education,Yes,Yes,Yes,Yes,Yes,10.8,1.4,1.74,Dropout
Male,22,Single,Social Service (evening attendance),Secondary education,Yes,Yes,Yes,Yes,Yes,7.6,2.6,0.32,Graduate
Male,23,Single,Agronomy,Technological specialization course,Yes,Yes,Yes,Yes,Yes,15.5,2.8,-4.06,Dropout
Male,19,Single,Animation and Multimedia Design,Secondary education,Yes,Yes,Yes,Yes,Yes,9.4,-0.8,-3.12,Dropout
Male,18,Single,Management,Secondary education,Yes,Yes,Yes,Yes,Yes,10.8,1.4,1.74,Enrolled
Male,19,Single,Animation and Multimedia Design,Secondary education,No,No,No,No,No,9.4,-0.8,-3.12,Dropout
Male,19,Single,Management,Secondary education,Yes,Yes,Yes,Yes,Yes,12.4,0.5,1.79,Enrolled
Male,19,Single,Advertising and Marketing Management,Secondary education,Yes,Yes,Yes,Yes,Yes,7.6,2.6,0.32,Enrolled
Male,22,Single,Nursing,Secondary education,Yes,Yes,Yes,Yes,Yes,16.2,0.3,-0.92,Enrolled
Male,18,Single,Journalism and Communication,Secondary education,Yes,Yes,Yes,Yes,Yes,13.9,-0.3,0.79,Graduate
Male,18,Single,Social Service,Secondary education,Yes,Yes,Yes,Yes,Yes,9.4,-0.8,-3.12,Dropout
Male,19,Single,Journalism and Communication,Secondary education,Yes,Yes,Yes,Yes,Yes,16.2,0.3,-0.92,Dropout
Male,18,Single,Animation and Multimedia Design,Secondary education,Yes,Yes,Yes,Yes,Yes,11.1,0.6,2.02,Graduate
Male,21,Single,Advertising and Marketing Management,Secondary education,Yes,Yes,Yes,Yes,Yes,15.5,2.8,-4.06,Enrolled
Male,18,Single,Tourism,Secondary education,Yes,Yes,Yes,Yes,Yes,9.4,-0.8,-3.12,Enrolled
Male,19,Single,Agronomy,Technological specialization course,Yes,Yes,Yes,Yes,Yes,12.4,0.5,1.79,Graduate
Male,27,Single,Agronomy,Basic education 3rd cycle (9th/10th/11th year) or equiv.,No,No,No,No,No,8.9,1.4,3.51,Dropout
Male,20,Single,Agronomy,Professional higher technical course,Yes,Yes,Yes,Yes,Yes,8.9,1.4,3.51,Enrolled
Male,20,Single,Tourism,Secondary education,Yes,Yes,Yes,Yes,Yes,12.4,0.5,1.79,Graduate
Male,18,Single,Nursing,Secondary education,Yes,Yes,Yes,Yes,Yes,9.4,-0.8,-3.12,Graduate
Male,18,Single,Journalism and Communication,Secondary education,Yes,Yes,Yes,Yes,Yes,12.4,0.5,1.79,Enrolled
Male,18,Single,Communication Design,Secondary education,Yes,Yes,Yes,Yes,Yes,8.9,1.4,3.51,Graduate
Male,18,Single,Management,Secondary education,Yes,Yes,Yes,Yes,Yes,9.4,-0.8,-3.12,Dropout
Male,18,Single,Veterinary Nursing,Secondary education,Yes,Yes,Yes,Yes,Yes,9.4,-0.8,-3.12,Enrolled
Female,18,Single,Nursing,Secondary education,Yes,Yes,Yes,Yes,Yes,16.2,0.3,-0.92,Graduate
Female,37,Single,Social Service (evening attendance),10th year of schooling - not completed,No,No,No,No,No,9.4,-0.8,-3.12,Dropout
Female,36,Married,Social Service (evening attendance),Secondary education,Yes,Yes,Yes,Yes,Yes,10.8,1.4,1.74,Graduate
Female,26,Married,Veterinary Nursing,Basic education 3rd cycle (9th/10th/11th year) or equiv.,Yes,Yes,Yes,Yes,Yes,15.5,2.8,-4.06,Dropout
Female,19,Single,Veterinary Nursing,Secondary education,Yes,Yes,Yes,Yes,Yes,7.6,2.6,0.32,Graduate
Female,24,Single,Social Service (evening attendance),Secondary education,Yes,Yes,Yes,Yes,Yes,15.5,2.8,-4.06,Dropout
Female,19,Single,Journalism and Communication,Secondary education,Yes,Yes,Yes,Yes,Yes,11.1,0.6,2.02,Dropout
Female,20,Single,Advertising and Marketing Management,Secondary education,Yes,Yes,Yes,Yes,Yes,12.7,3.7,-1.7,Graduate
Female,19,Single,Advertising and Marketing Management,Secondary education,Yes,Yes,Yes,Yes,Yes,11.1,0.6,2.02,Graduate
Female,21,Single,Veterinary Nursing,Secondary education,Yes,Yes,Yes,Yes,Yes,10.8,1.4,1.74,Graduate
Female,50,Married,Oral Hygiene,Secondary education,No,No,No,No,No,12.7,3.7,-1.7,Dropout
Female,47,Married,Oral Hygiene,Secondary education,Yes,Yes,Yes,Yes,Yes,12.7,3.7,-1.7,Dropout
Female,24,Single,Basic Education,Secondary education,Yes,Yes,Yes,Yes,Yes,16.2,0.3,-0.92,Dropout
Female,48,Single,Management (evening attendance),Secondary education,No,No,No,No,No,15.5,2.8,-4.06,Dropout
Female,18,Single,Veterinary Nursing,Secondary education,Yes,Yes,Yes,Yes,Yes,12.4,0.5,1.79,Graduate
Male,32,Single,Management (evening attendance),Technological specialization course,Yes,Yes,Yes,Yes,Yes,9.4,-0.8,-3.12,Dropout
Male,20,Single,Advertising and Marketing Management,Secondary education,No,No,No,No,No,7.6,2.6,0.32,Dropout
Male,24,Single,Informatics Engineering,Secondary education,Yes,Yes,Yes,Yes,Yes,16.2,0.3,-0.92,Dropout
Male,53,Married,Equinculture,Basic education 3rd cycle (9th/10th/11th year) or equiv.,Yes,Yes,Yes,Yes,Yes,9.4,-0.8,-3.12,Graduate
Male,42,Married,Journalism and Communication,Basic education 3rd cycle (9th/10th/11th year) or equiv.,No,No,No,No,No,13.9,-0.3,0.79,Dropout
Male,52,Married,Management (evening attendance),Other - 11th year of schooling,Yes,Yes,Yes,Yes,Yes,7.6,2.6,0.32,Graduate
Male,54,Single,Social Service (evening attendance),Secondary education,Yes,Yes,Yes,Yes,Yes,12.7,3.7,-1.7,Enrolled
Male,49,Married,Management (evening attendance),Secondary education,Yes,Yes,Yes,Yes,Yes,15.5,2.8,-4.06,Graduate
Male,18,Single,Advertising and Marketing Management,Secondary education,Yes,Yes,Yes,Yes,Yes,16.2,0.3,-0.92,Graduate
Male,37,Married,Equinculture,Secondary education,Yes,Yes,Yes,Yes,Yes,10.8,1.4,1.74,Graduate
Male,21,Single,Nursing,Secondary education,Yes,Yes,Yes,Yes,Yes,12.4,0.5,1.79,Graduate
Male,26,Single,Advertising and Marketing Management,12th year of schooling - not completed,Yes,Yes,Yes,Yes,Yes,9.4,-0.8,-3.12,Dropout
Male,20,Single,Communication Design,Secondary education,Yes,Yes,Yes,Yes,Yes,16.2,0.3,-0.92,Graduate
Female,19,Single,Nursing,Secondary education,Yes,Yes,Yes,Yes,Yes,12.4,0.5,1.79,Graduate
Female,18,Single,Communication Design,Secondary education,Yes,Yes,Yes,Yes,Yes,9.4,-0.8,-3.12,Graduate
Female,18,Single,Nursing,Secondary education,Yes,Yes,Yes,Yes,Yes,12.4,0.5,1.79,Graduate
Female,20,Single,Social Service (evening attendance),Secondary education,Yes,Yes,Yes,Yes,Yes,10.8,1.4,1.74,Graduate
Female,20,Single,Tourism,Secondary education,Yes,Yes,Yes,Yes,Yes,10.8,1.4,1.74,Dropout
Female,21,Single,Animation and Multimedia Design,Secondary education,Yes,Yes,Yes,Yes,Yes,8.9,1.4,3.51,Dropout
Female,22,Single,Animation and Multimedia Design,Secondary education,Yes,Yes,Yes,Yes,Yes,8.9,1.4,3.51,Graduate
Female,18,Single,Nursing,Secondary education,Yes,Yes,Yes,Yes,Yes,13.9,-0.3,0.79,Graduate
Female,18,Single,Nursing,Secondary education,Yes,Yes,Yes,Yes,Yes,15.5,2.8,-4.06,Dropout
Female,19,Single,Nursing,Secondary education,Yes,Yes,Yes,Yes,Yes,10.8,1.4,1.74,Graduate
Female,19,Single,Nursing,Secondary education,Yes,Yes,Yes,Yes,Yes,12.7,3.7,-1.7,Enrolled
Female,18,Single,Nursing,Secondary education,Yes,Yes,Yes,Yes,Yes,10.8,1.4,1.74,Graduate
Female,27,Single,Management (evening attendance),Higher education - degree (1st cycle),Yes,Yes,Yes,Yes,Yes,11.1,0.6,2.02,Enrolled
Female,20,Single,Oral Hygiene,Secondary education,Yes,Yes,Yes,Yes,Yes,12.4,0.5,1.79,Graduate
Female,20,Single,Basic Education,Secondary education,Yes,Yes,Yes,Yes,Yes,12.7,3.7,-1.7,Dropout
Female,20,Single,Veterinary Nursing,Secondary education,Yes,Yes,Yes,Yes,Yes,9.4,-0.8,-3.12,Graduate
Female,19,Single,Management,Secondary education,Yes,Yes,Yes,Yes,Yes,16.2,0.3,-0.92,Graduate
Female,20,Single,Veterinary Nursing,Secondary education,Yes,Yes,Yes,Yes,Yes,7.6,2.6,0.32,Enrolled
Female,20,Single,Animation and Multimedia Design,Secondary education,Yes,Yes,Yes,Yes,Yes,7.6,2.6,0.32,Graduate
Female,20,Single,Animation and Multimedia Design,Secondary education,Yes,Yes,Yes,Yes,Yes,13.9,-0.3,0.79,Enrolled
Female,27,Single,Veterinary Nursing,Professional higher technical course,Yes,Yes,Yes,Yes,Yes,8.9,1.4,3.51,Graduate
Female,18,Single,Veterinary Nursing,Secondary education,Yes,Yes,Yes,Yes,Yes,13.9,-0.3,0.79,Graduate
Female,18,Single,Nursing,Secondary education,Yes,Yes,Yes,Yes,Yes,15.5,2.8,-4.06,Graduate
Female,18,Single,Nursing,Secondary education,Yes,Yes,Yes,Yes,Yes,13.9,-0.3,0.79,Graduate
Female,20,Single,Veterinary Nursing,Secondary education,Yes,Yes,Yes,Yes,Yes,9.4,-0.8,-3.12,Graduate
Female,19,Single,Journalism and Communication,Secondary education,Yes,Yes,Yes,Yes,Yes,11.1,0.6,2.02,Enrolled
Female,20,Single,Social Service,Secondary education,Yes,Yes,Yes,Yes,Yes,10.8,1.4,1.74,Graduate
Female,18,Single,Nursing,Secondary education,Yes,Yes,Yes,Yes,Yes,9.4,-0.8,-3.12,Graduate
Female,22,Single,Communication Design,Technological specialization course,No,No,No,No,No,12.4,0.5,1.79,Dropout
Female,22,Single,Social Service (evening attendance),Secondary education,Yes,Yes,Yes,Yes,Yes,13.9,-0.3,0.79,Graduate
Female,25,Single,Management (evening attendance),Secondary education,Yes,Yes,Yes,Yes,Yes,13.9,-0.3,0.79,Enrolled
Female,19,Single,Veterinary Nursing,Secondary education,Yes,Yes,Yes,Yes,Yes,15.5,2.8,-4.06,Graduate
Female,21,Single,Equinculture,Technological specialization course,No,No,No,No,No,16.2,0.3,-0.92,Dropout
Female,27,Single,Nursing,Higher education - degree (1st cycle),Yes,Yes,Yes,Yes,Yes,16.2,0.3,-0.92,Graduate
Female,18,Single,Nursing,Secondary education,Yes,Yes,Yes,Yes,Yes,7.6,2.6,0.32,Graduate
Female,18,Single,Tourism,Secondary education,No,No,No,No,No,10.8,1.4,1.74,Dropout
Male,19,Single,Oral Hygiene,Secondary education,Yes,Yes,Yes,Yes,Yes,11.1,0.6,2.02,Dropout
Male,35,De Facto Union,Management (evening attendance),Secondary education,Yes,Yes,Yes,Yes,Yes,8.9,1.4,3.51,Graduate
Male,23,Single,Veterinary Nursing,Secondary education,Yes,Yes,Yes,Yes,Yes,7.6,2.6,0.32,Graduate
Male,28,Single,Nursing,Secondary education,Yes,Yes,Yes,Yes,Yes,16.2,0.3,-0.92,Dropout
Male,19,Single,Informatics Engineering,Secondary education,Yes,Yes,Yes,Yes,Yes,7.6,2.6,0.32,Enrolled
Male,19,Single,Journalism and Communication,Secondary education,Yes,Yes,Yes,Yes,Yes,7.6,2.6,0.32,Enrolled
Male,20,Single,Advertising and Marketing Management,Secondary education,Yes,Yes,Yes,Yes,Yes,9.4,-0.8,-3.12,Dropout
Male,21,Single,Advertising and Marketing Management,Secondary education,Yes,Yes,Yes,Yes,Yes,7.6,2.6,0.32,Dropout
Male,18,Single,Communication Design,Secondary education,Yes,Yes,Yes,Yes,Yes,10.8,1.4,1.74,Graduate
Male,22,Single,Communication Design,Secondary education,Yes,Yes,Yes,Yes,Yes,9.4,-0.8,-3.12,Graduate
Male,21,Single,Veterinary Nursing,Secondary education,Yes,Yes,Yes,Yes,Yes,10.8,1.4,1.74,Graduate
Male,38,Single,Oral Hygiene,Higher education - degree,No,No,No,No,No,13.9,-0.3,0.79,Dropout
Male,20,Single,Animation and Multimedia Design,Secondary education,Yes,Yes,Yes,Yes,Yes,10.8,1.4,1.74,Enrolled
Male,19,Single,Animation and Multimedia Design,Secondary education,Yes,Yes,Yes,Yes,Yes,7.6,2.6,0.32,Dropout
Male,24,Single,Informatics Engineering,Secondary education,Yes,Yes,Yes,Yes,Yes,7.6,2.6,0.32,Dropout
Male,19,Single,Communication Design,Secondary education,No,No,No,No,No,12.7,3.7,-1.7,Dropout
Male,19,Single,Nursing,Secondary education,Yes,Yes,Yes,Yes,Yes,16.2,0.3,-0.92,Graduate
Male,19,Single,Management,Secondary education,Yes,Yes,Yes,Yes,Yes,16.2,0.3,-0.92,Enrolled
Male,31,Single,Informatics Engineering,Higher education - degree,Yes,Yes,Yes,Yes,Yes,10.8,1.4,1.74,Dropout
Male,19,Single,Advertising and Marketing Management,Secondary education,Yes,Yes,Yes,Yes,Yes,8.9,1.4,3.51,Graduate
Male,22,Single,Communication Design,Secondary education,Yes,Yes,Yes,Yes,Yes,7.6,2.6,0.32,Graduate
Male,25,Single,Veterinary Nursing,Secondary education,Yes,Yes,Yes,Yes,Yes,7.6,2.6,0.32,Dropout
Male,18,Single,Nursing,Secondary education,Yes,Yes,Yes,Yes,Yes,16.2,0.3,-0.92,Dropout
Male,30,Single,Nursing,Higher education - degree,Yes,Yes,Yes,Yes,Yes,9.4,-0.8,-3.12,Dropout
Male,18,Single,Nursing,Secondary education,Yes,Yes,Yes,Yes,Yes,9.4,-0.8,-3.12,Graduate
Male,18,Single,Journalism and Communication,Secondary education,Yes,Yes,Yes,Yes,Yes,12.7,3.7,-1.7,Graduate
Male,18,Single,Journalism and Communication,Secondary education,Yes,Yes,Yes,Yes,Yes,7.6,2.6,0.32,Dropout
Male,18,Single,Social Service,Secondary education,Yes,Yes,Yes,Yes,Yes,10.8,1.4,1.74,Graduate
Male,25,Single,Advertising and Marketing Management,Secondary education,Yes,Yes,Yes,Yes,Yes,15.5,2.8,-4.06,Graduate
Male,18,Single,Informatics Engineering,Secondary education,Yes,Yes,Yes,Yes,Yes,7.6,2.6,0.32,Enrolled
Male,18,Single,Animation and Multimedia Design,Secondary education,Yes,Yes,Yes,Yes,Yes,12.7,3.7,-1.7,Dropout
Male,19,Single,Management,Secondary education,Yes,Yes,Yes,Yes,Yes,12.4,0.5,1.79,Enrolled
Male,25,Single,Oral Hygiene,Basic education 3rd cycle (9th/10th/11th year) or equiv.,Yes,Yes,Yes,Yes,Yes,15.5,2.8,-4.06,Dropout
Female,19,Single,Nursing,Secondary education,Yes,Yes,Yes,Yes,Yes,7.6,2.6,0.32,Graduate
Female,31,Single,Management (evening attendance),Technological specialization course,Yes,Yes,Yes,Yes,Yes,9.4,-0.8,-3.12,Enrolled
Female,20,Single,Nursing,Secondary education,Yes,Yes,Yes,Yes,Yes,9.4,-0.8,-3.12,Graduate
Female,33,Single,Nursing,Secondary education,No,No,No,No,No,12.4,0.5,1.79,Dropout
Female,24,Single,Veterinary Nursing,Technological specialization course,No,No,No,No,No,12.4,0.5,1.79,Enrolled
Female,18,Single,Social Service,Secondary education,Yes,Yes,Yes,Yes,Yes,12.7,3.7,-1.7,Graduate
Female,19,Single,Nursing,Secondary education,Yes,Yes,Yes,Yes,Yes,9.4,-0.8,-3.12,Graduate
Female,20,Single,Nursing,Secondary education,Yes,Yes,Yes,Yes,Yes,15.5,2.8,-4.06,Graduate
Male,33,Married,Nursing,Secondary education,Yes,Yes,Yes,Yes,Yes,12.7,3.7,-1.7,Enrolled
Male,24,Single,Informatics Engineering,Secondary education,Yes,Yes,Yes,Yes,Yes,7.6,2.6,0.32,Dropout
Male,24,Single,Management (evening attendance),Basic education 3rd cycle (9th/10th/11th year) or equiv.,Yes,Yes,Yes,Yes,Yes,16.2,0.3,-0.92,Dropout
Male,18,Single,Veterinary Nursing,Secondary education,Yes,Yes,Yes,Yes,Yes,10.8,1.4,1.74,Graduate
Female,18,Single,Tourism,Secondary education,Yes,Yes,Yes,Yes,Yes,16.2,0.3,-0.92,Graduate
Female,22,Single,Veterinary Nursing,Secondary education,Yes,Yes,Yes,Yes,Yes,8.9,1.4,3.51,Graduate
Female,18,Single,Journalism and Communication,Secondary education,Yes,Yes,Yes,Yes,Yes,10.8,1.4,1.74,Graduate
Female,21,Single,Animation and Multimedia Design,Secondary education,Yes,Yes,Yes,Yes,Yes,11.1,0.6,2.02,Graduate
Female,38,Married,Management (evening attendance),Secondary education,Yes,Yes,Yes,Yes,Yes,9.4,-0.8,-3.12,Dropout
Female,29,Single,Social Service,Secondary education,Yes,Yes,Yes,Yes,Yes,9.4,-0.8,-3.12,Graduate
Female,20,Single,Equinculture,Technological specialization course,Yes,Yes,Yes,Yes,Yes,16.2,0.3,-0.92,Enrolled
Female,18,Single,Tourism,Secondary education,No,No,No,No,No,12.7,3.7,-1.7,Dropout
Male,37,Married,Management (evening attendance),Secondary education,Yes,Yes,Yes,Yes,Yes,9.4,-0.8,-3.12,Graduate
Male,20,Single,Management,Secondary education,Yes,Yes,Yes,Yes,Yes,12.4,0.5,1.79,Graduate
Male,20,Single,Equinculture,Secondary education,No,No,No,No,No,10.8,1.4,1.74,Dropout
Male,40,Married,Informatics Engineering,Secondary education,Yes,Yes,Yes,Yes,Yes,16.2,0.3,-0.92,Dropout
Male,44,Married,Social Service (evening attendance),Secondary education,Yes,Yes,Yes,Yes,Yes,12.4,0.5,1.79,Enrolled
Male,21,Single,Management,Secondary education,No,No,No,No,No,10.8,1.4,1.74,Dropout
Male,21,Single,Communication Design,Technological specialization course,Yes,Yes,Yes,Yes,Yes,16.2,0.3,-0.92,Graduate
Male,18,Single,Nursing,Secondary education,Yes,Yes,Yes,Yes,Yes,9.4,-0.8,-3.12,Graduate
Male,18,Single,Nursing,Secondary education,Yes,Yes,Yes,Yes,Yes,13.9,-0.3,0.79,Enrolled
Male,27,Single,Agronomy,Secondary education,Yes,Yes,Yes,Yes,Yes,11.1,0.6,2.02,Graduate
Male,38,Married,Communication Design,Basic education 3rd cycle (9th/10th/11th year) or equiv.,No,No,No,No,No,10.8,1.4,1.74,Dropout
Male,18,Single,Equinculture,Secondary education,Yes,Yes,Yes,Yes,Yes,13.9,-0.3,0.79,Dropout
Male,19,Single,Tourism,Secondary education,Yes,Yes,Yes,Yes,Yes,7.6,2.6,0.32,Enrolled
Male,18,Single,Equinculture,Secondary education,Yes,Yes,Yes,Yes,Yes,15.5,2.8,-4.06,Dropout
Male,19,Single,Journalism and Communication,Secondary education,No,No,No,No,No,16.2,0.3,-0.92,Dropout
Male,44,Single,Advertising and Marketing Management,Secondary education,No,No,No,No,No,12.7,3.7,-1.7,Dropout
Male,26,Single,Veterinary Nursing,Technological specialization course,Yes,Yes,Yes,Yes,Yes,15.5,2.8,-4.06,Dropout
Male,24,Single,Equinculture,Secondary education,No,No,No,No,No,15.5,2.8,-4.06,Dropout
Male,27,Single,Agronomy,Secondary education,No,No,No,No,No,15.5,2.8,-4.06,Dropout
Male,27,Single,Agronomy,Secondary education,No,No,No,No,No,13.9,-0.3,0.79,Dropout
Male,25,Single,Communication Design,Secondary education,Yes,Yes,Yes,Yes,Yes,12.7,3.7,-1.7,Dropout
Male,21,Single,Agronomy,Secondary education,Yes,Yes,Yes,Yes,Yes,12.7,3.7,-1.7,Enrolled
Male,19,Single,Animation and Multimedia Design,Secondary education,Yes,Yes,Yes,Yes,Yes,13.9,-0.3,0.79,Graduate
Male,20,Single,Communication Design,Secondary education,Yes,Yes,Yes,Yes,Yes,15.5,2.8,-4.06,Enrolled
Male,20,Single,Informatics Engineering,Technological specialization course,Yes,Yes,Yes,Yes,Yes,12.7,3.7,-1.7,Enrolled
Male,20,Single,Informatics Engineering,Secondary education,No,No,No,No,No,8.9,1.4,3.51,Dropout
Male,18,Single,Informatics Engineering,Secondary education,No,No,No,No,No,8.9,1.4,3.51,Enrolled
Male,19,Single,Animation and Multimedia Design,Secondary education,Yes,Yes,Yes,Yes,Yes,8.9,1.4,3.51,Enrolled
Female,22,Single,Equinculture,Technological specialization course,No,No,No,No,No,15.5,2.8,-4.06,Dropout
Female,19,Single,Advertising and Marketing Management,Secondary education,Yes,Yes,Yes,Yes,Yes,16.2,0.3,-0.92,Graduate
Female,18,Single,Nursing,Secondary education,Yes,Yes,Yes,Yes,Yes,11.1,0.6,2.02,Graduate
Female,20,Single,Social Service,Secondary education,Yes,Yes,Yes,Yes,Yes,8.9,1.4,3.51,Graduate
Female,18,Single,Animation and Multimedia Design,Secondary education,Yes,Yes,Yes,Yes,Yes,12.7,3.7,-1.7,Dropout
Male,36,Single,Journalism and Communication,Secondary education,Yes,Yes,Yes,Yes,Yes,10.8,1.4,1.74,Graduate
Male,19,Single,Management,Secondary education,Yes,Yes,Yes,Yes,Yes,12.4,0.5,1.79,Graduate
Male,21,Single,Management,Professional higher technical course,Yes,Yes,Yes,Yes,Yes,8.9,1.4,3.51,Graduate
Female,26,Single,Management,Secondary education,Yes,Yes,Yes,Yes,Yes,15.5,2.8,-4.06,Dropout
Female,29,Single,Agronomy,Secondary education,No,No,No,No,No,15.5,2.8,-4.06,Dropout
Male,26,Single,Tourism,Technological specialization course,No,No,No,No,No,11.1,0.6,2.02,Enrolled
Male,27,Single,Nursing,Higher education - degree,Yes,Yes,Yes,Yes,Yes,12.4,0.5,1.79,Dropout
Male,32,Single,Management,Secondary education,Yes,Yes,Yes,Yes,Yes,8.9,1.4,3.51,Enrolled
Female,23,Single,Basic Education,Secondary education,Yes,Yes,Yes,Yes,Yes,7.6,2.6,0.32,Enrolled
Female,24,Single,Management,Secondary education,Yes,Yes,Yes,Yes,Yes,16.2,0.3,-0.92,Enrolled
Female,19,Single,Journalism and Communication,Secondary education,Yes,Yes,Yes,Yes,Yes,16.2,0.3,-0.92,Graduate
Male,25,Single,Agronomy,Secondary education,Yes,Yes,Yes,Yes,Yes,15.5,2.8,-4.06,Enrolled
Male,19,Single,Tourism,Secondary education,Yes,Yes,Yes,Yes,Yes,9.4,-0.8,-3.12,Enrolled
Male,20,Single,Journalism and Communication,Secondary education,No,No,No,No,No,10.8,1.4,1.74,Dropout
Male,33,Married,Tourism,Secondary education,Yes,Yes,Yes,Yes,Yes,12.7,3.7,-1.7,Graduate
Male,35,Married,Management (evening attendance),Secondary education,Yes,Yes,Yes,Yes,Yes,9.4,-0.8,-3.12,Dropout
Male,23,Single,Management,Secondary education,Yes,Yes,Yes,Yes,Yes,11.1,0.6,2.02,Graduate
Male,19,Single,Nursing,Secondary education,Yes,Yes,Yes,Yes,Yes,11.1,0.6,2.02,Graduate
Male,21,Single,Advertising and Marketing Management,Secondary education,Yes,Yes,Yes,Yes,Yes,10.8,1.4,1.74,Enrolled
Male,21,Single,Communication Design,Secondary education,Yes,Yes,Yes,Yes,Yes,11.1,0.6,2.02,Graduate
Male,27,Single,Nursing,Secondary education,Yes,Yes,Yes,Yes,Yes,10.8,1.4,1.74,Dropout
Male,19,Single,Management,Secondary education,Yes,Yes,Yes,Yes,Yes,8.9,1.4,3.51,Enrolled
Male,28,Single,Nursing,Higher education - degree,Yes,Yes,Yes,Yes,Yes,16.2,0.3,-0.92,Dropout
Male,25,Single,Management,Secondary education,Yes,Yes,Yes,Yes,Yes,9.4,-0.8,-3.12,Enrolled
Male,42,Married,Social Service,Basic education 3rd cycle (9th/10th/11th year) or equiv.,Yes,Yes,Yes,Yes,Yes,15.5,2.8,-4.06,Dropout
Male,27,Single,Management (evening attendance),Higher education - degree,Yes,Yes,Yes,Yes,Yes,7.6,2.6,0.32,Graduate
Male,23,Single,Communication Design,Secondary education,Yes,Yes,Yes,Yes,Yes,7.6,2.6,0.32,Dropout
Male,18,Single,Tourism,Secondary education,Yes,Yes,Yes,Yes,Yes,8.9,1.4,3.51,Graduate
Male,26,Married,Nursing,Secondary education,Yes,Yes,Yes,Yes,Yes,10.8,1.4,1.74,Graduate
Male,18,Single,Management,Secondary education,Yes,Yes,Yes,Yes,Yes,8.9,1.4,3.51,Dropout
Male,29,Single,Management (evening attendance),Secondary education,Yes,Yes,Yes,Yes,Yes,12.7,3.7,-1.7,Dropout
Male,22,Single,Veterinary Nursing,Secondary education,Yes,Yes,Yes,Yes,Yes,16.2,0.3,-0.92,Dropout
Female,21,Single,Nursing,Secondary education,Yes,Yes,Yes,Yes,Yes,13.9,-0.3,0.79,Enrolled
Female,19,Single,Nursing,Secondary education,Yes,Yes,Yes,Yes,Yes,10.8,1.4,1.74,Graduate
Female,18,Single,Social Service,Secondary education,Yes,Yes,Yes,Yes,Yes,10.8,1.4,1.74,Graduate
Female,18,Single,Veterinary Nursing,Secondary education,Yes,Yes,Yes,Yes,Yes,9.4,-0.8,-3.12,Dropout
Female,40,Single,Agronomy,Basic education 3rd cycle (9th/10th/11th year) or equiv.,No,No,No,No,No,11.1,0.6,2.02,Dropout
Female,20,Single,Tourism,Secondary education,No,No,No,No,No,10.8,1.4,1.74,Dropout
Male,18,Single,Nursing,Secondary education,Yes,Yes,Yes,Yes,Yes,10.8,1.4,1.74,Dropout
Male,31,Single,Social Service (evening attendance),Higher education - degree,Yes,Yes,Yes,Yes,Yes,7.6,2.6,0.32,Graduate
Male,18,Single,Management,Secondary education,Yes,Yes,Yes,Yes,Yes,12.4,0.5,1.79,Graduate
Male,22,Single,Advertising and Marketing Management,Secondary education,Yes,Yes,Yes,Yes,Yes,10.8,1.4,1.74,Dropout
Male,38,Single,Management,Basic education 3rd cycle (9th/10th/11th year) or equiv.,No,No,No,No,No,8.9,1.4,3.51,Dropout
Male,33,Single,Management (evening attendance),Higher education - degree,Yes,Yes,Yes,Yes,Yes,12.7,3.7,-1.7,Dropout
Male,19,Single,Informatics Engineering,Secondary education,Yes,Yes,Yes,Yes,Yes,11.1,0.6,2.02,Enrolled
Male,18,Single,Advertising and Marketing Management,Secondary education,Yes,Yes,Yes,Yes,Yes,15.5,2.8,-4.06,Dropout
Male,18,Single,Informatics Engineering,Secondary education,No,No,No,No,No,8.9,1.4,3.51,Enrolled
Male,27,Single,Management (evening attendance),Secondary education,Yes,Yes,Yes,Yes,Yes,11.1,0.6,2.02,Graduate
Male,26,Single,Tourism,Secondary education,Yes,Yes,Yes,Yes,Yes,7.6,2.6,0.32,Graduate
Female,19,Single,Nursing,Secondary education,Yes,Yes,Yes,Yes,Yes,12.4,0.5,1.79,Graduate
Male,44,Married,Nursing,Secondary education,Yes,Yes,Yes,Yes,Yes,11.1,0.6,2.02,Dropout
Male,19,Single,Management,Secondary education,Yes,Yes,Yes,Yes,Yes,13.9,-0.3,0.79,Graduate
Male,20,Single,Communication Design,Secondary education,Yes,Yes,Yes,Yes,Yes,9.4,-0.8,-3.12,Dropout
Male,24,Single,Agronomy,Basic education 3rd cycle (9th/10th/11th year) or equiv.,Yes,Yes,Yes,Yes,Yes,16.2,0.3,-0.92,Enrolled
Female,31,Divorced,Management (evening attendance),Secondary education,Yes,Yes,Yes,Yes,Yes,9.4,-0.8,-3.12,Graduate
Female,25,Single,Communication Design,Secondary education,Yes,Yes,Yes,Yes,Yes,9.4,-0.8,-3.12,Graduate
Female,19,Single,Journalism and Communication,Secondary education,No,No,No,No,No,8.9,1.4,3.51,Dropout
Female,18,Single,Nursing,Secondary education,Yes,Yes,Yes,Yes,Yes,11.1,0.6,2.02,Dropout
Female,19,Single,Veterinary Nursing,Secondary education,No,No,No,No,No,13.9,-0.3,0.79,Enrolled
Female,19,Single,Nursing,Secondary education,Yes,Yes,Yes,Yes,Yes,12.4,0.5,1.79,Enrolled
Female,19,Single,Management,Secondary education,Yes,Yes,Yes,Yes,Yes,12.7,3.7,-1.7,Enrolled
Female,24,Single,Advertising and Marketing Management,Secondary education,Yes,Yes,Yes,Yes,Yes,16.2,0.3,-0.92,Dropout
Female,20,Single,Social Service,Secondary education,Yes,Yes,Yes,Yes,Yes,12.4,0.5,1.79,Graduate
Female,18,Single,Tourism,Secondary education,Yes,Yes,Yes,Yes,Yes,12.7,3.7,-1.7,Graduate
Female,18,Single,Social Service,Secondary education,Yes,Yes,Yes,Yes,Yes,12.4,0.5,1.79,Graduate
Female,21,Single,Veterinary Nursing,Secondary education,Yes,Yes,Yes,Yes,Yes,9.4,-0.8,-3.12,Enrolled
Female,28,Single,Nursing,Higher education - degree,No,No,No,No,No,13.9,-0.3,0.79,Dropout
Female,18,Single,Management,Secondary education,Yes,Yes,Yes,Yes,Yes,13.9,-0.3,0.79,Enrolled
Female,18,Single,Basic Education,Secondary education,Yes,Yes,Yes,Yes,Yes,12.7,3.7,-1.7,Dropout
Female,18,Single,Social Service,Secondary education,Yes,Yes,Yes,Yes,Yes,11.1,0.6,2.02,Graduate
Female,18,Single,Management,Secondary education,Yes,Yes,Yes,Yes,Yes,16.2,0.3,-0.92,Graduate
Female,19,Single,Management,Secondary education,No,No,No,No,No,10.8,1.4,1.74,Dropout
Female,19,Single,Nursing,Secondary education,Yes,Yes,Yes,Yes,Yes,15.5,2.8,-4.06,Graduate
Female,20,Single,Social Service,Secondary education,Yes,Yes,Yes,Yes,Yes,8.9,1.4,3.51,Graduate
Female,34,Married,Social Service (evening attendance),Secondary education,Yes,Yes,Yes,Yes,Yes,9.4,-0.8,-3.12,Graduate
Female,39,Married,Nursing,Secondary education,Yes,Yes,Yes,Yes,Yes,7.6,2.6,0.32,Enrolled
Female,19,Single,Nursing,Secondary education,Yes,Yes,Yes,Yes,Yes,9.4,-0.8,-3.12,Graduate
Female,24,Single,Communication Design,Secondary education,Yes,Yes,Yes,Yes,Yes,15.5,2.8,-4.06,Graduate
Female,18,Single,Journalism and Communication,Secondary education,Yes,Yes,Yes,Yes,Yes,9.4,-0.8,-3.12,Dropout
Male,19,Single,Equinculture,Secondary education,Yes,Yes,Yes,Yes,Yes,10.8,1.4,1.74,Dropout
Male,18,Single,Management,Secondary education,Yes,Yes,Yes,Yes,Yes,9.4,-0.8,-3.12,Graduate
Male,20,Single,Management,Secondary education,Yes,Yes,Yes,Yes,Yes,16.2,0.3,-0.92,Enrolled
Male,19,Single,Nursing,Secondary education,Yes,Yes,Yes,Yes,Yes,12.4,0.5,1.79,Graduate
Male,19,Single,Equinculture,Secondary education,Yes,Yes,Yes,Yes,Yes,11.1,0.6,2.02,Dropout
Male,19,Single,Agronomy,Secondary education,Yes,Yes,Yes,Yes,Yes,13.9,-0.3,0.79,Dropout
Male,41,Married,Management (evening attendance),Secondary education,Yes,Yes,Yes,Yes,Yes,9.4,-0.8,-3.12,Dropout
Male,19,Single,Nursing,Secondary education,Yes,Yes,Yes,Yes,Yes,12.4,0.5,1.79,Graduate
Male,19,Single,Tourism,Secondary education,Yes,Yes,Yes,Yes,Yes,12.7,3.7,-1.7,Enrolled
Male,23,Single,Nursing,Higher education - degree,No,No,No,No,No,12.7,3.7,-1.7,Dropout
Male,18,Single,Informatics Engineering,Secondary education,Yes,Yes,Yes,Yes,Yes,12.4,0.5,1.79,Dropout
Male,19,Single,Management,Secondary education,Yes,Yes,Yes,Yes,Yes,16.2,0.3,-0.92,Graduate
Male,20,Single,Agronomy,Technological specialization course,Yes,Yes,Yes,Yes,Yes,12.4,0.5,1.79,Graduate
Male,35,Single,Veterinary Nursing,Secondary education,No,No,No,No,No,7.6,2.6,0.32,Dropout
Male,34,Divorced,Advertising and Marketing Management,Basic education 3rd cycle (9th/10th/11th year) or equiv.,No,No,No,No,No,10.8,1.4,1.74,Dropout
Female,19,Single,Communication Design,Secondary education,No,No,No,No,No,10.8,1.4,1.74,Graduate
Male,22,Single,Social Service,Secondary education,No,No,No,No,No,13.9,-0.3,0.79,Graduate
Male,20,Single,Communication Design,Secondary education,Yes,Yes,Yes,Yes,Yes,11.1,0.6,2.02,Graduate
Male,27,Married,Management (evening attendance),Secondary education,Yes,Yes,Yes,Yes,Yes,12.7,3.7,-1.7,Enrolled
Male,30,Married,Informatics Engineering,Secondary education,Yes,Yes,Yes,Yes,Yes,7.6,2.6,0.32,Dropout
Male,34,Single,Informatics Engineering,Secondary education,Yes,Yes,Yes,Yes,Yes,10.8,1.4,1.74,Enrolled
Male,20,Single,Tourism,Secondary education,No,No,No,No,No,10.8,1.4,1.74,Dropout
Male,18,Single,Communication Design,Secondary education,Yes,Yes,Yes,Yes,Yes,7.6,2.6,0.32,Graduate
Male,26,Single,Equinculture,Secondary education,Yes,Yes,Yes,Yes,Yes,7.6,2.6,0.32,Dropout
Male,26,Single,Management (evening attendance),Secondary education,Yes,Yes,Yes,Yes,Yes,15.5,2.8,-4.06,Graduate
Male,26,Single,Management,Secondary education,No,No,No,No,No,10.8,1.4,1.74,Dropout
Male,31,Single,Management (evening attendance),Secondary education,No,No,No,No,No,12.4,0.5,1.79,Dropout
Male,20,Single,Animation and Multimedia Design,Secondary education,Yes,Yes,Yes,Yes,Yes,8.9,1.4,3.51,Graduate
Male,19,Single,Journalism and Communication,Secondary education,Yes,Yes,Yes,Yes,Yes,7.6,2.6,0.32,Graduate
Male,23,Single,Advertising and Marketing Management,Secondary education,No,No,No,No,No,7.6,2.6,0.32,Dropout
Male,20,Single,Nursing,Secondary education,Yes,Yes,Yes,Yes,Yes,11.1,0.6,2.02,Dropout
Male,20,Single,Nursing,Secondary education,Yes,Yes,Yes,Yes,Yes,11.1,0.6,2.02,Graduate
Male,29,Single,Social Service (evening attendance),Secondary education,Yes,Yes,Yes,Yes,Yes,7.6,2.6,0.32,Dropout
Male,20,Single,Journalism and Communication,Secondary education,Yes,Yes,Yes,Yes,Yes,9.4,-0.8,-3.12,Graduate
Male,24,Single,Nursing,Secondary education,Yes,Yes,Yes,Yes,Yes,7.6,2.6,0.32,Graduate
Male,37,Single,Oral Hygiene,Basic education 3rd cycle (9th/10th/11th year) or equiv.,Yes,Yes,Yes,Yes,Yes,11.1,0.6,2.02,Dropout
Male,18,Single,Nursing,Secondary education,Yes,Yes,Yes,Yes,Yes,7.6,2.6,0.32,Dropout
Male,18,Single,Animation and Multimedia Design,Secondary education,No,No,No,No,No,13.9,-0.3,0.79,Dropout
Male,18,Single,Nursing,Secondary education,Yes,Yes,Yes,Yes,Yes,12.7,3.7,-1.7,Graduate
Male,41,Married,Informatics Engineering,Technological specialization course,Yes,Yes,Yes,Yes,Yes,12.4,0.5,1.79,Enrolled
Male,35,Single,Agronomy,Secondary education,Yes,Yes,Yes,Yes,Yes,13.9,-0.3,0.79,Dropout
Female,19,Single,Tourism,Secondary education,Yes,Yes,Yes,Yes,Yes,8.9,1.4,3.51,Dropout
Male,18,Single,Animation and Multimedia Design,Secondary education,Yes,Yes,Yes,Yes,Yes,10.8,1.4,1.74,Graduate
Female,48,Married,Nursing,Secondary education,Yes,Yes,Yes,Yes,Yes,11.1,0.6,2.02,Enrolled
Female,19,Single,Nursing,Secondary education,Yes,Yes,Yes,Yes,Yes,7.6,2.6,0.32,Graduate
Male,30,Single,Agronomy,Technological specialization course,No,No,No,No,No,15.5,2.8,-4.06,Dropout
Male,51,Married,Journalism and Communication,Secondary education,No,No,No,No,No,12.7,3.7,-1.7,Dropout
Female,18,Single,Veterinary Nursing,Secondary education,Yes,Yes,Yes,Yes,Yes,11.1,0.6,2.02,Graduate
Female,18,Single,Animation and Multimedia Design,Secondary education,Yes,Yes,Yes,Yes,Yes,10.8,1.4,1.74,Graduate
Female,18,Single,Animation and Multimedia Design,Secondary education,Yes,Yes,Yes,Yes,Yes,11.1,0.6,2.02,Graduate
Female,18,Single,Nursing,Secondary education,Yes,Yes,Yes,Yes,Yes,9.4,-0.8,-3.12,Graduate
Female,18,Single,Equinculture,Secondary education,Yes,Yes,Yes,Yes,Yes,10.8,1.4,1.74,Dropout
Female,18,Single,Animation and Multimedia Design,Secondary education,Yes,Yes,Yes,Yes,Yes,12.4,0.5,1.79,Enrolled
Female,23,Single,Animation and Multimedia Design,Secondary education,Yes,Yes,Yes,Yes,Yes,12.4,0.5,1.79,Graduate
Female,19,Single,Communication Design,Secondary education,Yes,Yes,Yes,Yes,Yes,7.6,2.6,0.32,Enrolled
Female,21,Single,Veterinary Nursing,Secondary education,Yes,Yes,Yes,Yes,Yes,11.1,0.6,2.02,Enrolled
Female,18,Single,Journalism and Communication,Secondary education,No,No,No,No,No,11.1,0.6,2.02,Dropout
Female,18,Single,Animation and Multimedia Design,Secondary education,Yes,Yes,Yes,Yes,Yes,11.1,0.6,2.02,Graduate
Female,21,Single,Veterinary Nursing,Professional higher technical course,Yes,Yes,Yes,Yes,Yes,8.9,1.4,3.51,Graduate
Female,20,Single,Journalism and Communication,Secondary education,Yes,Yes,Yes,Yes,Yes,12.4,0.5,1.79,Graduate
Female,24,Single,Veterinary Nursing,Secondary education,Yes,Yes,Yes,Yes,Yes,9.4,-0.8,-3.12,Graduate
Female,18,Single,Equinculture,Secondary education,Yes,Yes,Yes,Yes,Yes,13.9,-0.3,0.79,Graduate
Female,18,Single,Nursing,Secondary education,Yes,Yes,Yes,Yes,Yes,7.6,2.6,0.32,Graduate
Female,19,Single,Journalism and Communication,Secondary education,Yes,Yes,Yes,Yes,Yes,11.1,0.6,2.02,Graduate
Female,20,Single,Social Service,Technological specialization course,Yes,Yes,Yes,Yes,Yes,13.9,-0.3,0.79,Graduate
Female,18,Single,Nursing,Secondary education,Yes,Yes,Yes,Yes,Yes,12.4,0.5,1.79,Graduate
Female,18,Single,Nursing,Secondary education,Yes,Yes,Yes,Yes,Yes,10.8,1.4,1.74,Graduate
Female,19,Single,Basic Education,Secondary education,Yes,Yes,Yes,Yes,Yes,15.5,2.8,-4.06,Enrolled
Female,19,Single,Nursing,Secondary education,Yes,Yes,Yes,Yes,Yes,7.6,2.6,0.32,Graduate
Female,18,Single,Advertising and Marketing Management,Secondary education,Yes,Yes,Yes,Yes,Yes,13.9,-0.3,0.79,Graduate
Female,20,Single,Nursing,Secondary education,Yes,Yes,Yes,Yes,Yes,9.4,-0.8,-3.12,Graduate
Female,18,Single,Oral Hygiene,Secondary education,Yes,Yes,Yes,Yes,Yes,16.2,0.3,-0.92,Graduate
Female,18,Married,Social Service (evening attendance),Secondary education,No,No,No,No,No,7.6,2.6,0.32,Dropout
Female,18,Single,Basic Education,Secondary education,Yes,Yes,Yes,Yes,Yes,7.6,2.6,0.32,Graduate
Female,18,Single,Nursing,Secondary education,Yes,Yes,Yes,Yes,Yes,7.6,2.6,0.32,Graduate
Female,18,Single,Nursing,Secondary education,Yes,Yes,Yes,Yes,Yes,7.6,2.6,0.32,Graduate
Female,20,Single,Nursing,Secondary education,Yes,Yes,Yes,Yes,Yes,16.2,0.3,-0.92,Graduate
Female,22,Single,Communication Design,Secondary education,Yes,Yes,Yes,Yes,Yes,12.7,3.7,-1.7,Graduate
Female,20,Single,Advertising and Marketing Management,Secondary education,Yes,Yes,Yes,Yes,Yes,13.9,-0.3,0.79,Enrolled
Female,20,Single,Veterinary Nursing,Technological specialization course,Yes,Yes,Yes,Yes,Yes,13.9,-0.3,0.79,Enrolled
Female,18,Single,Social Service,Secondary education,Yes,Yes,Yes,Yes,Yes,9.4,-0.8,-3.12,Graduate
Female,18,Single,Basic Education,Secondary education,Yes,Yes,Yes,Yes,Yes,9.4,-0.8,-3.12,Enrolled
Female,18,Single,Management,Secondary education,Yes,Yes,Yes,Yes,Yes,9.4,-0.8,-3.12,Graduate
Female,18,Single,Advertising and Marketing Management,Secondary education,Yes,Yes,Yes,Yes,Yes,15.5,2.8,-4.06,Dropout
Female,19,Single,Social Service,Secondary education,Yes,Yes,Yes,Yes,Yes,11.1,0.6,2.02,Graduate
Female,19,Single,Veterinary Nursing,Secondary education,Yes,Yes,Yes,Yes,Yes,10.8,1.4,1.74,Graduate
Female,18,Single,Journalism and Communication,Secondary education,Yes,Yes,Yes,Yes,Yes,13.9,-0.3,0.79,Graduate
Female,18,Single,Communication Design,Secondary education,No,No,No,No,No,8.9,1.4,3.51,Enrolled
Female,18,Single,Nursing,Secondary education,Yes,Yes,Yes,Yes,Yes,11.1,0.6,2.02,Graduate
Female,18,Single,Nursing,Secondary education,Yes,Yes,Yes,Yes,Yes,15.5,2.8,-4.06,Graduate
Female,19,Single,Advertising and Marketing Management,Secondary education,Yes,Yes,Yes,Yes,Yes,12.4,0.5,1.79,Graduate
Female,18,Single,Social Service,Secondary education,Yes,Yes,Yes,Yes,Yes,8.9,1.4,3.51,Graduate
Female,25,Single,Nursing,Basic education 3rd cycle (9th/10th/11th year) or equiv.,Yes,Yes,Yes,Yes,Yes,9.4,-0.8,-3.12,Graduate
Female,19,Single,Nursing,Secondary education,Yes,Yes,Yes,Yes,Yes,12.4,0.5,1.79,Graduate
Female,18,Single,Nursing,Secondary education,Yes,Yes,Yes,Yes,Yes,11.1,0.6,2.02,Graduate
Female,19,Single,Equinculture,Secondary education,Yes,Yes,Yes,Yes,Yes,13.9,-0.3,0.79,Graduate
Female,18,Married,Nursing,Secondary education,Yes,Yes,Yes,Yes,Yes,7.6,2.6,0.32,Graduate
Female,24,Single,Veterinary Nursing,Secondary education,Yes,Yes,Yes,Yes,Yes,13.9,-0.3,0.79,Dropout
Female,21,Single,Journalism and Communication,Secondary education,Yes,Yes,Yes,Yes,Yes,11.1,0.6,2.02,Graduate
Female,18,Single,Tourism,Secondary education,Yes,Yes,Yes,Yes,Yes,8.9,1.4,3.51,Graduate
Female,18,Single,Social Service,Secondary education,Yes,Yes,Yes,Yes,Yes,8.9,1.4,3.51,Graduate
Female,20,Married,Communication Design,Secondary education,Yes,Yes,Yes,Yes,Yes,11.1,0.6,2.02,Graduate
Female,19,Single,Communication Design,Secondary education,Yes,Yes,Yes,Yes,Yes,12.4,0.5,1.79,Graduate
Female,19,Single,Journalism and Communication,Secondary education,Yes,Yes,Yes,Yes,Yes,13.9,-0.3,0.79,Dropout
Female,30,Single,Nursing,Secondary education,Yes,Yes,Yes,Yes,Yes,12.4,0.5,1.79,Graduate
Female,18,Single,Nursing,Secondary education,Yes,Yes,Yes,Yes,Yes,9.4,-0.8,-3.12,Graduate
Female,18,Single,Veterinary Nursing,Secondary education,Yes,Yes,Yes,Yes,Yes,12.7,3.7,-1.7,Graduate
Female,18,Single,Journalism and Communication,Secondary education,Yes,Yes,Yes,Yes,Yes,9.4,-0.8,-3.12,Graduate
Female,20,Single,Nursing,Secondary education,Yes,Yes,Yes,Yes,Yes,15.5,2.8,-4.06,Graduate
Female,19,Single,Tourism,Secondary education,Yes,Yes,Yes,Yes,Yes,11.1,0.6,2.02,Dropout
Female,19,Single,Tourism,Secondary education,Yes,Yes,Yes,Yes,Yes,10.8,1.4,1.74,Dropout
Female,19,Single,Animation and Multimedia Design,Secondary education,No,No,No,No,No,10.8,1.4,1.74,Dropout
Female,18,Single,Tourism,Secondary education,Yes,Yes,Yes,Yes,Yes,8.9,1.4,3.51,Graduate
Female,17,Single,Nursing,Secondary education,Yes,Yes,Yes,Yes,Yes,10.8,1.4,1.74,Enrolled
Female,19,Single,Basic Education,Secondary education,Yes,Yes,Yes,Yes,Yes,12.4,0.5,1.79,Graduate
Female,18,Single,Social Service,Secondary education,Yes,Yes,Yes,Yes,Yes,13.9,-0.3,0.79,Enrolled
Female,25,Single,Nursing,Higher education - degree,Yes,Yes,Yes,Yes,Yes,10.8,1.4,1.74,Graduate
Female,19,Single,Social Service,Secondary education,Yes,Yes,Yes,Yes,Yes,11.1,0.6,2.02,Dropout
Female,24,Single,Veterinary Nursing,Professional higher technical course,No,No,No,No,No,8.9,1.4,3.51,Enrolled
Female,19,Single,Social Service,Secondary education,Yes,Yes,Yes,Yes,Yes,9.4,-0.8,-3.12,Graduate
Female,20,Single,Nursing,Secondary education,Yes,Yes,Yes,Yes,Yes,9.4,-0.8,-3.12,Enrolled
Female,20,Single,Advertising and Marketing Management,Secondary education,Yes,Yes,Yes,Yes,Yes,12.4,0.5,1.79,Graduate
Female,20,Single,Nursing,Secondary education,Yes,Yes,Yes,Yes,Yes,13.9,-0.3,0.79,Graduate
Female,19,Single,Veterinary Nursing,Secondary education,Yes,Yes,Yes,Yes,Yes,12.7,3.7,-1.7,Graduate
Female,31,Single,Agronomy,Higher education - master's,Yes,Yes,Yes,Yes,Yes,15.5,2.8,-4.06,Graduate
Female,20,Single,Veterinary Nursing,Secondary education,Yes,Yes,Yes,Yes,Yes,9.4,-0.8,-3.12,Graduate
Female,18,Single,Veterinary Nursing,Secondary education,Yes,Yes,Yes,Yes,Yes,9.4,-0.8,-3.12,Enrolled
Female,18,Single,Basic Education,Secondary education,Yes,Yes,Yes,Yes,Yes,12.7,3.7,-1.7,Enrolled
Female,18,Single,Advertising and Marketing Management,Secondary education,Yes,Yes,Yes,Yes,Yes,13.9,-0.3,0.79,Graduate
Female,20,Single,Social Service,Secondary education,Yes,Yes,Yes,Yes,Yes,11.1,0.6,2.02,Enrolled
Female,20,Single,Veterinary Nursing,Secondary education,Yes,Yes,Yes,Yes,Yes,8.9,1.4,3.51,Graduate
Female,19,Single,Advertising and Marketing Management,Secondary education,Yes,Yes,Yes,Yes,Yes,10.8,1.4,1.74,Dropout
Female,21,Single,Management,Secondary education,Yes,Yes,Yes,Yes,Yes,12.7,3.7,-1.7,Graduate
Female,18,Single,Nursing,Secondary education,Yes,Yes,Yes,Yes,Yes,12.4,0.5,1.79,Graduate
Female,21,Single,Communication Design,Secondary education,Yes,Yes,Yes,Yes,Yes,11.1,0.6,2.02,Dropout
Female,19,Single,Nursing,Secondary education,Yes,Yes,Yes,Yes,Yes,11.1,0.6,2.02,Enrolled
Female,20,Single,Social Service,Technological specialization course,Yes,Yes,Yes,Yes,Yes,13.9,-0.3,0.79,Graduate
Female,20,Single,Veterinary Nursing,Secondary education,Yes,Yes,Yes,Yes,Yes,13.9,-0.3,0.79,Enrolled
Female,18,Single,Advertising and Marketing Management,Secondary education,Yes,Yes,Yes,Yes,Yes,12.4,0.5,1.79,Graduate
Female,18,Single,Management,Secondary education,Yes,Yes,Yes,Yes,Yes,12.4,0.5,1.79,Graduate
Female,18,Single,Social Service,Secondary education,Yes,Yes,Yes,Yes,Yes,8.9,1.4,3.51,Graduate
Female,21,Single,Veterinary Nursing,Technological specialization course,Yes,Yes,Yes,Yes,Yes,10.8,1.4,1.74,Graduate
Female,18,Single,Nursing,Secondary education,Yes,Yes,Yes,Yes,Yes,7.6,2.6,0.32,Graduate
Female,18,Single,Nursing,Secondary education,Yes,Yes,Yes,Yes,Yes,9.4,-0.8,-3.12,Graduate
Female,20,Single,Tourism,Secondary education,Yes,Yes,Yes,Yes,Yes,12.7,3.7,-1.7,Graduate
Female,32,Married,Nursing,Higher education - bachelor's degree,Yes,Yes,Yes,Yes,Yes,9.4,-0.8,-3.12,Graduate
Female,34,Married,Management (evening attendance),Secondary education,Yes,Yes,Yes,Yes,Yes,9.4,-0.8,-3.12,Enrolled
Female,23,Single,Nursing,Secondary education,Yes,Yes,Yes,Yes,Yes,11.1,0.6,2.02,Graduate
Female,18,Single,Advertising and Marketing Management,Secondary education,Yes,Yes,Yes,Yes,Yes,8.9,1.4,3.51,Enrolled
Female,18,Single,Social Service (evening attendance),Secondary education,Yes,Yes,Yes,Yes,Yes,10.8,1.4,1.74,Graduate
Female,34,Single,Animation and Multimedia Design,Higher education - bachelor's degree,Yes,Yes,Yes,Yes,Yes,10.8,1.4,1.74,Dropout
Female,25,Single,Social Service (evening attendance),Secondary education,Yes,Yes,Yes,Yes,Yes,8.9,1.4,3.51,Enrolled
Female,21,Single,Management,Secondary education,Yes,Yes,Yes,Yes,Yes,11.1,0.6,2.02,Graduate
Female,20,Single,Tourism,Secondary education,Yes,Yes,Yes,Yes,Yes,7.6,2.6,0.32,Dropout
Female,18,Single,Social Service,Secondary education,Yes,Yes,Yes,Yes,Yes,7.6,2.6,0.32,Graduate
Female,18,Single,Veterinary Nursing,Secondary education,Yes,Yes,Yes,Yes,Yes,12.4,0.5,1.79,Graduate
Female,18,Single,Journalism and Communication,Secondary education,Yes,Yes,Yes,Yes,Yes,13.9,-0.3,0.79,Graduate
Female,24,Single,Social Service (evening attendance),Secondary education,Yes,Yes,Yes,Yes,Yes,9.4,-0.8,-3.12,Dropout
Female,32,Single,Management,Secondary education,No,No,No,No,No,16.2,0.3,-0.92,Graduate
Female,24,Single,Tourism,Secondary education,No,No,No,No,No,8.9,1.4,3.51,Dropout
Female,18,Single,Social Service,Secondary education,Yes,Yes,Yes,Yes,Yes,15.5,2.8,-4.06,Dropout
Female,28,Single,Tourism,Secondary education,Yes,Yes,Yes,Yes,Yes,8.9,1.4,3.51,Graduate
Female,18,Single,Basic Education,Secondary education,Yes,Yes,Yes,Yes,Yes,10.8,1.4,1.74,Dropout
Female,24,Single,Basic Education,Higher education - degree,No,No,No,No,No,9.4,-0.8,-3.12,Dropout
Female,19,Single,Veterinary Nursing,Secondary education,Yes,Yes,Yes,Yes,Yes,7.6,2.6,0.32,Graduate
Female,44,Married,Social Service (evening attendance),Secondary education,Yes,Yes,Yes,Yes,Yes,10.8,1.4,1.74,Graduate
Female,18,Single,Veterinary Nursing,Secondary education,Yes,Yes,Yes,Yes,Yes,15.5,2.8,-4.06,Graduate
Female,18,Single,Animation and Multimedia Design,Secondary education,Yes,Yes,Yes,Yes,Yes,7.6,2.6,0.32,Graduate
Female,22,Single,Journalism and Communication,Secondary education,Yes,Yes,Yes,Yes,Yes,7.6,2.6,0.32,Dropout
Female,18,Single,Basic Education,Secondary education,Yes,Yes,Yes,Yes,Yes,11.1,0.6,2.02,Graduate
Female,44,Married,Management (evening attendance),Secondary education,Yes,Yes,Yes,Yes,Yes,15.5,2.8,-4.06,Graduate
Female,33,De Facto Union,Basic Education,Basic education 3rd cycle (9th/10th/11th year) or equiv.,Yes,Yes,Yes,Yes,Yes,7.6,2.6,0.32,Dropout
Female,32,Married,Basic Education,Secondary education,No,No,No,No,No,10.8,1.4,1.74,Dropout
Female,35,Married,Agronomy,Secondary education,No,No,No,No,No,15.5,2.8,-4.06,Dropout
Female,20,Single,Social Service,Secondary education,Yes,Yes,Yes,Yes,Yes,11.1,0.6,2.02,Graduate
Female,24,Single,Tourism,Secondary education,Yes,Yes,Yes,Yes,Yes,9.4,-0.8,-3.12,Graduate
Female,19,Single,Nursing,Secondary education,Yes,Yes,Yes,Yes,Yes,16.2,0.3,-0.92,Graduate
Female,21,Single,Tourism,Secondary education,Yes,Yes,Yes,Yes,Yes,12.4,0.5,1.79,Enrolled
Male,19,Single,Journalism and Communication,Secondary education,Yes,Yes,Yes,Yes,Yes,12.7,3.7,-1.7,Graduate
Male,27,Single,Agronomy,Secondary education,No,No,No,No,No,15.5,2.8,-4.06,Dropout
Female,30,Single,Basic Education,Secondary education,No,No,No,No,No,12.7,3.7,-1.7,Dropout
Male,21,Single,Animation and Multimedia Design,Secondary education,Yes,Yes,Yes,Yes,Yes,10.8,1.4,1.74,Dropout
Male,19,Single,Communication Design,Secondary education,Yes,Yes,Yes,Yes,Yes,8.9,1.4,3.51,Graduate
Female,34,Married,Management (evening attendance),Secondary education,Yes,Yes,Yes,Yes,Yes,9.4,-0.8,-3.12,Enrolled
Male,18,Single,Nursing,Secondary education,Yes,Yes,Yes,Yes,Yes,13.9,-0.3,0.79,Graduate
Male,21,Single,Animation and Multimedia Design,Secondary education,Yes,Yes,Yes,Yes,Yes,9.4,-0.8,-3.12,Graduate
Male,17,Single,Animation and Multimedia Design,Secondary education,Yes,Yes,Yes,Yes,Yes,15.5,2.8,-4.06,Enrolled
Female,19,Single,Nursing,Secondary education,Yes,Yes,Yes,Yes,Yes,7.6,2.6,0.32,Graduate
Male,18,Single,Journalism and Communication,Secondary education,Yes,Yes,Yes,Yes,Yes,12.7,3.7,-1.7,Graduate
Female,19,Single,Nursing,Secondary education,Yes,Yes,Yes,Yes,Yes,11.1,0.6,2.02,Graduate
Female,45,Divorced,Tourism,Secondary education,Yes,Yes,Yes,Yes,Yes,12.7,3.7,-1.7,Dropout
Female,26,Single,Veterinary Nursing,Secondary education,Yes,Yes,Yes,Yes,Yes,15.5,2.8,-4.06,Graduate
Male,51,Married,Management (evening attendance),Secondary education,Yes,Yes,Yes,Yes,Yes,12.7,3.7,-1.7,Dropout
Male,49,Married,Journalism and Communication,Basic education 3rd cycle (9th/10th/11th year) or equiv.,Yes,Yes,Yes,Yes,Yes,10.8,1.4,1.74,Graduate
Male,22,Single,Nursing,Secondary education,Yes,Yes,Yes,Yes,Yes,15.5,2.8,-4.06,Enrolled
Male,22,Single,Management,Secondary education,Yes,Yes,Yes,Yes,Yes,7.6,2.6,0.32,Dropout
Female,33,Married,Equinculture,Higher education - degree,Yes,Yes,Yes,Yes,Yes,9.4,-0.8,-3.12,Dropout
Female,20,Single,Advertising and Marketing Management,Secondary education,Yes,Yes,Yes,Yes,Yes,9.4,-0.8,-3.12,Graduate
Female,18,Single,Social Service,Secondary education,Yes,Yes,Yes,Yes,Yes,10.8,1.4,1.74,Graduate
Female,20,Single,Basic Education,Secondary education,No,No,No,No,No,10.8,1.4,1.74,Dropout
Female,37,Married,Management (evening attendance),Secondary education,Yes,Yes,Yes,Yes,Yes,8.9,1.4,3.51,Graduate
Male,18,Single,Tourism,Secondary education,Yes,Yes,Yes,Yes,Yes,7.6,2.6,0.32,Graduate
Female,19,Single,Tourism,Secondary education,Yes,Yes,Yes,Yes,Yes,12.4,0.5,1.79,Graduate
Female,21,Single,Veterinary Nursing,Technological specialization course,Yes,Yes,Yes,Yes,Yes,12.4,0.5,1.79,Graduate
Female,20,Single,Nursing,Secondary education,Yes,Yes,Yes,Yes,Yes,13.9,-0.3,0.79,Graduate
Female,19,Single,Nursing,Secondary education,Yes,Yes,Yes,Yes,Yes,13.9,-0.3,0.79,Dropout
Female,20,Single,Oral Hygiene,Secondary education,Yes,Yes,Yes,Yes,Yes,11.1,0.6,2.02,Dropout
Female,18,Single,Nursing,Secondary education,Yes,Yes,Yes,Yes,Yes,13.9,-0.3,0.79,Graduate
Female,19,Single,Nursing,Secondary education,Yes,Yes,Yes,Yes,Yes,12.7,3.7,-1.7,Graduate
Female,18,Single,Social Service,Secondary education,Yes,Yes,Yes,Yes,Yes,15.5,2.8,-4.06,Graduate
Female,18,Single,Social Service,Secondary education,Yes,Yes,Yes,Yes,Yes,15.5,2.8,-4.06,Graduate
Female,18,Single,Journalism and Communication,Secondary education,Yes,Yes,Yes,Yes,Yes,12.7,3.7,-1.7,Dropout
Female,19,Single,Nursing,Secondary education,Yes,Yes,Yes,Yes,Yes,12.4,0.5,1.79,Enrolled
Female,18,Single,Oral Hygiene,Secondary education,Yes,Yes,Yes,Yes,Yes,16.2,0.3,-0.92,Graduate
Female,19,Single,Communication Design,Secondary education,Yes,Yes,Yes,Yes,Yes,11.1,0.6,2.02,Graduate
Female,24,Single,Agronomy,Professional higher technical course,Yes,Yes,Yes,Yes,Yes,8.9,1.4,3.51,Graduate
Female,20,Single,Veterinary Nursing,Technological specialization course,Yes,Yes,Yes,Yes,Yes,12.4,0.5,1.79,Enrolled
Female,21,Single,Management,Secondary education,Yes,Yes,Yes,Yes,Yes,9.4,-0.8,-3.12,Graduate
Female,20,Single,Veterinary Nursing,Technological specialization course,No,No,No,No,No,16.2,0.3,-0.92,Dropout
Female,19,Single,Nursing,Secondary education,Yes,Yes,Yes,Yes,Yes,16.2,0.3,-0.92,Graduate
Female,19,Single,Oral Hygiene,Secondary education,Yes,Yes,Yes,Yes,Yes,10.8,1.4,1.74,Graduate
Female,18,Single,Nursing,Secondary education,Yes,Yes,Yes,Yes,Yes,12.7,3.7,-1.7,Graduate
Female,19,Single,Veterinary Nursing,Secondary education,Yes,Yes,Yes,Yes,Yes,16.2,0.3,-0.92,Graduate
Female,21,Single,Management,Secondary education,Yes,Yes,Yes,Yes,Yes,8.9,1.4,3.51,Graduate
Female,19,Single,Basic Education,Secondary education,Yes,Yes,Yes,Yes,Yes,15.5,2.8,-4.06,Graduate
Female,18,Single,Tourism,Secondary education,Yes,Yes,Yes,Yes,Yes,8.9,1.4,3.51,Graduate
Female,17,Single,Communication Design,Secondary education,Yes,Yes,Yes,Yes,Yes,15.5,2.8,-4.06,Graduate
Female,19,Single,Basic Education,Secondary education,Yes,Yes,Yes,Yes,Yes,15.5,2.8,-4.06,Enrolled
Male,23,Single,Management,Secondary education,No,No,No,No,No,9.4,-0.8,-3.12,Dropout
Female,19,Single,Advertising and Marketing Management,Secondary education,Yes,Yes,Yes,Yes,Yes,8.9,1.4,3.51,Graduate
Female,18,Single,Nursing,Secondary education,Yes,Yes,Yes,Yes,Yes,7.6,2.6,0.32,Graduate
Female,20,Single,Advertising and Marketing Management,Secondary education,Yes,Yes,Yes,Yes,Yes,15.5,2.8,-4.06,Graduate
Female,19,Single,Veterinary Nursing,Secondary education,Yes,Yes,Yes,Yes,Yes,10.8,1.4,1.74,Graduate
Female,18,Single,Social Service,Secondary education,Yes,Yes,Yes,Yes,Yes,12.4,0.5,1.79,Graduate
Female,19,Single,Social Service,Secondary education,Yes,Yes,Yes,Yes,Yes,13.9,-0.3,0.79,Graduate
Female,19,Single,Social Service,Secondary education,Yes,Yes,Yes,Yes,Yes,10.8,1.4,1.74,Graduate
Female,18,Single,Nursing,Secondary education,Yes,Yes,Yes,Yes,Yes,9.4,-0.8,-3.12,Graduate
Female,18,Single,Nursing,Secondary education,Yes,Yes,Yes,Yes,Yes,13.9,-0.3,0.79,Graduate
Female,19,Single,Nursing,Secondary education,Yes,Yes,Yes,Yes,Yes,7.6,2.6,0.32,Graduate
Female,19,Single,Nursing,Secondary education,Yes,Yes,Yes,Yes,Yes,12.7,3.7,-1.7,Graduate
Female,19,Single,Nursing,Secondary education,Yes,Yes,Yes,Yes,Yes,7.6,2.6,0.32,Graduate
Female,21,Single,Nursing,Secondary education,Yes,Yes,Yes,Yes,Yes,15.5,2.8,-4.06,Graduate
Female,18,Single,Journalism and Communication,Secondary education,Yes,Yes,Yes,Yes,Yes,13.9,-0.3,0.79,Graduate
Female,19,Single,Journalism and Communication,Secondary education,Yes,Yes,Yes,Yes,Yes,11.1,0.6,2.02,Graduate
Female,18,Single,Journalism and Communication,Secondary education,No,No,No,No,No,12.7,3.7,-1.7,Dropout
Female,30,Single,Social Service (evening attendance),Higher education - degree,Yes,Yes,Yes,Yes,Yes,10.8,1.4,1.74,Dropout
Female,18,Single,Equinculture,Secondary education,Yes,Yes,Yes,Yes,Yes,13.9,-0.3,0.79,Dropout
Female,20,Single,Nursing,Secondary education,Yes,Yes,Yes,Yes,Yes,7.6,2.6,0.32,Graduate
Female,25,Single,Advertising and Marketing Management,Basic education 3rd cycle (9th/10th/11th year) or equiv.,No,No,No,No,No,9.4,-0.8,-3.12,Dropout
Female,18,Single,Nursing,Secondary education,Yes,Yes,Yes,Yes,Yes,7.6,2.6,0.32,Graduate
Female,21,De Facto Union,Veterinary Nursing,Secondary education,Yes,Yes,Yes,Yes,Yes,9.4,-0.8,-3.12,Enrolled
Female,18,Single,Nursing,Secondary education,Yes,Yes,Yes,Yes,Yes,12.7,3.7,-1.7,Graduate
Female,18,Single,Nursing,Secondary education,Yes,Yes,Yes,Yes,Yes,7.6,2.6,0.32,Graduate
Female,29,Single,Basic Education,Secondary education,No,No,No,No,No,12.7,3.7,-1.7,Dropout
Female,20,Single,Equinculture,Secondary education,Yes,Yes,Yes,Yes,Yes,15.5,2.8,-4.06,Graduate
Female,26,Single,Nursing,Higher education - degree,Yes,Yes,Yes,Yes,Yes,13.9,-0.3,0.79,Dropout
Female,21,Single,Social Service,Secondary education,Yes,Yes,Yes,Yes,Yes,12.4,0.5,1.79,Graduate
Female,19,Single,Nursing,Secondary education,Yes,Yes,Yes,Yes,Yes,9.4,-0.8,-3.12,Graduate
Female,19,Single,Tourism,Secondary education,Yes,Yes,Yes,Yes,Yes,16.2,0.3,-0.92,Dropout
Female,21,Single,Journalism and Communication,Secondary education,Yes,Yes,Yes,Yes,Yes,15.5,2.8,-4.06,Enrolled
Female,20,Single,Social Service (evening attendance),Secondary education,Yes,Yes,Yes,Yes,Yes,16.2,0.3,-0.92,Graduate
Female,18,Single,Nursing,Secondary education,Yes,Yes,Yes,Yes,Yes,15.5,2.8,-4.06,Graduate
Female,20,Single,Journalism and Communication,Secondary education,No,No,No,No,No,7.6,2.6,0.32,Dropout
Female,20,Single,Social Service,Secondary education,Yes,Yes,Yes,Yes,Yes,16.2,0.3,-0.92,Graduate
Female,18,Single,Nursing,Secondary education,Yes,Yes,Yes,Yes,Yes,16.2,0.3,-0.92,Enrolled
Female,18,Single,Communication Design,Secondary education,Yes,Yes,Yes,Yes,Yes,9.4,-0.8,-3.12,Enrolled
Female,18,Single,Journalism and Communication,Secondary education,Yes,Yes,Yes,Yes,Yes,9.4,-0.8,-3.12,Graduate
Female,18,Single,Veterinary Nursing,Secondary education,Yes,Yes,Yes,Yes,Yes,10.8,1.4,1.74,Enrolled
Female,22,Single,Veterinary Nursing,Technological specialization course,Yes,Yes,Yes,Yes,Yes,13.9,-0.3,0.79,Graduate
Female,19,Single,Veterinary Nursing,Technological specialization course,Yes,Yes,Yes,Yes,Yes,12.7,3.7,-1.7,Enrolled
Female,19,Single,Agronomy,Secondary education,Yes,Yes,Yes,Yes,Yes,12.4,0.5,1.79,Graduate
Female,18,Single,Oral Hygiene,Secondary education,Yes,Yes,Yes,Yes,Yes,12.7,3.7,-1.7,Graduate
Female,20,Single,Social Service,Secondary education,Yes,Yes,Yes,Yes,Yes,11.1,0.6,2.02,Graduate
Female,18,Single,Basic Education,Secondary education,Yes,Yes,Yes,Yes,Yes,10.8,1.4,1.74,Dropout
Female,21,Single,Advertising and Marketing Management,Secondary education,Yes,Yes,Yes,Yes,Yes,8.9,1.4,3.51,Dropout
Female,19,Single,Social Service,Secondary education,Yes,Yes,Yes,Yes,Yes,12.4,0.5,1.79,Graduate
Female,18,Single,Nursing,Secondary education,Yes,Yes,Yes,Yes,Yes,9.4,-0.8,-3.12,Dropout
Female,18,Single,Journalism and Communication,Secondary education,Yes,Yes,Yes,Yes,Yes,7.6,2.6,0.32,Graduate
Female,18,Single,Animation and Multimedia Design,Secondary education,Yes,Yes,Yes,Yes,Yes,12.4,0.5,1.79,Enrolled
Female,21,Single,Veterinary Nursing,Secondary education,No,No,No,No,No,15.5,2.8,-4.06,Dropout
Female,19,Single,Management,Secondary education,Yes,Yes,Yes,Yes,Yes,13.9,-0.3,0.79,Graduate
Female,19,Single,Management,Secondary education,Yes,Yes,Yes,Yes,Yes,9.4,-0.8,-3.12,Graduate
Female,19,Single,Social Service,Secondary education,Yes,Yes,Yes,Yes,Yes,16.2,0.3,-0.92,Dropout
Female,18,Single,Animation and Multimedia Design,Secondary education,Yes,Yes,Yes,Yes,Yes,13.9,-0.3,0.79,Graduate
Female,19,Single,Tourism,Secondary education,Yes,Yes,Yes,Yes,Yes,10.8,1.4,1.74,Dropout
Female,20,Single,Nursing,Secondary education,Yes,Yes,Yes,Yes,Yes,16.2,0.3,-0.92,Dropout
Female,18,Single,Nursing,Secondary education,No,No,No,No,No,9.4,-0.8,-3.12,Dropout
Female,19,Single,Animation and Multimedia Design,Secondary education,Yes,Yes,Yes,Yes,Yes,11.1,0.6,2.02,Dropout
Female,18,Single,Communication Design,Secondary education,Yes,Yes,Yes,Yes,Yes,10.8,1.4,1.74,Graduate
Female,18,Single,Veterinary Nursing,Secondary education,Yes,Yes,Yes,Yes,Yes,11.1,0.6,2.02,Enrolled
Female,19,Single,Social Service,Secondary education,Yes,Yes,Yes,Yes,Yes,16.2,0.3,-0.92,Graduate
Female,20,Single,Management,Secondary education,Yes,Yes,Yes,Yes,Yes,7.6,2.6,0.32,Graduate
Female,19,Single,Nursing,Secondary education,Yes,Yes,Yes,Yes,Yes,16.2,0.3,-0.92,Graduate
Female,18,Single,Nursing,Secondary education,Yes,Yes,Yes,Yes,Yes,12.7,3.7,-1.7,Graduate
Female,25,Single,Tourism,Secondary education,Yes,Yes,Yes,Yes,Yes,15.5,2.8,-4.06,Dropout
Female,18,Single,Communication Design,Secondary education,No,No,No,No,No,7.6,2.6,0.32,Graduate
Female,19,Single,Journalism and Communication,Secondary education,Yes,Yes,Yes,Yes,Yes,8.9,1.4,3.51,Graduate
Female,19,Single,Oral Hygiene,Secondary education,Yes,Yes,Yes,Yes,Yes,15.5,2.8,-4.06,Graduate
Female,20,Single,Management,Secondary education,No,No,No,No,No,9.4,-0.8,-3.12,Dropout
Female,18,Single,Nursing,Secondary education,Yes,Yes,Yes,Yes,Yes,13.9,-0.3,0.79,Enrolled
Female,20,Single,Veterinary Nursing,Secondary education,Yes,Yes,Yes,Yes,Yes,10.8,1.4,1.74,Graduate
Female,21,Single,Social Service,Secondary education,Yes,Yes,Yes,Yes,Yes,11.1,0.6,2.02,Graduate
Female,19,Single,Animation and Multimedia Design,Secondary education,Yes,Yes,Yes,Yes,Yes,12.7,3.7,-1.7,Graduate
Female,42,Married,Social Service (evening attendance),Other - 11th year of schooling,Yes,Yes,Yes,Yes,Yes,10.8,1.4,1.74,Graduate
Female,18,Single,Equinculture,Secondary education,No,No,No,No,No,8.9,1.4,3.51,Enrolled
Female,19,Single,Communication Design,Secondary education,Yes,Yes,Yes,Yes,Yes,15.5,2.8,-4.06,Graduate
Female,18,Single,Tourism,Secondary education,Yes,Yes,Yes,Yes,Yes,8.9,1.4,3.51,Graduate
Female,21,Single,Veterinary Nursing,Secondary education,Yes,Yes,Yes,Yes,Yes,10.8,1.4,1.74,Graduate
Female,20,Single,Social Service,Secondary education,Yes,Yes,Yes,Yes,Yes,16.2,0.3,-0.92,Graduate
Female,20,Single,Basic Education,Secondary education,Yes,Yes,Yes,Yes,Yes,11.1,0.6,2.02,Graduate
Female,21,Single,Veterinary Nursing,Technological specialization course,Yes,Yes,Yes,Yes,Yes,12.4,0.5,1.79,Enrolled
Female,19,Single,Nursing,Secondary education,Yes,Yes,Yes,Yes,Yes,15.5,2.8,-4.06,Graduate
Female,21,Single,Social Service,Secondary education,Yes,Yes,Yes,Yes,Yes,7.6,2.6,0.32,Graduate
Female,19,Single,Communication Design,Secondary education,Yes,Yes,Yes,Yes,Yes,8.9,1.4,3.51,Graduate
Female,19,Single,Nursing,Secondary education,Yes,Yes,Yes,Yes,Yes,15.5,2.8,-4.06,Graduate
Female,18,Single,Animation and Multimedia Design,Secondary education,Yes,Yes,Yes,Yes,Yes,9.4,-0.8,-3.12,Enrolled
Female,22,Single,Veterinary Nursing,Technological specialization course,Yes,Yes,Yes,Yes,Yes,16.2,0.3,-0.92,Graduate
Female,21,Single,Basic Education,Secondary education,Yes,Yes,Yes,Yes,Yes,9.4,-0.8,-3.12,Graduate
Female,18,Single,Tourism,Secondary education,Yes,Yes,Yes,Yes,Yes,7.6,2.6,0.32,Dropout
Female,20,Single,Nursing,Secondary education,Yes,Yes,Yes,Yes,Yes,10.8,1.4,1.74,Graduate
Female,18,Single,Advertising and Marketing Management,Secondary education,No,No,No,No,No,7.6,2.6,0.32,Dropout
Female,20,Single,Social Service,Secondary education,Yes,Yes,Yes,Yes,Yes,8.9,1.4,3.51,Dropout
Female,23,Single,Nursing,Secondary education,Yes,Yes,Yes,Yes,Yes,12.4,0.5,1.79,Graduate
Female,18,Single,Journalism and Communication,Secondary education,Yes,Yes,Yes,Yes,Yes,12.7,3.7,-1.7,Graduate
Female,20,Single,Social Service,Technological specialization course,Yes,Yes,Yes,Yes,Yes,12.4,0.5,1.79,Graduate
Female,18,Single,Nursing,Secondary education,Yes,Yes,Yes,Yes,Yes,10.8,1.4,1.74,Graduate
Female,20,Single,Management,Secondary education,Yes,Yes,Yes,Yes,Yes,11.1,0.6,2.02,Graduate
Female,18,Single,Nursing,Secondary education,Yes,Yes,Yes,Yes,Yes,16.2,0.3,-0.92,Graduate
Female,20,Single,Advertising and Marketing Management,Secondary education,Yes,Yes,Yes,Yes,Yes,16.2,0.3,-0.92,Graduate
Female,19,Single,Nursing,Secondary education,Yes,Yes,Yes,Yes,Yes,12.7,3.7,-1.7,Graduate
Female,21,Single,Veterinary Nursing,Technological specialization course,Yes,Yes,Yes,Yes,Yes,13.9,-0.3,0.79,Graduate
Female,33,Married,Communication Design,Higher education - master (2nd cycle),Yes,Yes,Yes,Yes,Yes,11.1,0.6,2.02,Graduate
Female,24,Single,Veterinary Nursing,Secondary education,No,No,No,No,No,7.6,2.6,0.32,Dropout
Female,20,Single,Social Service,Secondary education,Yes,Yes,Yes,Yes,Yes,13.9,-0.3,0.79,Graduate
Female,18,Single,Animation and Multimedia Design,Secondary education,Yes,Yes,Yes,Yes,Yes,9.4,-0.8,-3.12,Graduate
Female,18,Single,Communication Design,Secondary education,Yes,Yes,Yes,Yes,Yes,15.5,2.8,-4.06,Graduate
Female,29,Single,Social Service (evening attendance),Frequency of higher education,Yes,Yes,Yes,Yes,Yes,7.6,2.6,0.32,Dropout
Female,18,Single,Nursing,Secondary education,Yes,Yes,Yes,Yes,Yes,16.2,0.3,-0.92,Graduate
Female,19,Single,Journalism and Communication,Secondary education,Yes,Yes,Yes,Yes,Yes,9.4,-0.8,-3.12,Graduate
Female,19,Single,Animation and Multimedia Design,Secondary education,Yes,Yes,Yes,Yes,Yes,15.5,2.8,-4.06,Dropout
Female,18,Single,Social Service,Secondary education,Yes,Yes,Yes,Yes,Yes,12.4,0.5,1.79,Graduate
Female,19,Single,Nursing,Secondary education,Yes,Yes,Yes,Yes,Yes,16.2,0.3,-0.92,Graduate
Female,20,Single,Basic Education,Secondary education,Yes,Yes,Yes,Yes,Yes,10.8,1.4,1.74,Dropout
Female,19,Single,Social Service,Secondary education,Yes,Yes,Yes,Yes,Yes,7.6,2.6,0.32,Enrolled
Female,19,Single,Tourism,Secondary education,Yes,Yes,Yes,Yes,Yes,9.4,-0.8,-3.12,Graduate
Female,18,Single,Communication Design,Secondary education,Yes,Yes,Yes,Yes,Yes,13.9,-0.3,0.79,Enrolled
Female,18,Single,Nursing,Secondary education,Yes,Yes,Yes,Yes,Yes,9.4,-0.8,-3.12,Graduate
Female,19,Single,Tourism,Secondary education,Yes,Yes,Yes,Yes,Yes,9.4,-0.8,-3.12,Graduate
Male,20,Single,Journalism and Communication,Secondary education,Yes,Yes,Yes,Yes,Yes,12.7,3.7,-1.7,Dropout
Male,18,Single,Animation and Multimedia Design,Secondary education,Yes,Yes,Yes,Yes,Yes,7.6,2.6,0.32,Enrolled
Male,18,Single,Nursing,Secondary education,Yes,Yes,Yes,Yes,Yes,16.2,0.3,-0.92,Dropout
Male,35,Single,Agronomy,Secondary education,No,No,No,No,No,8.9,1.4,3.51,Dropout
Male,18,Single,Informatics Engineering,Secondary education,Yes,Yes,Yes,Yes,Yes,16.2,0.3,-0.92,Enrolled
Male,19,Single,Animation and Multimedia Design,Secondary education,Yes,Yes,Yes,Yes,Yes,13.9,-0.3,0.79,Graduate
Male,19,Single,Journalism and Communication,Secondary education,Yes,Yes,Yes,Yes,Yes,15.5,2.8,-4.06,Enrolled
Male,20,Single,Management,Secondary education,Yes,Yes,Yes,Yes,Yes,10.8,1.4,1.74,Enrolled
Male,19,Single,Communication Design,Secondary education,Yes,Yes,Yes,Yes,Yes,13.9,-0.3,0.79,Enrolled
Male,19,Single,Management,Secondary education,Yes,Yes,Yes,Yes,Yes,12.7,3.7,-1.7,Dropout
Male,24,Single,Oral Hygiene,Secondary education,Yes,Yes,Yes,Yes,Yes,11.1,0.6,2.02,Dropout
Male,29,Single,Social Service (evening attendance),Secondary education,No,No,No,No,No,12.4,0.5,1.79,Dropout
Male,24,Single,Nursing,Secondary education,Yes,Yes,Yes,Yes,Yes,15.5,2.8,-4.06,Graduate
Male,19,Single,Tourism,Secondary education,Yes,Yes,Yes,Yes,Yes,15.5,2.8,-4.06,Graduate
Male,37,Married,Animation and Multimedia Design,Higher education - degree,Yes,Yes,Yes,Yes,Yes,7.6,2.6,0.32,Dropout
Male,18,Single,Communication Design,Secondary education,Yes,Yes,Yes,Yes,Yes,16.2,0.3,-0.92,Graduate
Male,20,Single,Informatics Engineering,Technological specialization course,Yes,Yes,Yes,Yes,Yes,12.4,0.5,1.79,Enrolled
Male,18,Single,Management,Secondary education,No,No,No,No,No,11.1,0.6,2.02,Dropout
Male,22,Single,Management,Secondary education,Yes,Yes,Yes,Yes,Yes,16.2,0.3,-0.92,Enrolled
Male,22,Single,Management,Secondary education,Yes,Yes,Yes,Yes,Yes,10.8,1.4,1.74,Enrolled
Male,18,Single,Journalism and Communication,Secondary education,No,No,No,No,No,11.1,0.6,2.02,Dropout
Male,18,Single,Nursing,Secondary education,Yes,Yes,Yes,Yes,Yes,12.7,3.7,-1.7,Graduate
Male,19,Single,Communication Design,Secondary education,Yes,Yes,Yes,Yes,Yes,9.4,-0.8,-3.12,Graduate
Male,19,Single,Informatics Engineering,Secondary education,Yes,Yes,Yes,Yes,Yes,10.8,1.4,1.74,Enrolled
Male,19,Single,Social Service,Secondary education,Yes,Yes,Yes,Yes,Yes,16.2,0.3,-0.92,Dropout
Male,21,Single,Agronomy,Technological specialization course,Yes,Yes,Yes,Yes,Yes,12.4,0.5,1.79,Graduate
Male,19,Single,Journalism and Communication,Secondary education,Yes,Yes,Yes,Yes,Yes,8.9,1.4,3.51,Enrolled
Male,18,Single,Oral Hygiene,Secondary education,Yes,Yes,Yes,Yes,Yes,8.9,1.4,3.51,Graduate
Male,19,Single,Management,Secondary education,Yes,Yes,Yes,Yes,Yes,10.8,1.4,1.74,Dropout
Male,25,Single,Journalism and Communication,Higher education - master (2nd cycle),Yes,Yes,Yes,Yes,Yes,11.1,0.6,2.02,Graduate
Male,22,Single,Communication Design,Secondary education,Yes,Yes,Yes,Yes,Yes,12.7,3.7,-1.7,Graduate
Male,24,Single,Nursing,Secondary education,Yes,Yes,Yes,Yes,Yes,12.7,3.7,-1.7,Graduate
Male,19,Single,Nursing,Secondary education,Yes,Yes,Yes,Yes,Yes,13.9,-0.3,0.79,Graduate
Male,18,Single,Informatics Engineering,Secondary education,Yes,Yes,Yes,Yes,Yes,13.9,-0.3,0.79,Enrolled
Male,20,Single,Animation and Multimedia Design,Secondary education,No,No,No,No,No,9.4,-0.8,-3.12,Dropout
Male,19,Single,Nursing,Secondary education,Yes,Yes,Yes,Yes,Yes,10.8,1.4,1.74,Graduate
Male,19,Single,Tourism,Secondary education,Yes,Yes,Yes,Yes,Yes,7.6,2.6,0.32,Dropout
Male,19,Single,Advertising and Marketing Management,Secondary education,Yes,Yes,Yes,Yes,Yes,12.4,0.5,1.79,Graduate
Male,23,Single,Agronomy,Secondary education,Yes,Yes,Yes,Yes,Yes,15.5,2.8,-4.06,Dropout
Male,47,Married,Journalism and Communication,Secondary education,Yes,Yes,Yes,Yes,Yes,12.7,3.7,-1.7,Dropout
Male,19,Single,Communication Design,Secondary education,Yes,Yes,Yes,Yes,Yes,16.2,0.3,-0.92,Graduate
Male,19,Single,Animation and Multimedia Design,Secondary education,Yes,Yes,Yes,Yes,Yes,11.1,0.6,2.02,Graduate
Male,18,Single,Animation and Multimedia Design,Secondary education,Yes,Yes,Yes,Yes,Yes,16.2,0.3,-0.92,Dropout
Male,28,Single,Management,Secondary education,Yes,Yes,Yes,Yes,Yes,15.5,2.8,-4.06,Dropout
Male,20,Single,Tourism,Frequency of higher education,Yes,Yes,Yes,Yes,Yes,7.6,2.6,0.32,Dropout
Male,18,Single,Tourism,Secondary education,Yes,Yes,Yes,Yes,Yes,15.5,2.8,-4.06,Enrolled
Male,21,Single,Animation and Multimedia Design,Secondary education,Yes,Yes,Yes,Yes,Yes,12.4,0.5,1.79,Graduate
Male,19,Single,Tourism,Secondary education,Yes,Yes,Yes,Yes,Yes,10.8,1.4,1.74,Enrolled
Male,24,Single,Tourism,Basic education 3rd cycle (9th/10th/11th year) or equiv.,No,No,No,No,No,16.2,0.3,-0.92,Dropout
Male,24,Single,Equinculture,Secondary education,Yes,Yes,Yes,Yes,Yes,16.2,0.3,-0.92,Enrolled
Male,25,Single,Veterinary Nursing,Other - 11th year of schooling,No,No,No,No,No,8.9,1.4,3.51,Enrolled
Male,28,Single,Tourism,Secondary education,Yes,Yes,Yes,Yes,Yes,13.9,-0.3,0.79,Graduate
Male,37,Married,Management (evening attendance),Secondary education,Yes,Yes,Yes,Yes,Yes,7.6,2.6,0.32,Enrolled
Male,19,Single,Informatics Engineering,Secondary education,Yes,Yes,Yes,Yes,Yes,13.9,-0.3,0.79,Enrolled
Male,18,Single,Nursing,Secondary education,Yes,Yes,Yes,Yes,Yes,11.1,0.6,2.02,Graduate
Male,48,Single,Tourism,Basic education 3rd cycle (9th/10th/11th year) or equiv.,Yes,Yes,Yes,Yes,Yes,7.6,2.6,0.32,Dropout
Male,21,Single,Social Service,Secondary education,Yes,Yes,Yes,Yes,Yes,8.9,1.4,3.51,Graduate
Male,19,Single,Nursing,Secondary education,Yes,Yes,Yes,Yes,Yes,15.5,2.8,-4.06,Enrolled
Male,21,Single,Nursing,Secondary education,Yes,Yes,Yes,Yes,Yes,9.4,-0.8,-3.12,Enrolled
Male,23,Single,Informatics Engineering,Secondary education,No,No,No,No,No,13.9,-0.3,0.79,Dropout
Male,18,Single,Equinculture,Secondary education,Yes,Yes,Yes,Yes,Yes,10.8,1.4,1.74,Graduate
Male,22,Single,Social Service,Technological specialization course,Yes,Yes,Yes,Yes,Yes,13.9,-0.3,0.79,Dropout
Male,25,Single,Animation and Multimedia Design,Secondary education,Yes,Yes,Yes,Yes,Yes,12.4,0.5,1.79,Dropout
Male,27,Single,Veterinary Nursing,Higher education - degree (1st cycle),Yes,Yes,Yes,Yes,Yes,11.1,0.6,2.02,Dropout
Male,49,Single,Informatics Engineering,Other - 11th year of schooling,No,No,No,No,No,10.8,1.4,1.74,Dropout
Male,31,Single,Management (evening attendance),Secondary education,No,No,No,No,No,12.7,3.7,-1.7,Dropout
Male,54,Single,Tourism,Secondary education,Yes,Yes,Yes,Yes,Yes,16.2,0.3,-0.92,Dropout
Male,25,Single,Biofuel Production Technologies,Higher education - degree (1st cycle),No,No,No,No,No,11.1,0.6,2.02,Dropout
Male,20,Single,Agronomy,Technological specialization course,Yes,Yes,Yes,Yes,Yes,15.5,2.8,-4.06,Enrolled
Male,28,Single,Communication Design,Higher education - degree,Yes,Yes,Yes,Yes,Yes,12.7,3.7,-1.7,Dropout
Male,41,Married,Social Service (evening attendance),Basic education 3rd cycle (9th/10th/11th year) or equiv.,Yes,Yes,Yes,Yes,Yes,12.7,3.7,-1.7,Graduate
Male,19,Single,Advertising and Marketing Management,Secondary education,Yes,Yes,Yes,Yes,Yes,11.1,0.6,2.02,Enrolled
Male,22,Single,Management,Secondary education,Yes,Yes,Yes,Yes,Yes,15.5,2.8,-4.06,Dropout
Male,34,Single,Tourism,Secondary education,Yes,Yes,Yes,Yes,Yes,15.5,2.8,-4.06,Dropout
Male,28,Single,Agronomy,Secondary education,No,No,No,No,No,11.1,0.6,2.02,Dropout
Male,42,Single,Basic Education,Secondary education,Yes,Yes,Yes,Yes,Yes,7.6,2.6,0.32,Enrolled
Male,21,Single,Veterinary Nursing,Secondary education,No,No,No,No,No,11.1,0.6,2.02,Enrolled
Male,50,Single,Agronomy,Higher education - degree,Yes,Yes,Yes,Yes,Yes,15.5,2.8,-4.06,Dropout
Male,19,Single,Management,Secondary education,Yes,Yes,Yes,Yes,Yes,12.4,0.5,1.79,Dropout
Male,18,Single,Nursing,Secondary education,Yes,Yes,Yes,Yes,Yes,16.2,0.3,-0.92,Dropout
Male,59,Married,Management (evening attendance),Secondary education,Yes,Yes,Yes,Yes,Yes,16.2,0.3,-0.92,Dropout
Male,33,Married,Management (evening attendance),Higher education - degree,No,No,No,No,No,7.6,2.6,0.32,Dropout
Male,23,Single,Communication Design,Secondary education,Yes,Yes,Yes,Yes,Yes,9.4,-0.8,-3.12,Graduate
Male,44,Married,Management (evening attendance),Basic education 3rd cycle (9th/10th/11th year) or equiv.,Yes,Yes,Yes,Yes,Yes,13.9,-0.3,0.79,Dropout
Male,37,Married,Social Service (evening attendance),Secondary education,Yes,Yes,Yes,Yes,Yes,9.4,-0.8,-3.12,Dropout
Male,36,Married,Animation and Multimedia Design,Basic education 3rd cycle (9th/10th/11th year) or equiv.,Yes,Yes,Yes,Yes,Yes,10.8,1.4,1.74,Dropout
Male,22,Single,Management (evening attendance),Secondary education,No,No,No,No,No,7.6,2.6,0.32,Dropout
Male,49,Married,Social Service (evening attendance),Basic education 3rd cycle (9th/10th/11th year) or equiv.,Yes,Yes,Yes,Yes,Yes,12.4,0.5,1.79,Graduate
Male,23,Single,Journalism and Communication,Secondary education,Yes,Yes,Yes,Yes,Yes,11.1,0.6,2.02,Graduate
Male,19,Single,Communication Design,Secondary education,Yes,Yes,Yes,Yes,Yes,7.6,2.6,0.32,Enrolled
Male,47,Married,Social Service (evening attendance),Secondary education,Yes,Yes,Yes,Yes,Yes,16.2,0.3,-0.92,Dropout
Male,28,Single,Agronomy,Secondary education,Yes,Yes,Yes,Yes,Yes,15.5,2.8,-4.06,Graduate
Male,21,Single,Agronomy,Technological specialization course,Yes,Yes,Yes,Yes,Yes,15.5,2.8,-4.06,Enrolled
Male,21,Single,Tourism,Secondary education,No,No,No,No,No,8.9,1.4,3.51,Dropout
Male,21,Single,Social Service,Technological specialization course,Yes,Yes,Yes,Yes,Yes,13.9,-0.3,0.79,Graduate
Male,20,Single,Communication Design,Secondary education,Yes,Yes,Yes,Yes,Yes,13.9,-0.3,0.79,Enrolled
Male,49,Married,Management,Secondary education,No,No,No,No,No,10.8,1.4,1.74,Dropout
Male,40,Single,Management (evening attendance),Secondary education,Yes,Yes,Yes,Yes,Yes,15.5,2.8,-4.06,Graduate
Male,22,Single,Tourism,Secondary education,Yes,Yes,Yes,Yes,Yes,11.1,0.6,2.02,Graduate
Male,19,Single,Informatics Engineering,Secondary education,Yes,Yes,Yes,Yes,Yes,15.5,2.8,-4.06,Enrolled
Male,31,Single,Management (evening attendance),Secondary education,Yes,Yes,Yes,Yes,Yes,13.9,-0.3,0.79,Dropout
Male,30,Single,Informatics Engineering,Secondary education,Yes,Yes,Yes,Yes,Yes,15.5,2.8,-4.06,Dropout
Male,19,Single,Social Service,Secondary education,Yes,Yes,Yes,Yes,Yes,7.6,2.6,0.32,Graduate
Male,22,Single,Management,Secondary education,Yes,Yes,Yes,Yes,Yes,9.4,-0.8,-3.12,Dropout
Male,19,Single,Journalism and Communication,Secondary education,Yes,Yes,Yes,Yes,Yes,15.5,2.8,-4.06,Graduate
Male,21,Single,Animation and Multimedia Design,Secondary education,No,No,No,No,No,7.6,2.6,0.32,Dropout
Male,19,Single,Advertising and Marketing Management,Secondary education,Yes,Yes,Yes,Yes,Yes,11.1,0.6,2.02,Graduate
Male,22,Single,Management,Secondary education,Yes,Yes,Yes,Yes,Yes,16.2,0.3,-0.92,Dropout
Male,22,Single,Social Service,Secondary education,Yes,Yes,Yes,Yes,Yes,10.8,1.4,1.74,Graduate
Male,19,Single,Social Service,Secondary education,Yes,Yes,Yes,Yes,Yes,9.4,-0.8,-3.12,Graduate
Male,26,Single,Tourism,Technological specialization course,No,No,No,No,No,16.2,0.3,-0.92,Dropout
Male,23,Single,Informatics Engineering,Technological specialization course,Yes,Yes,Yes,Yes,Yes,12.4,0.5,1.79,Enrolled
Male,18,Single,Communication Design,Secondary education,Yes,Yes,Yes,Yes,Yes,16.2,0.3,-0.92,Enrolled
Male,22,Single,Management,Secondary education,Yes,Yes,Yes,Yes,Yes,15.5,2.8,-4.06,Enrolled
Male,19,Single,Informatics Engineering,Secondary education,Yes,Yes,Yes,Yes,Yes,12.4,0.5,1.79,Enrolled
Male,20,Single,Management,Secondary education,Yes,Yes,Yes,Yes,Yes,11.1,0.6,2.02,Dropout
Male,22,Single,Communication Design,Secondary education,Yes,Yes,Yes,Yes,Yes,7.6,2.6,0.32,Enrolled
Male,18,Single,Equinculture,Higher education - degree,No,No,No,No,No,12.7,3.7,-1.7,Dropout
Male,39,Divorced,Management (evening attendance),Basic education 2nd cycle (6th/7th/8th year) or equiv.,Yes,Yes,Yes,Yes,Yes,10.8,1.4,1.74,Dropout
Male,18,Single,Nursing,Secondary education,Yes,Yes,Yes,Yes,Yes,10.8,1.4,1.74,Dropout
Male,18,Single,Informatics Engineering,Secondary education,Yes,Yes,Yes,Yes,Yes,8.9,1.4,3.51,Graduate
Male,19,Single,Social Service,Secondary education,Yes,Yes,Yes,Yes,Yes,13.9,-0.3,0.79,Graduate
Male,18,Single,Nursing,Secondary education,Yes,Yes,Yes,Yes,Yes,12.4,0.5,1.79,Graduate
Male,18,Single,Management,Secondary education,Yes,Yes,Yes,Yes,Yes,7.6,2.6,0.32,Dropout
Male,22,Single,Equinculture,Technological specialization course,Yes,Yes,Yes,Yes,Yes,10.8,1.4,1.74,Graduate
Male,19,Single,Social Service,Secondary education,Yes,Yes,Yes,Yes,Yes,12.4,0.5,1.79,Graduate
Male,18,Single,Equinculture,Secondary education,Yes,Yes,Yes,Yes,Yes,12.7,3.7,-1.7,Dropout
Male,31,Single,Informatics Engineering,Basic education 3rd cycle (9th/10th/11th year) or equiv.,No,No,No,No,No,16.2,0.3,-0.92,Dropout
Male,28,Single,Management (evening attendance),Secondary education,Yes,Yes,Yes,Yes,Yes,12.7,3.7,-1.7,Dropout
Male,19,Single,Communication Design,Secondary education,Yes,Yes,Yes,Yes,Yes,15.5,2.8,-4.06,Dropout
Male,20,Single,Tourism,Secondary education,Yes,Yes,Yes,Yes,Yes,16.2,0.3,-0.92,Graduate
Male,50,Divorced,Social Service,Secondary education,Yes,Yes,Yes,Yes,Yes,8.9,1.4,3.51,Dropout
Male,38,Single,Communication Design,Secondary education,Yes,Yes,Yes,Yes,Yes,13.9,-0.3,0.79,Enrolled
Male,31,Married,Management (evening attendance),Secondary education,Yes,Yes,Yes,Yes,Yes,9.4,-0.8,-3.12,Dropout
Male,27,Single,Nursing,Secondary education,Yes,Yes,Yes,Yes,Yes,7.6,2.6,0.32,Enrolled
Male,21,Single,Social Service,Secondary education,Yes,Yes,Yes,Yes,Yes,12.7,3.7,-1.7,Graduate
Male,34,Married,Informatics Engineering,Secondary education,Yes,Yes,Yes,Yes,Yes,8.9,1.4,3.51,Dropout
Male,19,Single,Informatics Engineering,Secondary education,Yes,Yes,Yes,Yes,Yes,7.6,2.6,0.32,Enrolled
Male,40,Married,Management (evening attendance),Secondary education,No,No,No,No,No,9.4,-0.8,-3.12,Dropout
Male,18,Single,Animation and Multimedia Design,Secondary education,Yes,Yes,Yes,Yes,Yes,12.7,3.7,-1.7,Graduate
Male,46,Married,Communication Design,Other - 11th year of schooling,No,No,No,No,No,15.5,2.8,-4.06,Dropout
Male,37,Single,Social Service (evening attendance),Secondary education,Yes,Yes,Yes,Yes,Yes,7.6,2.6,0.32,Dropout
Male,31,Single,Agronomy,Secondary education,Yes,Yes,Yes,Yes,Yes,16.2,0.3,-0.92,Dropout
Male,34,Single,Agronomy,Secondary education,Yes,Yes,Yes,Yes,Yes,12.4,0.5,1.79,Graduate
Male,18,Single,Animation and Multimedia Design,Secondary education,Yes,Yes,Yes,Yes,Yes,9.4,-0.8,-3.12,Dropout
Male,18,Single,Advertising and Marketing Management,Secondary education,Yes,Yes,Yes,Yes,Yes,12.4,0.5,1.79,Graduate
Male,19,Single,Communication Design,Secondary education,Yes,Yes,Yes,Yes,Yes,11.1,0.6,2.02,Graduate
Male,40,Single,Management (evening attendance),Secondary education,Yes,Yes,Yes,Yes,Yes,15.5,2.8,-4.06,Dropout
Male,25,Single,Equinculture,Secondary education,Yes,Yes,Yes,Yes,Yes,12.4,0.5,1.79,Dropout
Male,20,Single,Informatics Engineering,Secondary education,Yes,Yes,Yes,Yes,Yes,11.1,0.6,2.02,Dropout
Male,20,Single,Informatics Engineering,Secondary education,Yes,Yes,Yes,Yes,Yes,11.1,0.6,2.02,Enrolled
Male,43,Single,Agronomy,Secondary education,No,No,No,No,No,15.5,2.8,-4.06,Dropout
Male,18,Single,Informatics Engineering,Secondary education,Yes,Yes,Yes,Yes,Yes,7.6,2.6,0.32,Enrolled
Male,35,Single,Agronomy,Secondary education,Yes,Yes,Yes,Yes,Yes,15.5,2.8,-4.06,Graduate
Male,23,Single,Management (evening attendance),Secondary education,Yes,Yes,Yes,Yes,Yes,7.6,2.6,0.32,Graduate
Male,19,Single,Nursing,Secondary education,Yes,Yes,Yes,Yes,Yes,12.4,0.5,1.79,Graduate
Male,21,Single,Veterinary Nursing,Professional higher technical course,Yes,Yes,Yes,Yes,Yes,8.9,1.4,3.51,Graduate
Male,19,Single,Advertising and Marketing Management,Secondary education,Yes,Yes,Yes,Yes,Yes,13.9,-0.3,0.79,Enrolled
Male,20,Single,Informatics Engineering,Secondary education,Yes,Yes,Yes,Yes,Yes,12.4,0.5,1.79,Graduate
Male,30,Single,Advertising and Marketing Management,Secondary education,Yes,Yes,Yes,Yes,Yes,12.4,0.5,1.79,Dropout
Male,44,Divorced,Tourism,Secondary education,Yes,Yes,Yes,Yes,Yes,12.4,0.5,1.79,Graduate
Male,19,Single,Nursing,Secondary education,Yes,Yes,Yes,Yes,Yes,12.7,3.7,-1.7,Graduate
Male,22,Single,Equinculture,Technological specialization course,Yes,Yes,Yes,Yes,Yes,16.2,0.3,-0.92,Graduate
Male,18,Single,Equinculture,Secondary education,Yes,Yes,Yes,Yes,Yes,7.6,2.6,0.32,Graduate
Male,21,Single,Advertising and Marketing Management,Secondary education,Yes,Yes,Yes,Yes,Yes,12.7,3.7,-1.7,Graduate
Male,18,Single,Veterinary Nursing,Secondary education,Yes,Yes,Yes,Yes,Yes,7.6,2.6,0.32,Dropout
Male,18,Single,Advertising and Marketing Management,Secondary education,Yes,Yes,Yes,Yes,Yes,11.1,0.6,2.02,Graduate
Male,19,Single,Animation and Multimedia Design,Secondary education,Yes,Yes,Yes,Yes,Yes,7.6,2.6,0.32,Graduate
Male,21,Single,Agronomy,Technological specialization course,Yes,Yes,Yes,Yes,Yes,16.2,0.3,-0.92,Dropout
Male,31,Single,Agronomy,Secondary education,Yes,Yes,Yes,Yes,Yes,16.2,0.3,-0.92,Graduate
Male,21,Single,Tourism,Secondary education,Yes,Yes,Yes,Yes,Yes,9.4,-0.8,-3.12,Dropout
Male,24,Single,Informatics Engineering,Secondary education,Yes,Yes,Yes,Yes,Yes,8.9,1.4,3.51,Enrolled
Male,27,Single,Journalism and Communication,Secondary education,Yes,Yes,Yes,Yes,Yes,9.4,-0.8,-3.12,Dropout
Male,20,Single,Management,Secondary education,Yes,Yes,Yes,Yes,Yes,12.4,0.5,1.79,Graduate
Male,22,Single,Informatics Engineering,Technological specialization course,Yes,Yes,Yes,Yes,Yes,10.8,1.4,1.74,Enrolled
Male,19,Single,Agronomy,Secondary education,Yes,Yes,Yes,Yes,Yes,15.5,2.8,-4.06,Enrolled
Male,19,Single,Journalism and Communication,Secondary education,Yes,Yes,Yes,Yes,Yes,8.9,1.4,3.51,Graduate
Male,23,Single,Animation and Multimedia Design,Secondary education,Yes,Yes,Yes,Yes,Yes,11.1,0.6,2.02,Enrolled
Male,18,Single,Equinculture,Secondary education,Yes,Yes,Yes,Yes,Yes,12.4,0.5,1.79,Graduate
Male,29,Single,Journalism and Communication,Secondary education,No,No,No,No,No,11.1,0.6,2.02,Enrolled
Male,29,Single,Equinculture,Secondary education,Yes,Yes,Yes,Yes,Yes,10.8,1.4,1.74,Dropout
Male,20,Single,Agronomy,Secondary education,Yes,Yes,Yes,Yes,Yes,16.2,0.3,-0.92,Enrolled
Male,19,Single,Animation and Multimedia Design,Secondary education,Yes,Yes,Yes,Yes,Yes,9.4,-0.8,-3.12,Graduate
Male,22,Single,Animation and Multimedia Design,Secondary education,Yes,Yes,Yes,Yes,Yes,10.8,1.4,1.74,Enrolled
Male,20,Single,Advertising and Marketing Management,Secondary education,Yes,Yes,Yes,Yes,Yes,11.1,0.6,2.02,Enrolled
Male,24,Single,Equinculture,Secondary education,Yes,Yes,Yes,Yes,Yes,9.4,-0.8,-3.12,Enrolled
Male,21,Single,Advertising and Marketing Management,Secondary education,No,No,No,No,No,12.7,3.7,-1.7,Dropout
Male,25,Single,Management,Secondary education,Yes,Yes,Yes,Yes,Yes,12.7,3.7,-1.7,Graduate
Male,32,Single,Management,Secondary education,No,No,No,No,No,9.4,-0.8,-3.12,Dropout
Male,26,Single,Management (evening attendance),Secondary education,No,No,No,No,No,7.6,2.6,0.32,Dropout
Male,18,Single,Equinculture,Secondary education,Yes,Yes,Yes,Yes,Yes,12.4,0.5,1.79,Graduate
Male,19,Single,Tourism,Secondary education,Yes,Yes,Yes,Yes,Yes,16.2,0.3,-0.92,Graduate
Male,19,Single,Communication Design,Secondary education,Yes,Yes,Yes,Yes,Yes,12.4,0.5,1.79,Graduate
Male,27,Single,Informatics Engineering,Higher education - degree (1st cycle),Yes,Yes,Yes,Yes,Yes,11.1,0.6,2.02,Dropout
Male,21,Single,Agronomy,Secondary education,Yes,Yes,Yes,Yes,Yes,8.9,1.4,3.51,Enrolled
Male,20,Single,Informatics Engineering,Secondary education,Yes,Yes,Yes,Yes,Yes,13.9,-0.3,0.79,Enrolled
Male,21,Single,Communication Design,Technological specialization course,Yes,Yes,Yes,Yes,Yes,12.4,0.5,1.79,Graduate
Male,22,Single,Journalism and Communication,Secondary education,Yes,Yes,Yes,Yes,Yes,9.4,-0.8,-3.12,Enrolled
Male,19,Single,Animation and Multimedia Design,Secondary education,No,No,No,No,No,12.7,3.7,-1.7,Graduate
Male,18,Single,Management,Secondary education,Yes,Yes,Yes,Yes,Yes,11.1,0.6,2.02,Dropout
Male,28,Single,Social Service,Secondary education,Yes,Yes,Yes,Yes,Yes,13.9,-0.3,0.79,Dropout
Male,25,Married,Agronomy,Secondary education,No,No,No,No,No,15.5,2.8,-4.06,Dropout
Male,25,Single,Agronomy,Secondary education,Yes,Yes,Yes,Yes,Yes,15.5,2.8,-4.06,Dropout
Male,18,Single,Management,Secondary education,Yes,Yes,Yes,Yes,Yes,8.9,1.4,3.51,Enrolled
Male,26,Single,Tourism,Secondary education,Yes,Yes,Yes,Yes,Yes,10.8,1.4,1.74,Dropout
Male,18,Single,Management,Secondary education,Yes,Yes,Yes,Yes,Yes,13.9,-0.3,0.79,Graduate
Male,22,Single,Journalism and Communication,Secondary education,Yes,Yes,Yes,Yes,Yes,15.5,2.8,-4.06,Enrolled
Male,25,Single,Agronomy,Secondary education,Yes,Yes,Yes,Yes,Yes,16.2,0.3,-0.92,Dropout
Male,19,Single,Journalism and Communication,Secondary education,Yes,Yes,Yes,Yes,Yes,8.9,1.4,3.51,Enrolled
Male,19,Single,Journalism and Communication,Secondary education,Yes,Yes,Yes,Yes,Yes,13.9,-0.3,0.79,Graduate
Male,19,Single,Nursing,Secondary education,Yes,Yes,Yes,Yes,Yes,16.2,0.3,-0.92,Graduate
Male,45,Divorced,Social Service (evening attendance),Basic education 3rd cycle (9th/10th/11th year) or equiv.,Yes,Yes,Yes,Yes,Yes,10.8,1.4,1.74,Dropout
Male,52,Married,Management (evening attendance),Secondary education,Yes,Yes,Yes,Yes,Yes,7.6,2.6,0.32,Graduate
Male,20,Single,Management,Secondary education,No,No,No,No,No,9.4,-0.8,-3.12,Dropout
Male,19,Single,Nursing,Secondary education,Yes,Yes,Yes,Yes,Yes,10.8,1.4,1.74,Graduate
Male,21,Single,Nursing,Secondary education,No,No,No,No,No,12.4,0.5,1.79,Dropout
Male,35,Married,Social Service (evening attendance),Secondary education,No,No,No,No,No,9.4,-0.8,-3.12,Graduate
Male,36,Married,Animation and Multimedia Design,Other - 11th year of schooling,Yes,Yes,Yes,Yes,Yes,7.6,2.6,0.32,Graduate
Male,47,Divorced,Nursing,Basic education 3rd cycle (9th/10th/11th year) or equiv.,No,No,No,No,No,15.5,2.8,-4.06,Dropout
Male,22,Single,Management (evening attendance),Secondary education,Yes,Yes,Yes,Yes,Yes,8.9,1.4,3.51,Dropout
Male,41,Married,Management (evening attendance),Secondary education,Yes,Yes,Yes,Yes,Yes,7.6,2.6,0.32,Dropout
Male,26,Single,Informatics Engineering,Higher education - degree,Yes,Yes,Yes,Yes,Yes,10.8,1.4,1.74,Dropout
Female,51,Married,Social Service (evening attendance),Secondary education,No,No,No,No,No,10.8,1.4,1.74,Dropout
Female,43,Married,Management (evening attendance),Secondary education,Yes,Yes,Yes,Yes,Yes,9.4,-0.8,-3.12,Enrolled
Female,41,Married,Social Service (evening attendance),Secondary education,Yes,Yes,Yes,Yes,Yes,7.6,2.6,0.32,Graduate
Male,23,Single,Management,Secondary education,Yes,Yes,Yes,Yes,Yes,7.6,2.6,0.32,Graduate
Male,22,Single,Social Service,Secondary education,Yes,Yes,Yes,Yes,Yes,9.4,-0.8,-3.12,Dropout
Male,25,Single,Communication Design,Secondary education,Yes,Yes,Yes,Yes,Yes,12.7,3.7,-1.7,Dropout
Male,25,Single,Management (evening attendance),Secondary education,Yes,Yes,Yes,Yes,Yes,9.4,-0.8,-3.12,Graduate
Male,22,Single,Animation and Multimedia Design,Professional higher technical course,No,No,No,No,No,8.9,1.4,3.51,Graduate
Male,24,Single,Agronomy,Secondary education,Yes,Yes,Yes,Yes,Yes,8.9,1.4,3.51,Enrolled
Male,47,Single,Veterinary Nursing,Higher education - bachelor's degree,Yes,Yes,Yes,Yes,Yes,16.2,0.3,-0.92,Dropout
Male,41,Married,Management (evening attendance),Basic education 3rd cycle (9th/10th/11th year) or equiv.,Yes,Yes,Yes,Yes,Yes,7.6,2.6,0.32,Dropout
Male,43,Single,Agronomy,Secondary education,Yes,Yes,Yes,Yes,Yes,13.9,-0.3,0.79,Graduate
Male,29,Single,Agronomy,Secondary education,Yes,Yes,Yes,Yes,Yes,16.2,0.3,-0.92,Dropout
Male,30,Single,Informatics Engineering,Secondary education,Yes,Yes,Yes,Yes,Yes,7.6,2.6,0.32,Dropout
Male,26,Single,Management,Basic education 2nd cycle (6th/7th/8th year) or equiv.,No,No,No,No,No,12.7,3.7,-1.7,Dropout
Male,27,Single,Management (evening attendance),Secondary education,No,No,No,No,No,15.5,2.8,-4.06,Dropout
Male,36,Married,Advertising and Marketing Management,Secondary education,Yes,Yes,Yes,Yes,Yes,9.4,-0.8,-3.12,Graduate
Male,29,Single,Agronomy,Basic education 3rd cycle (9th/10th/11th year) or equiv.,Yes,Yes,Yes,Yes,Yes,15.5,2.8,-4.06,Dropout
Male,35,Single,Informatics Engineering,Secondary education,Yes,Yes,Yes,Yes,Yes,9.4,-0.8,-3.12,Dropout
Male,18,Single,Journalism and Communication,Secondary education,Yes,Yes,Yes,Yes,Yes,10.8,1.4,1.74,Graduate
Male,24,Single,Management (evening attendance),Secondary education,Yes,Yes,Yes,Yes,Yes,8.9,1.4,3.51,Graduate
Male,18,Single,Journalism and Communication,Secondary education,Yes,Yes,Yes,Yes,Yes,10.8,1.4,1.74,Dropout
Male,18,Single,Informatics Engineering,Secondary education,Yes,Yes,Yes,Yes,Yes,7.6,2.6,0.32,Enrolled
Male,21,Married,Veterinary Nursing,Secondary education,Yes,Yes,Yes,Yes,Yes,9.4,-0.8,-3.12,Enrolled
Male,21,Single,Informatics Engineering,Secondary education,Yes,Yes,Yes,Yes,Yes,9.4,-0.8,-3.12,Graduate
Male,32,Single,Agronomy,Secondary education,Yes,Yes,Yes,Yes,Yes,15.5,2.8,-4.06,Graduate
Male,22,Single,Informatics Engineering,Secondary education,Yes,Yes,Yes,Yes,Yes,11.1,0.6,2.02,Dropout
Male,32,Single,Agronomy,Higher education - degree,No,No,No,No,No,15.5,2.8,-4.06,Dropout
Male,35,Single,Advertising and Marketing Management,Frequency of higher education,Yes,Yes,Yes,Yes,Yes,9.4,-0.8,-3.12,Dropout
Male,23,Single,Management,Secondary education,No,No,No,No,No,8.9,1.4,3.51,Dropout
Male,39,Single,Social Service (evening attendance),Secondary education,Yes,Yes,Yes,Yes,Yes,7.6,2.6,0.32,Enrolled
Male,35,Married,Advertising and Marketing Management,Secondary education,Yes,Yes,Yes,Yes,Yes,9.4,-0.8,-3.12,Dropout
Male,32,Married,Agronomy,Higher education - degree,Yes,Yes,Yes,Yes,Yes,16.2,0.3,-0.92,Graduate
Male,20,Single,Basic Education,Secondary education,Yes,Yes,Yes,Yes,Yes,7.6,2.6,0.32,Dropout
Male,34,Single,Nursing,Secondary education,Yes,Yes,Yes,Yes,Yes,16.2,0.3,-0.92,Enrolled
Male,44,Single,Management (evening attendance),Higher education - degree (1st cycle),Yes,Yes,Yes,Yes,Yes,8.9,1.4,3.51,Dropout
Male,53,Married,Tourism,Basic education 3rd cycle (9th/10th/11th year) or equiv.,Yes,Yes,Yes,Yes,Yes,16.2,0.3,-0.92,Graduate
Male,28,Single,Informatics Engineering,Basic education 3rd cycle (9th/10th/11th year) or equiv.,No,No,No,No,No,12.4,0.5,1.79,Dropout
Male,31,Single,Management (evening attendance),Higher education - degree,Yes,Yes,Yes,Yes,Yes,12.7,3.7,-1.7,Dropout
Male,18,Single,Animation and Multimedia Design,Secondary education,No,No,No,No,No,9.4,-0.8,-3.12,Enrolled
Male,44,Single,Agronomy,Secondary education,No,No,No,No,No,15.5,2.8,-4.06,Dropout
Male,19,Single,Veterinary Nursing,Secondary education,Yes,Yes,Yes,Yes,Yes,12.7,3.7,-1.7,Graduate
Male,21,Single,Animation and Multimedia Design,Secondary education,Yes,Yes,Yes,Yes,Yes,8.9,1.4,3.51,Enrolled
Male,18,Single,Informatics Engineering,Secondary education,Yes,Yes,Yes,Yes,Yes,9.4,-0.8,-3.12,Dropout
Male,20,Single,Agronomy,Technological specialization course,Yes,Yes,Yes,Yes,Yes,16.2,0.3,-0.92,Graduate
Male,55,Single,Communication Design,Secondary education,Yes,Yes,Yes,Yes,Yes,11.1,0.6,2.02,Graduate
Male,27,Single,Management,Secondary education,Yes,Yes,Yes,Yes,Yes,7.6,2.6,0.32,Enrolled
Male,19,Single,Informatics Engineering,Secondary education,Yes,Yes,Yes,Yes,Yes,12.4,0.5,1.79,Dropout
Male,18,Single,Management,Secondary education,Yes,Yes,Yes,Yes,Yes,12.4,0.5,1.79,Graduate
Male,43,Married,Journalism and Communication,Secondary education,Yes,Yes,Yes,Yes,Yes,15.5,2.8,-4.06,Dropout
Male,18,Single,Tourism,Secondary education,Yes,Yes,Yes,Yes,Yes,13.9,-0.3,0.79,Dropout
Male,18,Single,Animation and Multimedia Design,Secondary education,Yes,Yes,Yes,Yes,Yes,9.4,-0.8,-3.12,Dropout
Male,20,Single,Tourism,Secondary education,Yes,Yes,Yes,Yes,Yes,8.9,1.4,3.51,Dropout
Male,29,Married,Management (evening attendance),Secondary education,No,No,No,No,No,10.8,1.4,1.74,Dropout
Male,44,Single,Equinculture,Basic education 3rd cycle (9th/10th/11th year) or equiv.,Yes,Yes,Yes,Yes,Yes,13.9,-0.3,0.79,Dropout
Male,18,Single,Informatics Engineering,Secondary education,Yes,Yes,Yes,Yes,Yes,10.8,1.4,1.74,Enrolled
Male,20,Single,Agronomy,Technological specialization course,Yes,Yes,Yes,Yes,Yes,15.5,2.8,-4.06,Enrolled
Male,20,Single,Communication Design,Secondary education,Yes,Yes,Yes,Yes,Yes,12.4,0.5,1.79,Dropout
Male,36,Married,Management,Secondary education,Yes,Yes,Yes,Yes,Yes,10.8,1.4,1.74,Dropout
Male,19,Single,Equinculture,Technological specialization course,Yes,Yes,Yes,Yes,Yes,13.9,-0.3,0.79,Enrolled
Male,29,Married,Veterinary Nursing,Basic education 3rd cycle (9th/10th/11th year) or equiv.,No,No,No,No,No,12.7,3.7,-1.7,Dropout
Male,18,Single,Advertising and Marketing Management,Secondary education,Yes,Yes,Yes,Yes,Yes,10.8,1.4,1.74,Dropout
Male,24,Single,Agronomy,Secondary education,No,No,No,No,No,13.9,-0.3,0.79,Dropout
Male,20,Single,Journalism and Communication,Secondary education,Yes,Yes,Yes,Yes,Yes,15.5,2.8,-4.06,Graduate
Male,45,Married,Social Service (evening attendance),Basic education 3rd cycle (9th/10th/11th year) or equiv.,No,No,No,No,No,16.2,0.3,-0.92,Dropout
Male,28,Single,Nursing,Secondary education,Yes,Yes,Yes,Yes,Yes,7.6,2.6,0.32,Graduate
Male,23,Single,Tourism,Secondary education,Yes,Yes,Yes,Yes,Yes,7.6,2.6,0.32,Enrolled
Male,18,Single,Nursing,Secondary education,Yes,Yes,Yes,Yes,Yes,12.4,0.5,1.79,Graduate
Male,23,Single,Management,Secondary education,Yes,Yes,Yes,Yes,Yes,9.4,-0.8,-3.12,Dropout
Male,22,Single,Animation and Multimedia Design,Secondary education,Yes,Yes,Yes,Yes,Yes,7.6,2.6,0.32,Enrolled
Male,22,Single,Communication Design,Secondary education,Yes,Yes,Yes,Yes,Yes,12.4,0.5,1.79,Graduate
Male,33,Single,Management (evening attendance),Other - 11th year of schooling,Yes,Yes,Yes,Yes,Yes,10.8,1.4,1.74,Graduate
Male,21,Single,Agronomy,Professional higher technical course,Yes,Yes,Yes,Yes,Yes,8.9,1.4,3.51,Graduate
Male,45,Married,Management,Secondary education,Yes,Yes,Yes,Yes,Yes,15.5,2.8,-4.06,Graduate
Male,44,Married,Agronomy,Secondary education,No,No,No,No,No,15.5,2.8,-4.06,Dropout
Male,42,Divorced,Advertising and Marketing Management,Secondary education,Yes,Yes,Yes,Yes,Yes,12.7,3.7,-1.7,Dropout
Male,20,Single,Management,Secondary education,Yes,Yes,Yes,Yes,Yes,12.4,0.5,1.79,Dropout
Male,20,Single,Management,Secondary education,Yes,Yes,Yes,Yes,Yes,9.4,-0.8,-3.12,Enrolled
Male,20,Single,Tourism,Secondary education,Yes,Yes,Yes,Yes,Yes,8.9,1.4,3.51,Graduate
Male,20,Single,Journalism and Communication,Secondary education,Yes,Yes,Yes,Yes,Yes,9.4,-0.8,-3.12,Enrolled
Male,19,Single,Management,Secondary education,Yes,Yes,Yes,Yes,Yes,8.9,1.4,3.51,Enrolled
Male,26,Single,Social Service (evening attendance),Secondary education,No,No,No,No,No,12.4,0.5,1.79,Dropout
Male,31,Married,Agronomy,Secondary education,Yes,Yes,Yes,Yes,Yes,13.9,-0.3,0.79,Graduate
Male,19,Single,Journalism and Communication,Secondary education,Yes,Yes,Yes,Yes,Yes,16.2,0.3,-0.92,Graduate
Male,28,Single,Journalism and Communication,Basic education 3rd cycle (9th/10th/11th year) or equiv.,Yes,Yes,Yes,Yes,Yes,7.6,2.6,0.32,Graduate
Male,20,Single,Animation and Multimedia Design,Secondary education,Yes,Yes,Yes,Yes,Yes,10.8,1.4,1.74,Graduate
Female,43,Married,Social Service (evening attendance),Secondary education,Yes,Yes,Yes,Yes,Yes,9.4,-0.8,-3.12,Graduate
Male,25,Single,Animation and Multimedia Design,Basic education 3rd cycle (9th/10th/11th year) or equiv.,Yes,Yes,Yes,Yes,Yes,15.5,2.8,-4.06,Dropout
Female,40,Single,Social Service,Basic education 3rd cycle (9th/10th/11th year) or equiv.,Yes,Yes,Yes,Yes,Yes,16.2,0.3,-0.92,Dropout
Female,20,Single,Veterinary Nursing,Technological specialization course,Yes,Yes,Yes,Yes,Yes,12.4,0.5,1.79,Graduate
Female,46,Married,Social Service (evening attendance),Other - 11th year of schooling,Yes,Yes,Yes,Yes,Yes,11.1,0.6,2.02,Graduate
Female,26,Single,Biofuel Production Technologies,Secondary education,Yes,Yes,Yes,Yes,Yes,8.9,1.4,3.51,Graduate
Female,34,Married,Nursing,Secondary education,Yes,Yes,Yes,Yes,Yes,12.4,0.5,1.79,Graduate
Female,19,Single,Basic Education,Secondary education,Yes,Yes,Yes,Yes,Yes,10.8,1.4,1.74,Dropout
Female,18,Single,Nursing,Secondary education,Yes,Yes,Yes,Yes,Yes,12.7,3.7,-1.7,Graduate
Female,18,Single,Oral Hygiene,Secondary education,Yes,Yes,Yes,Yes,Yes,12.7,3.7,-1.7,Graduate
Male,37,Single,Social Service (evening attendance),Secondary education,Yes,Yes,Yes,Yes,Yes,13.9,-0.3,0.79,Graduate
Male,23,Single,Animation and Multimedia Design,Secondary education,Yes,Yes,Yes,Yes,Yes,9.4,-0.8,-3.12,Graduate
Male,26,Single,Communication Design,Secondary education,Yes,Yes,Yes,Yes,Yes,15.5,2.8,-4.06,Graduate
Female,18,Single,Journalism and Communication,Secondary education,No,No,No,No,No,10.8,1.4,1.74,Dropout
Female,18,Single,Nursing,Secondary education,Yes,Yes,Yes,Yes,Yes,12.4,0.5,1.79,Enrolled
Female,19,Single,Nursing,Secondary education,Yes,Yes,Yes,Yes,Yes,11.1,0.6,2.02,Graduate
Female,18,Single,Veterinary Nursing,Secondary education,Yes,Yes,Yes,Yes,Yes,12.4,0.5,1.79,Graduate
Female,19,Single,Advertising and Marketing Management,Secondary education,Yes,Yes,Yes,Yes,Yes,8.9,1.4,3.51,Dropout
Male,20,Single,Informatics Engineering,Secondary education,Yes,Yes,Yes,Yes,Yes,8.9,1.4,3.51,Enrolled
Female,22,Single,Communication Design,Secondary education,Yes,Yes,Yes,Yes,Yes,9.4,-0.8,-3.12,Graduate
Female,18,Single,Nursing,Secondary education,Yes,Yes,Yes,Yes,Yes,12.7,3.7,-1.7,Graduate
Female,18,Single,Tourism,Secondary education,Yes,Yes,Yes,Yes,Yes,13.9,-0.3,0.79,Graduate
Female,18,Single,Journalism and Communication,Secondary education,Yes,Yes,Yes,Yes,Yes,8.9,1.4,3.51,Graduate
Female,18,Single,Tourism,Secondary education,Yes,Yes,Yes,Yes,Yes,12.4,0.5,1.79,Graduate
Female,18,Single,Tourism,Secondary education,Yes,Yes,Yes,Yes,Yes,8.9,1.4,3.51,Graduate
Female,19,Single,Nursing,Secondary education,Yes,Yes,Yes,Yes,Yes,11.1,0.6,2.02,Graduate
Female,20,Single,Basic Education,Secondary education,Yes,Yes,Yes,Yes,Yes,15.5,2.8,-4.06,Dropout
Female,19,Single,Social Service,Secondary education,Yes,Yes,Yes,Yes,Yes,15.5,2.8,-4.06,Dropout
Female,18,Single,Veterinary Nursing,Secondary education,Yes,Yes,Yes,Yes,Yes,15.5,2.8,-4.06,Graduate
Female,18,Single,Communication Design,Secondary education,Yes,Yes,Yes,Yes,Yes,12.4,0.5,1.79,Dropout
Female,18,Single,Nursing,Secondary education,Yes,Yes,Yes,Yes,Yes,11.1,0.6,2.02,Graduate
Female,18,Single,Journalism and Communication,Secondary education,Yes,Yes,Yes,Yes,Yes,12.4,0.5,1.79,Graduate
Female,18,Single,Management,Secondary education,Yes,Yes,Yes,Yes,Yes,10.8,1.4,1.74,Graduate
Female,18,Single,Journalism and Communication,Secondary education,Yes,Yes,Yes,Yes,Yes,16.2,0.3,-0.92,Graduate
Female,20,Single,Agronomy,Technological specialization course,Yes,Yes,Yes,Yes,Yes,16.2,0.3,-0.92,Graduate
Female,19,Single,Social Service,Secondary education,Yes,Yes,Yes,Yes,Yes,9.4,-0.8,-3.12,Graduate
Female,18,Single,Equinculture,Secondary education,Yes,Yes,Yes,Yes,Yes,8.9,1.4,3.51,Enrolled
Female,19,Single,Social Service,Secondary education,Yes,Yes,Yes,Yes,Yes,12.4,0.5,1.79,Graduate
Female,19,Single,Basic Education,Secondary education,Yes,Yes,Yes,Yes,Yes,12.7,3.7,-1.7,Enrolled
Female,19,Single,Equinculture,Secondary education,Yes,Yes,Yes,Yes,Yes,9.4,-0.8,-3.12,Enrolled
Female,19,Single,Advertising and Marketing Management,Secondary education,Yes,Yes,Yes,Yes,Yes,12.4,0.5,1.79,Graduate
Female,20,Single,Advertising and Marketing Management,Secondary education,Yes,Yes,Yes,Yes,Yes,8.9,1.4,3.51,Graduate
Female,18,Single,Equinculture,Secondary education,Yes,Yes,Yes,Yes,Yes,10.8,1.4,1.74,Graduate
Female,33,Single,Management,Higher education - degree,Yes,Yes,Yes,Yes,Yes,12.4,0.5,1.79,Dropout
Female,19,Single,Basic Education,Secondary education,Yes,Yes,Yes,Yes,Yes,13.9,-0.3,0.79,Dropout
Female,18,Single,Oral Hygiene,Secondary education,Yes,Yes,Yes,Yes,Yes,15.5,2.8,-4.06,Graduate
Female,19,Single,Communication Design,Secondary education,Yes,Yes,Yes,Yes,Yes,8.9,1.4,3.51,Dropout
Female,19,Single,Agronomy,Technological specialization course,Yes,Yes,Yes,Yes,Yes,15.5,2.8,-4.06,Enrolled
Female,18,Single,Journalism and Communication,Secondary education,Yes,Yes,Yes,Yes,Yes,12.4,0.5,1.79,Graduate
Female,20,Single,Social Service,Secondary education,Yes,Yes,Yes,Yes,Yes,10.8,1.4,1.74,Graduate
Female,19,Single,Nursing,Secondary education,Yes,Yes,Yes,Yes,Yes,9.4,-0.8,-3.12,Graduate
Male,18,Single,Journalism and Communication,Secondary education,Yes,Yes,Yes,Yes,Yes,9.4,-0.8,-3.12,Graduate
Male,19,Single,Tourism,Secondary education,Yes,Yes,Yes,Yes,Yes,13.9,-0.3,0.79,Dropout
Female,25,Single,Social Service (evening attendance),Secondary education,Yes,Yes,Yes,Yes,Yes,13.9,-0.3,0.79,Graduate
Female,20,Single,Communication Design,Secondary education,Yes,Yes,Yes,Yes,Yes,12.7,3.7,-1.7,Enrolled
Female,19,Single,Social Service (evening attendance),Secondary education,Yes,Yes,Yes,Yes,Yes,12.7,3.7,-1.7,Graduate
Male,33,Single,Management (evening attendance),Secondary education,Yes,Yes,Yes,Yes,Yes,7.6,2.6,0.32,Dropout
Male,18,Single,Informatics Engineering,Secondary education,Yes,Yes,Yes,Yes,Yes,8.9,1.4,3.51,Enrolled
Male,18,Single,Informatics Engineering,Secondary education,Yes,Yes,Yes,Yes,Yes,7.6,2.6,0.32,Enrolled
Female,19,Single,Management,Secondary education,Yes,Yes,Yes,Yes,Yes,11.1,0.6,2.02,Graduate
Female,18,Single,Animation and Multimedia Design,Secondary education,Yes,Yes,Yes,Yes,Yes,12.4,0.5,1.79,Enrolled
Female,19,Single,Management,Secondary education,Yes,Yes,Yes,Yes,Yes,13.9,-0.3,0.79,Enrolled
Female,18,Single,Journalism and Communication,Secondary education,Yes,Yes,Yes,Yes,Yes,11.1,0.6,2.02,Dropout
Female,18,Single,Basic Education,Secondary education,Yes,Yes,Yes,Yes,Yes,7.6,2.6,0.32,Graduate
Female,18,Single,Nursing,Secondary education,Yes,Yes,Yes,Yes,Yes,9.4,-0.8,-3.12,Graduate
Female,37,Married,Nursing,Basic education 3rd cycle (9th/10th/11th year) or equiv.,Yes,Yes,Yes,Yes,Yes,16.2,0.3,-0.92,Dropout
Female,20,Single,Social Service,Secondary education,Yes,Yes,Yes,Yes,Yes,9.4,-0.8,-3.12,Enrolled
Female,20,Single,Tourism,Secondary education,Yes,Yes,Yes,Yes,Yes,10.8,1.4,1.74,Graduate
Male,21,Single,Social Service,Secondary education,Yes,Yes,Yes,Yes,Yes,11.1,0.6,2.02,Graduate
Female,18,Single,Nursing,Secondary education,Yes,Yes,Yes,Yes,Yes,12.4,0.5,1.79,Graduate
Female,26,Single,Social Service (evening attendance),Secondary education,Yes,Yes,Yes,Yes,Yes,15.5,2.8,-4.06,Enrolled
Female,41,Single,Management,Other - 11th year of schooling,Yes,Yes,Yes,Yes,Yes,7.6,2.6,0.32,Enrolled
Female,18,Single,Journalism and Communication,Secondary education,Yes,Yes,Yes,Yes,Yes,16.2,0.3,-0.92,Graduate
Female,18,Single,Nursing,Secondary education,Yes,Yes,Yes,Yes,Yes,9.4,-0.8,-3.12,Graduate
Female,31,Single,Nursing,Secondary education,Yes,Yes,Yes,Yes,Yes,11.1,0.6,2.02,Graduate
Female,23,Single,Social Service,Secondary education,Yes,Yes,Yes,Yes,Yes,12.7,3.7,-1.7,Graduate
Female,19,Single,Nursing,Secondary education,Yes,Yes,Yes,Yes,Yes,7.6,2.6,0.32,Graduate
Female,20,Single,Journalism and Communication,Secondary education,Yes,Yes,Yes,Yes,Yes,11.1,0.6,2.02,Graduate
Female,40,Married,Social Service (evening attendance),Secondary education,Yes,Yes,Yes,Yes,Yes,12.7,3.7,-1.7,Graduate
Female,32,Single,Veterinary Nursing,Technological specialization course,Yes,Yes,Yes,Yes,Yes,16.2,0.3,-0.92,Dropout
Female,24,Single,Tourism,Secondary education,Yes,Yes,Yes,Yes,Yes,10.8,1.4,1.74,Dropout
Female,18,Single,Nursing,Secondary education,Yes,Yes,Yes,Yes,Yes,7.6,2.6,0.32,Graduate
Female,18,Single,Social Service,Secondary education,Yes,Yes,Yes,Yes,Yes,10.8,1.4,1.74,Graduate
Female,18,Single,Social Service,Secondary education,Yes,Yes,Yes,Yes,Yes,10.8,1.4,1.74,Graduate
Female,27,Single,Agronomy,Secondary education,No,No,No,No,No,15.5,2.8,-4.06,Dropout
Female,18,Single,Management,Secondary education,Yes,Yes,Yes,Yes,Yes,7.6,2.6,0.32,Graduate
Female,26,Single,Management (evening attendance),Secondary education,Yes,Yes,Yes,Yes,Yes,12.7,3.7,-1.7,Enrolled
Female,19,Single,Basic Education,Secondary education,Yes,Yes,Yes,Yes,Yes,7.6,2.6,0.32,Graduate
Female,19,Single,Social Service (evening attendance),Secondary education,Yes,Yes,Yes,Yes,Yes,7.6,2.6,0.32,Graduate
Female,21,Single,Management,Secondary education,Yes,Yes,Yes,Yes,Yes,9.4,-0.8,-3.12,Enrolled
Female,24,Single,Management,Secondary education,Yes,Yes,Yes,Yes,Yes,12.7,3.7,-1.7,Enrolled
Female,20,Single,Basic Education,Secondary education,Yes,Yes,Yes,Yes,Yes,12.7,3.7,-1.7,Dropout
Female,18,Single,Basic Education,Secondary education,Yes,Yes,Yes,Yes,Yes,10.8,1.4,1.74,Enrolled
Female,30,Single,Agronomy,Secondary education,Yes,Yes,Yes,Yes,Yes,11.1,0.6,2.02,Dropout
Female,22,Single,Basic Education,Secondary education,No,No,No,No,No,11.1,0.6,2.02,Enrolled
Female,21,Single,Management,Higher education - degree,Yes,Yes,Yes,Yes,Yes,10.8,1.4,1.74,Graduate
Female,26,Single,Oral Hygiene,Secondary education,Yes,Yes,Yes,Yes,Yes,13.9,-0.3,0.79,Dropout
Female,23,Single,Management,Secondary education,Yes,Yes,Yes,Yes,Yes,9.4,-0.8,-3.12,Enrolled
Female,18,Single,Communication Design,Secondary education,Yes,Yes,Yes,Yes,Yes,16.2,0.3,-0.92,Graduate
Female,21,Single,Communication Design,Secondary education,Yes,Yes,Yes,Yes,Yes,12.7,3.7,-1.7,Dropout
Female,18,Single,Animation and Multimedia Design,Secondary education,Yes,Yes,Yes,Yes,Yes,13.9,-0.3,0.79,Dropout
Female,21,Single,Veterinary Nursing,Secondary education,Yes,Yes,Yes,Yes,Yes,9.4,-0.8,-3.12,Enrolled
Female,18,Single,Basic Education,Secondary education,Yes,Yes,Yes,Yes,Yes,7.6,2.6,0.32,Enrolled
Female,19,Single,Basic Education,Secondary education,Yes,Yes,Yes,Yes,Yes,12.7,3.7,-1.7,Dropout
Female,22,Single,Tourism,Secondary education,Yes,Yes,Yes,Yes,Yes,7.6,2.6,0.32,Enrolled
Female,19,Single,Social Service,Secondary education,Yes,Yes,Yes,Yes,Yes,12.4,0.5,1.79,Graduate
Female,19,Single,Veterinary Nursing,Secondary education,No,No,No,No,No,9.4,-0.8,-3.12,Dropout
Female,19,Single,Social Service,Secondary education,Yes,Yes,Yes,Yes,Yes,9.4,-0.8,-3.12,Dropout
Female,27,Married,Veterinary Nursing,Technological specialization course,Yes,Yes,Yes,Yes,Yes,9.4,-0.8,-3.12,Graduate
Female,22,Single,Veterinary Nursing,Secondary education,Yes,Yes,Yes,Yes,Yes,12.7,3.7,-1.7,Graduate
Female,18,Single,Journalism and Communication,Secondary education,Yes,Yes,Yes,Yes,Yes,15.5,2.8,-4.06,Dropout
Female,20,Single,Tourism,Secondary education,Yes,Yes,Yes,Yes,Yes,9.4,-0.8,-3.12,Graduate
Female,34,Married,Management (evening attendance),Secondary education,Yes,Yes,Yes,Yes,Yes,9.4,-0.8,-3.12,Dropout
Female,18,Single,Nursing,Secondary education,Yes,Yes,Yes,Yes,Yes,13.9,-0.3,0.79,Graduate
Male,20,Single,Journalism and Communication,Secondary education,Yes,Yes,Yes,Yes,Yes,9.4,-0.8,-3.12,Graduate
Female,20,Single,Equinculture,Secondary education,Yes,Yes,Yes,Yes,Yes,12.7,3.7,-1.7,Graduate
Male,25,Single,Management (evening attendance),Secondary education,Yes,Yes,Yes,Yes,Yes,16.2,0.3,-0.92,Dropout
Male,18,Single,Informatics Engineering,Secondary education,Yes,Yes,Yes,Yes,Yes,8.9,1.4,3.51,Dropout
Male,18,Single,Equinculture,Secondary education,No,No,No,No,No,8.9,1.4,3.51,Dropout
Female,18,Single,Basic Education,Secondary education,Yes,Yes,Yes,Yes,Yes,9.4,-0.8,-3.12,Dropout
Female,19,Single,Tourism,Secondary education,Yes,Yes,Yes,Yes,Yes,12.4,0.5,1.79,Graduate
Female,19,Single,Basic Education,Secondary education,Yes,Yes,Yes,Yes,Yes,10.8,1.4,1.74,Dropout
Female,21,Single,Social Service,Secondary education,Yes,Yes,Yes,Yes,Yes,13.9,-0.3,0.79,Graduate
Female,29,Single,Communication Design,Secondary education,Yes,Yes,Yes,Yes,Yes,9.4,-0.8,-3.12,Enrolled
Female,20,Single,Communication Design,Secondary education,Yes,Yes,Yes,Yes,Yes,12.4,0.5,1.79,Graduate
Female,21,Single,Social Service (evening attendance),Professional higher technical course,Yes,Yes,Yes,Yes,Yes,8.9,1.4,3.51,Graduate
Female,34,Single,Management (evening attendance),Secondary education,Yes,Yes,Yes,Yes,Yes,10.8,1.4,1.74,Dropout
Female,20,Single,Journalism and Communication,Secondary education,Yes,Yes,Yes,Yes,Yes,12.7,3.7,-1.7,Graduate
Male,24,Single,Management (evening attendance),Secondary education,Yes,Yes,Yes,Yes,Yes,10.8,1.4,1.74,Dropout
Male,18,Single,Nursing,Secondary education,Yes,Yes,Yes,Yes,Yes,16.2,0.3,-0.92,Graduate
Male,19,Single,Nursing,Secondary education,Yes,Yes,Yes,Yes,Yes,7.6,2.6,0.32,Enrolled
Male,18,Single,Management,Secondary education,Yes,Yes,Yes,Yes,Yes,15.5,2.8,-4.06,Enrolled
Male,28,Single,Management (evening attendance),Secondary education,Yes,Yes,Yes,Yes,Yes,10.8,1.4,1.74,Enrolled
Male,28,Single,Management (evening attendance),Secondary education,Yes,Yes,Yes,Yes,Yes,11.1,0.6,2.02,Dropout
Male,20,Single,Tourism,Secondary education,Yes,Yes,Yes,Yes,Yes,7.6,2.6,0.32,Dropout
Male,22,Single,Nursing,Secondary education,Yes,Yes,Yes,Yes,Yes,9.4,-0.8,-3.12,Graduate
Male,19,Single,Nursing,Secondary education,Yes,Yes,Yes,Yes,Yes,10.8,1.4,1.74,Graduate
Male,20,Single,Advertising and Marketing Management,Secondary education,Yes,Yes,Yes,Yes,Yes,12.4,0.5,1.79,Enrolled
Male,26,Single,Oral Hygiene,Secondary education,Yes,Yes,Yes,Yes,Yes,12.4,0.5,1.79,Dropout
Male,21,Single,Tourism,Secondary education,No,No,No,No,No,9.4,-0.8,-3.12,Dropout
Male,18,Single,Animation and Multimedia Design,Secondary education,Yes,Yes,Yes,Yes,Yes,12.4,0.5,1.79,Graduate
Male,18,Single,Management,Secondary education,Yes,Yes,Yes,Yes,Yes,11.1,0.6,2.02,Graduate
Male,22,Single,Animation and Multimedia Design,Secondary education,Yes,Yes,Yes,Yes,Yes,11.1,0.6,2.02,Graduate
Male,36,Married,Informatics Engineering,Basic education 3rd cycle (9th/10th/11th year) or equiv.,Yes,Yes,Yes,Yes,Yes,16.2,0.3,-0.92,Dropout
Male,20,Single,Journalism and Communication,Secondary education,Yes,Yes,Yes,Yes,Yes,13.9,-0.3,0.79,Graduate
Male,20,Single,Advertising and Marketing Management,Secondary education,Yes,Yes,Yes,Yes,Yes,10.8,1.4,1.74,Dropout
Male,25,Single,Management (evening attendance),Secondary education,Yes,Yes,Yes,Yes,Yes,12.4,0.5,1.79,Dropout
Male,35,Single,Agronomy,Secondary education,Yes,Yes,Yes,Yes,Yes,15.5,2.8,-4.06,Graduate
Male,22,Single,Animation and Multimedia Design,Secondary education,Yes,Yes,Yes,Yes,Yes,11.1,0.6,2.02,Dropout
Male,26,Single,Communication Design,Secondary education,Yes,Yes,Yes,Yes,Yes,12.4,0.5,1.79,Enrolled
Male,20,Single,Agronomy,Technological specialization course,No,No,No,No,No,16.2,0.3,-0.92,Dropout
Male,50,Single,Social Service (evening attendance),Other - 11th year of schooling,Yes,Yes,Yes,Yes,Yes,16.2,0.3,-0.92,Dropout
Male,20,Single,Nursing,Secondary education,Yes,Yes,Yes,Yes,Yes,10.8,1.4,1.74,Dropout
Male,20,Single,Nursing,Secondary education,Yes,Yes,Yes,Yes,Yes,12.4,0.5,1.79,Enrolled
Male,35,Single,Agronomy,Higher education - degree,No,No,No,No,No,15.5,2.8,-4.06,Dropout
Male,19,Single,Advertising and Marketing Management,Secondary education,Yes,Yes,Yes,Yes,Yes,15.5,2.8,-4.06,Graduate
Male,43,Married,Management,Secondary education,Yes,Yes,Yes,Yes,Yes,9.4,-0.8,-3.12,Dropout
Male,19,Single,Nursing,Secondary education,Yes,Yes,Yes,Yes,Yes,10.8,1.4,1.74,Graduate
Male,25,Single,Nursing,Secondary education,Yes,Yes,Yes,Yes,Yes,12.7,3.7,-1.7,Graduate
Male,19,Single,Animation and Multimedia Design,Secondary education,Yes,Yes,Yes,Yes,Yes,13.9,-0.3,0.79,Graduate
Male,20,Single,Basic Education,Secondary education,Yes,Yes,Yes,Yes,Yes,7.6,2.6,0.32,Enrolled
Male,22,Single,Animation and Multimedia Design,Secondary education,Yes,Yes,Yes,Yes,Yes,12.7,3.7,-1.7,Dropout
Male,19,Single,Tourism,Secondary education,Yes,Yes,Yes,Yes,Yes,11.1,0.6,2.02,Dropout
Male,32,Married,Management (evening attendance),Secondary education,Yes,Yes,Yes,Yes,Yes,13.9,-0.3,0.79,Dropout
Male,57,Married,Journalism and Communication,Basic education 2nd cycle (6th/7th/8th year) or equiv.,Yes,Yes,Yes,Yes,Yes,9.4,-0.8,-3.12,Graduate
Male,20,Single,Nursing,Secondary education,No,No,No,No,No,16.2,0.3,-0.92,Dropout
Male,38,Single,Management (evening attendance),Secondary education,No,No,No,No,No,8.9,1.4,3.51,Dropout
Male,45,Married,Management (evening attendance),Secondary education,Yes,Yes,Yes,Yes,Yes,12.4,0.5,1.79,Graduate
Male,43,Married,Journalism and Communication,Secondary education,No,No,No,No,No,10.8,1.4,1.74,Dropout
Male,19,Single,Communication Design,Secondary education,Yes,Yes,Yes,Yes,Yes,10.8,1.4,1.74,Graduate
Male,49,Married,Management (evening attendance),Basic education 3rd cycle (9th/10th/11th year) or equiv.,No,No,No,No,No,15.5,2.8,-4.06,Dropout
Male,43,Married,Nursing,Basic education 3rd cycle (9th/10th/11th year) or equiv.,Yes,Yes,Yes,Yes,Yes,10.8,1.4,1.74,Enrolled
Male,34,Single,Social Service (evening attendance),Secondary education,Yes,Yes,Yes,Yes,Yes,11.1,0.6,2.02,Dropout
Male,18,Single,Informatics Engineering,Secondary education,Yes,Yes,Yes,Yes,Yes,12.4,0.5,1.79,Enrolled
Male,43,Married,Management (evening attendance),Secondary education,Yes,Yes,Yes,Yes,Yes,10.8,1.4,1.74,Graduate
Male,21,Single,Tourism,Secondary education,Yes,Yes,Yes,Yes,Yes,15.5,2.8,-4.06,Dropout
Male,40,Married,Management (evening attendance),Secondary education,Yes,Yes,Yes,Yes,Yes,7.6,2.6,0.32,Enrolled
Male,19,Single,Advertising and Marketing Management,Secondary education,Yes,Yes,Yes,Yes,Yes,10.8,1.4,1.74,Graduate
Male,27,Single,Tourism,Secondary education,Yes,Yes,Yes,Yes,Yes,10.8,1.4,1.74,Enrolled
Male,43,Married,Oral Hygiene,Secondary education,Yes,Yes,Yes,Yes,Yes,16.2,0.3,-0.92,Dropout
Male,31,Single,Management (evening attendance),Secondary education,Yes,Yes,Yes,Yes,Yes,9.4,-0.8,-3.12,Graduate
Male,26,Single,Agronomy,Technological specialization course,Yes,Yes,Yes,Yes,Yes,8.9,1.4,3.51,Enrolled
Male,34,Single,Management (evening attendance),Secondary education,Yes,Yes,Yes,Yes,Yes,8.9,1.4,3.51,Graduate
Male,30,Divorced,Nursing,Basic education 3rd cycle (9th/10th/11th year) or equiv.,Yes,Yes,Yes,Yes,Yes,7.6,2.6,0.32,Graduate
Male,36,Married,Nursing,Basic education 3rd cycle (9th/10th/11th year) or equiv.,Yes,Yes,Yes,Yes,Yes,16.2,0.3,-0.92,Dropout
Male,46,Single,Management (evening attendance),Higher education - degree,No,No,No,No,No,11.1,0.6,2.02,Dropout
Male,22,Single,Veterinary Nursing,Secondary education,Yes,Yes,Yes,Yes,Yes,7.6,2.6,0.32,Graduate
Male,27,Single,Agronomy,Higher education - degree,Yes,Yes,Yes,Yes,Yes,16.2,0.3,-0.92,Dropout
Male,20,Single,Informatics Engineering,Secondary education,Yes,Yes,Yes,Yes,Yes,8.9,1.4,3.51,Enrolled
Male,20,Single,Management,Secondary education,Yes,Yes,Yes,Yes,Yes,8.9,1.4,3.51,Enrolled
Male,31,Single,Informatics Engineering,Secondary education,No,No,No,No,No,12.7,3.7,-1.7,Dropout
Male,20,Single,Informatics Engineering,Secondary education,Yes,Yes,Yes,Yes,Yes,9.4,-0.8,-3.12,Enrolled
Male,21,Single,Journalism and Communication,Secondary education,No,No,No,No,No,10.8,1.4,1.74,Dropout
Male,21,Single,Management,Secondary education,Yes,Yes,Yes,Yes,Yes,16.2,0.3,-0.92,Dropout
Male,19,Single,Management,Secondary education,Yes,Yes,Yes,Yes,Yes,16.2,0.3,-0.92,Graduate
Male,20,Single,Management,Secondary education,Yes,Yes,Yes,Yes,Yes,8.9,1.4,3.51,Graduate
Male,18,Single,Agronomy,Secondary education,Yes,Yes,Yes,Yes,Yes,12.4,0.5,1.79,Graduate
Male,18,Single,Journalism and Communication,Secondary education,Yes,Yes,Yes,Yes,Yes,16.2,0.3,-0.92,Graduate
Male,30,Single,Nursing,Secondary education,Yes,Yes,Yes,Yes,Yes,12.4,0.5,1.79,Enrolled
Male,34,Single,Tourism,Basic education 3rd cycle (9th/10th/11th year) or equiv.,No,No,No,No,No,15.5,2.8,-4.06,Dropout
Male,21,Single,Advertising and Marketing Management,Secondary education,No,No,No,No,No,11.1,0.6,2.02,Enrolled
Male,20,Single,Communication Design,Technological specialization course,Yes,Yes,Yes,Yes,Yes,16.2,0.3,-0.92,Dropout
Male,18,Single,Nursing,Secondary education,Yes,Yes,Yes,Yes,Yes,12.7,3.7,-1.7,Graduate
Male,21,Single,Animation and Multimedia Design,Secondary education,Yes,Yes,Yes,Yes,Yes,16.2,0.3,-0.92,Dropout
Male,26,Married,Agronomy,Secondary education,Yes,Yes,Yes,Yes,Yes,12.4,0.5,1.79,Dropout
Male,20,Single,Informatics Engineering,Secondary education,Yes,Yes,Yes,Yes,Yes,9.4,-0.8,-3.12,Dropout
Male,25,Single,Agronomy,Technological specialization course,Yes,Yes,Yes,Yes,Yes,15.5,2.8,-4.06,Dropout
Male,19,Single,Advertising and Marketing Management,Secondary education,Yes,Yes,Yes,Yes,Yes,7.6,2.6,0.32,Enrolled
Male,24,Single,Management,Secondary education,Yes,Yes,Yes,Yes,Yes,9.4,-0.8,-3.12,Dropout
Male,20,Single,Equinculture,Secondary education,Yes,Yes,Yes,Yes,Yes,7.6,2.6,0.32,Graduate
Male,20,Single,Management,Secondary education,Yes,Yes,Yes,Yes,Yes,12.7,3.7,-1.7,Dropout
Female,18,Single,Communication Design,Secondary education,Yes,Yes,Yes,Yes,Yes,10.8,1.4,1.74,Graduate
Female,25,Divorced,Oral Hygiene,Secondary education,Yes,Yes,Yes,Yes,Yes,12.7,3.7,-1.7,Enrolled
Female,22,Single,Tourism,Secondary education,Yes,Yes,Yes,Yes,Yes,11.1,0.6,2.02,Graduate
Female,41,Single,Social Service (evening attendance),Secondary education,No,No,No,No,No,9.4,-0.8,-3.12,Dropout
Female,19,Single,Management,Secondary education,Yes,Yes,Yes,Yes,Yes,12.7,3.7,-1.7,Dropout
Female,21,Single,Equinculture,Secondary education,Yes,Yes,Yes,Yes,Yes,13.9,-0.3,0.79,Graduate
Female,30,Single,Veterinary Nursing,Secondary education,Yes,Yes,Yes,Yes,Yes,13.9,-0.3,0.79,Dropout
Female,21,Single,Nursing,Secondary education,Yes,Yes,Yes,Yes,Yes,11.1,0.6,2.02,Graduate
Female,26,Married,Oral Hygiene,Secondary education,Yes,Yes,Yes,Yes,Yes,10.8,1.4,1.74,Enrolled
Female,21,Single,Advertising and Marketing Management,Secondary education,Yes,Yes,Yes,Yes,Yes,11.1,0.6,2.02,Graduate
Female,18,Single,Nursing,Secondary education,Yes,Yes,Yes,Yes,Yes,10.8,1.4,1.74,Graduate
Female,19,Single,Veterinary Nursing,Secondary education,Yes,Yes,Yes,Yes,Yes,12.4,0.5,1.79,Graduate
Female,18,Single,Veterinary Nursing,Secondary education,Yes,Yes,Yes,Yes,Yes,8.9,1.4,3.51,Graduate
Female,19,Single,Management,Secondary education,Yes,Yes,Yes,Yes,Yes,12.7,3.7,-1.7,Enrolled
Female,21,Single,Veterinary Nursing,Secondary education,Yes,Yes,Yes,Yes,Yes,13.9,-0.3,0.79,Enrolled
Female,18,Single,Management,Secondary education,Yes,Yes,Yes,Yes,Yes,13.9,-0.3,0.79,Dropout
Female,24,Single,Nursing,Secondary education,Yes,Yes,Yes,Yes,Yes,10.8,1.4,1.74,Graduate
Female,21,Single,Equinculture,Secondary education,Yes,Yes,Yes,Yes,Yes,12.7,3.7,-1.7,Enrolled
Female,23,Single,Veterinary Nursing,Technological specialization course,Yes,Yes,Yes,Yes,Yes,16.2,0.3,-0.92,Graduate
Female,18,Single,Nursing,Secondary education,Yes,Yes,Yes,Yes,Yes,10.8,1.4,1.74,Graduate
Female,26,Single,Veterinary Nursing,Secondary education,No,No,No,No,No,11.1,0.6,2.02,Enrolled
Female,20,Single,Equinculture,Secondary education,Yes,Yes,Yes,Yes,Yes,9.4,-0.8,-3.12,Graduate
Female,18,Single,Social Service,Secondary education,Yes,Yes,Yes,Yes,Yes,11.1,0.6,2.02,Graduate
Female,20,Single,Social Service,Secondary education,Yes,Yes,Yes,Yes,Yes,11.1,0.6,2.02,Graduate
Female,20,Single,Nursing,Secondary education,Yes,Yes,Yes,Yes,Yes,12.7,3.7,-1.7,Enrolled
Female,18,Single,Social Service,Secondary education,Yes,Yes,Yes,Yes,Yes,12.7,3.7,-1.7,Enrolled
Female,22,Single,Journalism and Communication,Secondary education,Yes,Yes,Yes,Yes,Yes,12.4,0.5,1.79,Graduate
Female,20,Single,Nursing,Secondary education,Yes,Yes,Yes,Yes,Yes,7.6,2.6,0.32,Graduate
Female,19,Single,Nursing,Secondary education,Yes,Yes,Yes,Yes,Yes,13.9,-0.3,0.79,Graduate
Female,18,Single,Equinculture,Secondary education,Yes,Yes,Yes,Yes,Yes,15.5,2.8,-4.06,Dropout
Female,18,Single,Management,Secondary education,Yes,Yes,Yes,Yes,Yes,13.9,-0.3,0.79,Graduate
Female,19,Single,Veterinary Nursing,Secondary education,Yes,Yes,Yes,Yes,Yes,10.8,1.4,1.74,Graduate
Female,19,Single,Communication Design,Secondary education,Yes,Yes,Yes,Yes,Yes,10.8,1.4,1.74,Graduate
Female,24,Single,Social Service (evening attendance),Secondary education,Yes,Yes,Yes,Yes,Yes,7.6,2.6,0.32,Graduate
Female,21,Single,Social Service,Secondary education,Yes,Yes,Yes,Yes,Yes,10.8,1.4,1.74,Graduate
Female,20,Single,Social Service,Secondary education,Yes,Yes,Yes,Yes,Yes,11.1,0.6,2.02,Graduate
Female,28,Single,Tourism,Secondary education,No,No,No,No,No,13.9,-0.3,0.79,Dropout
Female,21,Single,Basic Education,Secondary education,Yes,Yes,Yes,Yes,Yes,7.6,2.6,0.32,Graduate
Male,20,Single,Nursing,Secondary education,Yes,Yes,Yes,Yes,Yes,11.1,0.6,2.02,Enrolled
Male,36,Single,Agronomy,Secondary education,No,No,No,No,No,16.2,0.3,-0.92,Dropout
Male,42,Married,Management (evening attendance),Secondary education,No,No,No,No,No,12.7,3.7,-1.7,Dropout
Male,47,Married,Management (evening attendance),Secondary education,Yes,Yes,Yes,Yes,Yes,7.6,2.6,0.32,Dropout
Male,25,Single,Informatics Engineering,Secondary education,No,No,No,No,No,9.4,-0.8,-3.12,Dropout
Male,25,Single,Advertising and Marketing Management,Other - 11th year of schooling,Yes,Yes,Yes,Yes,Yes,15.5,2.8,-4.06,Graduate
Male,48,Married,Social Service (evening attendance),Basic education 3rd cycle (9th/10th/11th year) or equiv.,Yes,Yes,Yes,Yes,Yes,12.4,0.5,1.79,Dropout
Male,32,Single,Management (evening attendance),Secondary education,Yes,Yes,Yes,Yes,Yes,10.8,1.4,1.74,Graduate
Male,38,Single,Management (evening attendance),Higher education - degree (1st cycle),Yes,Yes,Yes,Yes,Yes,8.9,1.4,3.51,Dropout
Male,37,Single,Social Service,Higher education - degree (1st cycle),Yes,Yes,Yes,Yes,Yes,15.5,2.8,-4.06,Graduate
Male,26,Single,Management,Secondary education,No,No,No,No,No,10.8,1.4,1.74,Dropout
Male,23,Single,Veterinary Nursing,Technological specialization course,Yes,Yes,Yes,Yes,Yes,13.9,-0.3,0.79,Dropout
Male,23,Single,Agronomy,Technological specialization course,Yes,Yes,Yes,Yes,Yes,15.5,2.8,-4.06,Enrolled
Male,20,Single,Agronomy,Technological specialization course,Yes,Yes,Yes,Yes,Yes,12.4,0.5,1.79,Enrolled
Male,26,Single,Nursing,Higher education - master's,Yes,Yes,Yes,Yes,Yes,11.1,0.6,2.02,Dropout
Female,45,Single,Social Service (evening attendance),Secondary education,Yes,Yes,Yes,Yes,Yes,12.7,3.7,-1.7,Enrolled
Female,26,Single,Social Service (evening attendance),Basic education 3rd cycle (9th/10th/11th year) or equiv.,Yes,Yes,Yes,Yes,Yes,7.6,2.6,0.32,Enrolled
Female,26,Single,Social Service (evening attendance),Higher education - degree,Yes,Yes,Yes,Yes,Yes,7.6,2.6,0.32,Graduate
Female,25,Single,Management (evening attendance),Secondary education,Yes,Yes,Yes,Yes,Yes,10.8,1.4,1.74,Enrolled
Female,18,Single,Nursing,Secondary education,Yes,Yes,Yes,Yes,Yes,9.4,-0.8,-3.12,Graduate
Female,27,Single,Nursing,Higher education - degree,Yes,Yes,Yes,Yes,Yes,12.7,3.7,-1.7,Graduate
Female,24,Legally Separated,Social Service (evening attendance),Secondary education,No,No,No,No,No,10.8,1.4,1.74,Dropout
Female,20,Single,Management,Secondary education,Yes,Yes,Yes,Yes,Yes,15.5,2.8,-4.06,Graduate
Female,18,Single,Nursing,Secondary education,Yes,Yes,Yes,Yes,Yes,15.5,2.8,-4.06,Dropout
Female,18,Single,Oral Hygiene,Secondary education,Yes,Yes,Yes,Yes,Yes,12.7,3.7,-1.7,Graduate
Female,18,Single,Nursing,Secondary education,Yes,Yes,Yes,Yes,Yes,9.4,-0.8,-3.12,Graduate
Male,19,Single,Nursing,Secondary education,Yes,Yes,Yes,Yes,Yes,9.4,-0.8,-3.12,Enrolled
Female,19,Single,Nursing,Secondary education,Yes,Yes,Yes,Yes,Yes,9.4,-0.8,-3.12,Graduate
Female,19,Single,Nursing,Secondary education,Yes,Yes,Yes,Yes,Yes,12.4,0.5,1.79,Enrolled
Female,18,Single,Nursing,Secondary education,Yes,Yes,Yes,Yes,Yes,10.8,1.4,1.74,Graduate
Female,18,Single,Animation and Multimedia Design,Secondary education,Yes,Yes,Yes,Yes,Yes,12.7,3.7,-1.7,Enrolled
Female,19,Single,Advertising and Marketing Management,Secondary education,Yes,Yes,Yes,Yes,Yes,12.7,3.7,-1.7,Enrolled
Female,23,Single,Agronomy,Higher education - degree,Yes,Yes,Yes,Yes,Yes,15.5,2.8,-4.06,Graduate
Female,21,Single,Social Service,Secondary education,Yes,Yes,Yes,Yes,Yes,13.9,-0.3,0.79,Graduate
Female,18,Single,Nursing,Secondary education,Yes,Yes,Yes,Yes,Yes,16.2,0.3,-0.92,Graduate
Female,20,Single,Basic Education,Secondary education,No,No,No,No,No,10.8,1.4,1.74,Dropout
Female,23,Single,Journalism and Communication,Secondary education,Yes,Yes,Yes,Yes,Yes,16.2,0.3,-0.92,Enrolled
Female,20,Single,Social Service,Secondary education,Yes,Yes,Yes,Yes,Yes,10.8,1.4,1.74,Enrolled
Female,18,Single,Communication Design,Secondary education,Yes,Yes,Yes,Yes,Yes,13.9,-0.3,0.79,Graduate
Female,29,Single,Social Service (evening attendance),Secondary education,Yes,Yes,Yes,Yes,Yes,9.4,-0.8,-3.12,Graduate
Male,28,Single,Journalism and Communication,12th year of schooling - not completed,Yes,Yes,Yes,Yes,Yes,7.6,2.6,0.32,Dropout
Male,19,Single,Advertising and Marketing Management,Secondary education,Yes,Yes,Yes,Yes,Yes,9.4,-0.8,-3.12,Enrolled
Male,24,Single,Advertising and Marketing Management,Secondary education,No,No,No,No,No,10.8,1.4,1.74,Dropout
Male,33,Single,Animation and Multimedia Design,Secondary education,Yes,Yes,Yes,Yes,Yes,15.5,2.8,-4.06,Dropout
Male,19,Single,Management,Secondary education,No,No,No,No,No,9.4,-0.8,-3.12,Dropout
Male,19,Single,Veterinary Nursing,Secondary education,Yes,Yes,Yes,Yes,Yes,11.1,0.6,2.02,Graduate
Male,37,Divorced,Social Service (evening attendance),Secondary education,Yes,Yes,Yes,Yes,Yes,12.7,3.7,-1.7,Graduate
Male,18,Single,Animation and Multimedia Design,Secondary education,No,No,No,No,No,12.7,3.7,-1.7,Graduate
Male,29,Divorced,Management (evening attendance),Secondary education,Yes,Yes,Yes,Yes,Yes,7.6,2.6,0.32,Enrolled
Male,37,Married,Nursing,Basic education 2nd cycle (6th/7th/8th year) or equiv.,Yes,Yes,Yes,Yes,Yes,13.9,-0.3,0.79,Graduate
Male,36,Single,Nursing,Secondary education,Yes,Yes,Yes,Yes,Yes,12.4,0.5,1.79,Dropout
Male,19,Single,Advertising and Marketing Management,Secondary education,Yes,Yes,Yes,Yes,Yes,8.9,1.4,3.51,Graduate
Male,33,Single,Nursing,Secondary education,Yes,Yes,Yes,Yes,Yes,9.4,-0.8,-3.12,Graduate
Male,34,Single,Informatics Engineering,Secondary education,No,No,No,No,No,15.5,2.8,-4.06,Dropout
Female,18,Single,Tourism,Secondary education,Yes,Yes,Yes,Yes,Yes,12.4,0.5,1.79,Graduate
Female,20,Single,Equinculture,Technological specialization course,Yes,Yes,Yes,Yes,Yes,12.4,0.5,1.79,Dropout
Female,19,Single,Journalism and Communication,Secondary education,Yes,Yes,Yes,Yes,Yes,13.9,-0.3,0.79,Graduate
Female,20,Single,Veterinary Nursing,Secondary education,Yes,Yes,Yes,Yes,Yes,13.9,-0.3,0.79,Graduate
Female,19,Single,Social Service,Secondary education,Yes,Yes,Yes,Yes,Yes,12.4,0.5,1.79,Graduate
Female,19,Single,Nursing,Secondary education,Yes,Yes,Yes,Yes,Yes,12.4,0.5,1.79,Graduate
Female,22,Single,Journalism and Communication,Secondary education,Yes,Yes,Yes,Yes,Yes,9.4,-0.8,-3.12,Graduate
Female,18,Single,Advertising and Marketing Management,Secondary education,Yes,Yes,Yes,Yes,Yes,11.1,0.6,2.02,Enrolled
Female,18,Single,Journalism and Communication,Secondary education,Yes,Yes,Yes,Yes,Yes,12.4,0.5,1.79,Graduate
Female,19,Single,Nursing,Secondary education,Yes,Yes,Yes,Yes,Yes,12.4,0.5,1.79,Enrolled
Female,19,Single,Basic Education,Secondary education,Yes,Yes,Yes,Yes,Yes,12.7,3.7,-1.7,Graduate
Female,31,Single,Nursing,Secondary education,No,No,No,No,No,7.6,2.6,0.32,Dropout
Female,18,Single,Nursing,Secondary education,Yes,Yes,Yes,Yes,Yes,11.1,0.6,2.02,Graduate
Female,19,Single,Social Service,Secondary education,Yes,Yes,Yes,Yes,Yes,10.8,1.4,1.74,Graduate
Female,18,Single,Animation and Multimedia Design,Secondary education,Yes,Yes,Yes,Yes,Yes,13.9,-0.3,0.79,Graduate
Female,19,Single,Social Service,Secondary education,Yes,Yes,Yes,Yes,Yes,15.5,2.8,-4.06,Graduate
Female,19,Single,Nursing,Secondary education,Yes,Yes,Yes,Yes,Yes,7.6,2.6,0.32,Graduate
Female,19,Single,Management,Secondary education,Yes,Yes,Yes,Yes,Yes,10.8,1.4,1.74,Enrolled
Female,30,Married,Social Service (evening attendance),Higher education - degree,Yes,Yes,Yes,Yes,Yes,7.6,2.6,0.32,Graduate
Female,18,Single,Journalism and Communication,Secondary education,Yes,Yes,Yes,Yes,Yes,16.2,0.3,-0.92,Enrolled
Female,18,Single,Nursing,Secondary education,Yes,Yes,Yes,Yes,Yes,12.7,3.7,-1.7,Graduate
Female,21,Single,Veterinary Nursing,Secondary education,Yes,Yes,Yes,Yes,Yes,12.7,3.7,-1.7,Dropout
Female,19,Single,Social Service,Secondary education,Yes,Yes,Yes,Yes,Yes,13.9,-0.3,0.79,Graduate
Female,19,Single,Advertising and Marketing Management,Secondary education,Yes,Yes,Yes,Yes,Yes,12.4,0.5,1.79,Enrolled
Female,19,Single,Nursing,Secondary education,Yes,Yes,Yes,Yes,Yes,13.9,-0.3,0.79,Enrolled
Female,19,Single,Equinculture,Secondary education,Yes,Yes,Yes,Yes,Yes,8.9,1.4,3.51,Dropout
Female,19,Single,Advertising and Marketing Management,Secondary education,Yes,Yes,Yes,Yes,Yes,8.9,1.4,3.51,Graduate
Female,39,Married,Management (evening attendance),Secondary education,Yes,Yes,Yes,Yes,Yes,16.2,0.3,-0.92,Graduate
Female,18,Single,Communication Design,Secondary education,Yes,Yes,Yes,Yes,Yes,7.6,2.6,0.32,Enrolled
Female,20,Single,Animation and Multimedia Design,Secondary education,Yes,Yes,Yes,Yes,Yes,12.7,3.7,-1.7,Dropout
Female,19,Single,Management,Secondary education,Yes,Yes,Yes,Yes,Yes,8.9,1.4,3.51,Graduate
Female,18,Single,Management,Secondary education,Yes,Yes,Yes,Yes,Yes,11.1,0.6,2.02,Enrolled
Female,34,Married,Agronomy,Secondary education,No,No,No,No,No,11.1,0.6,2.02,Enrolled
Female,22,Single,Advertising and Marketing Management,Secondary education,Yes,Yes,Yes,Yes,Yes,7.6,2.6,0.32,Enrolled
Female,24,Single,Veterinary Nursing,Secondary education,Yes,Yes,Yes,Yes,Yes,13.9,-0.3,0.79,Graduate
Female,34,Married,Management,Secondary education,Yes,Yes,Yes,Yes,Yes,7.6,2.6,0.32,Graduate
Female,46,Married,Management (evening attendance),Secondary education,Yes,Yes,Yes,Yes,Yes,7.6,2.6,0.32,Dropout
Female,50,Married,Management,Secondary education,Yes,Yes,Yes,Yes,Yes,9.4,-0.8,-3.12,Enrolled
Female,37,Single,Management (evening attendance),Secondary education,No,No,No,No,No,15.5,2.8,-4.06,Dropout
Female,18,Single,Veterinary Nursing,Secondary education,Yes,Yes,Yes,Yes,Yes,8.9,1.4,3.51,Graduate
Female,25,Single,Veterinary Nursing,Secondary education,Yes,Yes,Yes,Yes,Yes,11.1,0.6,2.02,Enrolled
Female,46,Married,Agronomy,Secondary education,Yes,Yes,Yes,Yes,Yes,15.5,2.8,-4.06,Graduate
Female,30,Married,Communication Design,Secondary education,Yes,Yes,Yes,Yes,Yes,13.9,-0.3,0.79,Graduate
Female,37,Divorced,Management (evening attendance),Secondary education,No,No,No,No,No,12.7,3.7,-1.7,Dropout
Female,50,Married,Management (evening attendance),Secondary education,Yes,Yes,Yes,Yes,Yes,12.7,3.7,-1.7,Enrolled
Female,20,Single,Agronomy,Technological specialization course,Yes,Yes,Yes,Yes,Yes,12.4,0.5,1.79,Graduate
Female,39,Married,Oral Hygiene,Other - 11th year of schooling,Yes,Yes,Yes,Yes,Yes,11.1,0.6,2.02,Dropout
Female,53,Married,Journalism and Communication,Basic education 3rd cycle (9th/10th/11th year) or equiv.,No,No,No,No,No,15.5,2.8,-4.06,Dropout
Female,54,Married,Management,Secondary education,Yes,Yes,Yes,Yes,Yes,15.5,2.8,-4.06,Dropout
Female,19,Single,Veterinary Nursing,Technological specialization course,Yes,Yes,Yes,Yes,Yes,13.9,-0.3,0.79,Graduate
Female,20,Single,Journalism and Communication,Secondary education,No,No,No,No,No,8.9,1.4,3.51,Dropout
Female,18,Single,Journalism and Communication,Secondary education,Yes,Yes,Yes,Yes,Yes,8.9,1.4,3.51,Graduate
Female,21,Single,Agronomy,Professional higher technical course,Yes,Yes,Yes,Yes,Yes,8.9,1.4,3.51,Graduate
Female,18,Single,Communication Design,Secondary education,Yes,Yes,Yes,Yes,Yes,13.9,-0.3,0.79,Graduate
Female,19,Single,Nursing,Secondary education,Yes,Yes,Yes,Yes,Yes,11.1,0.6,2.02,Dropout
Female,18,Single,Nursing,Secondary education,Yes,Yes,Yes,Yes,Yes,11.1,0.6,2.02,Dropout
Female,19,Single,Journalism and Communication,Secondary education,Yes,Yes,Yes,Yes,Yes,11.1,0.6,2.02,Graduate
Female,18,Single,Animation and Multimedia Design,Secondary education,Yes,Yes,Yes,Yes,Yes,13.9,-0.3,0.79,Dropout
Female,19,Single,Advertising and Marketing Management,Secondary education,Yes,Yes,Yes,Yes,Yes,12.7,3.7,-1.7,Graduate
Female,48,Divorced,Social Service (evening attendance),Other - 11th year of schooling,Yes,Yes,Yes,Yes,Yes,7.6,2.6,0.32,Enrolled
Female,34,Divorced,Social Service,Secondary education,Yes,Yes,Yes,Yes,Yes,13.9,-0.3,0.79,Graduate
Female,18,Single,Veterinary Nursing,Secondary education,Yes,Yes,Yes,Yes,Yes,7.6,2.6,0.32,Graduate
Female,50,Married,Social Service (evening attendance),Secondary education,Yes,Yes,Yes,Yes,Yes,10.8,1.4,1.74,Graduate
Female,41,Single,Basic Education,Secondary education,Yes,Yes,Yes,Yes,Yes,12.4,0.5,1.79,Graduate
Female,22,Single,Journalism and Communication,Secondary education,Yes,Yes,Yes,Yes,Yes,7.6,2.6,0.32,Dropout
Female,43,Divorced,Management,Secondary education,Yes,Yes,Yes,Yes,Yes,7.6,2.6,0.32,Graduate
Female,50,Married,Social Service (evening attendance),Basic education 3rd cycle (9th/10th/11th year) or equiv.,Yes,Yes,Yes,Yes,Yes,10.8,1.4,1.74,Dropout
Female,60,Single,Agronomy,Basic education 3rd cycle (9th/10th/11th year) or equiv.,Yes,Yes,Yes,Yes,Yes,13.9,-0.3,0.79,Graduate
Female,41,Married,Management,Secondary education,Yes,Yes,Yes,Yes,Yes,9.4,-0.8,-3.12,Enrolled
Female,47,Married,Management (evening attendance),Basic education 3rd cycle (9th/10th/11th year) or equiv.,Yes,Yes,Yes,Yes,Yes,7.6,2.6,0.32,Graduate
Female,22,Single,Animation and Multimedia Design,Higher education - degree,Yes,Yes,Yes,Yes,Yes,11.1,0.6,2.02,Graduate
Female,41,Married,Nursing,Secondary education,Yes,Yes,Yes,Yes,Yes,10.8,1.4,1.74,Dropout
Female,28,Married,Management (evening attendance),Secondary education,Yes,Yes,Yes,Yes,Yes,7.6,2.6,0.32,Enrolled
Female,32,De Facto Union,Tourism,Higher education - bachelor's degree,Yes,Yes,Yes,Yes,Yes,10.8,1.4,1.74,Graduate
Female,50,Married,Management (evening attendance),Other - 11th year of schooling,Yes,Yes,Yes,Yes,Yes,7.6,2.6,0.32,Dropout
Female,53,Single,Management,Secondary education,Yes,Yes,Yes,Yes,Yes,8.9,1.4,3.51,Enrolled
Female,54,Single,Oral Hygiene,Secondary education,No,No,No,No,No,12.4,0.5,1.79,Dropout
Female,49,Single,Social Service (evening attendance),Secondary education,Yes,Yes,Yes,Yes,Yes,13.9,-0.3,0.79,Enrolled
Female,34,Married,Basic Education,Secondary education,Yes,Yes,Yes,Yes,Yes,12.7,3.7,-1.7,Dropout
Female,45,Divorced,Social Service (evening attendance),Secondary education,Yes,Yes,Yes,Yes,Yes,16.2,0.3,-0.92,Dropout
Female,47,Divorced,Social Service (evening attendance),Basic education 3rd cycle (9th/10th/11th year) or equiv.,Yes,Yes,Yes,Yes,Yes,12.4,0.5,1.79,Graduate
Female,22,Single,Social Service,Secondary education,Yes,Yes,Yes,Yes,Yes,9.4,-0.8,-3.12,Enrolled
Female,33,Married,Management (evening attendance),Secondary education,Yes,Yes,Yes,Yes,Yes,12.4,0.5,1.79,Dropout
Female,43,Married,Social Service (evening attendance),Secondary education,Yes,Yes,Yes,Yes,Yes,8.9,1.4,3.51,Graduate
Female,54,Single,Agronomy,Higher education - degree,Yes,Yes,Yes,Yes,Yes,15.5,2.8,-4.06,Graduate
Female,39,Single,Social Service (evening attendance),Higher education - bachelor's degree,Yes,Yes,Yes,Yes,Yes,12.7,3.7,-1.7,Graduate
Female,39,Married,Management (evening attendance),Secondary education,Yes,Yes,Yes,Yes,Yes,7.6,2.6,0.32,Graduate
Female,18,Single,Basic Education,Secondary education,Yes,Yes,Yes,Yes,Yes,15.5,2.8,-4.06,Graduate
Female,19,Single,Social Service,Secondary education,Yes,Yes,Yes,Yes,Yes,16.2,0.3,-0.92,Graduate
Female,18,Single,Advertising and Marketing Management,Secondary education,Yes,Yes,Yes,Yes,Yes,8.9,1.4,3.51,Graduate
Female,44,Married,Social Service (evening attendance),Other - 11th year of schooling,Yes,Yes,Yes,Yes,Yes,7.6,2.6,0.32,Graduate
Female,27,Single,Management (evening attendance),Secondary education,Yes,Yes,Yes,Yes,Yes,12.4,0.5,1.79,Dropout
Female,18,Single,Advertising and Marketing Management,Secondary education,Yes,Yes,Yes,Yes,Yes,8.9,1.4,3.51,Graduate
Female,45,Married,Social Service (evening attendance),Secondary education,Yes,Yes,Yes,Yes,Yes,9.4,-0.8,-3.12,Dropout
Female,20,Single,Basic Education,Secondary education,Yes,Yes,Yes,Yes,Yes,7.6,2.6,0.32,Graduate
Female,40,Married,Social Service (evening attendance),Secondary education,Yes,Yes,Yes,Yes,Yes,10.8,1.4,1.74,Graduate
Female,40,Single,Management (evening attendance),Secondary education,Yes,Yes,Yes,Yes,Yes,13.9,-0.3,0.79,Enrolled
Female,18,Single,Nursing,Secondary education,Yes,Yes,Yes,Yes,Yes,13.9,-0.3,0.79,Graduate
Female,21,Single,Nursing,Secondary education,Yes,Yes,Yes,Yes,Yes,12.7,3.7,-1.7,Graduate
Female,20,Single,Animation and Multimedia Design,Secondary education,Yes,Yes,Yes,Yes,Yes,9.4,-0.8,-3.12,Graduate
Female,36,Married,Management (evening attendance),Higher education - bachelor's degree,Yes,Yes,Yes,Yes,Yes,9.4,-0.8,-3.12,Enrolled
Female,27,Married,Social Service (evening attendance),Higher education - degree,Yes,Yes,Yes,Yes,Yes,9.4,-0.8,-3.12,Dropout
Female,32,Married,Oral Hygiene,Secondary education,Yes,Yes,Yes,Yes,Yes,12.7,3.7,-1.7,Graduate
Female,18,Single,Social Service,Secondary education,Yes,Yes,Yes,Yes,Yes,8.9,1.4,3.51,Graduate
Female,37,Single,Social Service (evening attendance),Secondary education,Yes,Yes,Yes,Yes,Yes,16.2,0.3,-0.92,Dropout
Female,19,Single,Journalism and Communication,Secondary education,Yes,Yes,Yes,Yes,Yes,10.8,1.4,1.74,Graduate
Female,41,Divorced,Social Service (evening attendance),Secondary education,Yes,Yes,Yes,Yes,Yes,10.8,1.4,1.74,Graduate
Female,18,Married,Nursing,Secondary education,Yes,Yes,Yes,Yes,Yes,7.6,2.6,0.32,Graduate
Female,21,Single,Veterinary Nursing,Secondary education,Yes,Yes,Yes,Yes,Yes,7.6,2.6,0.32,Graduate
Female,23,Single,Agronomy,Secondary education,No,No,No,No,No,12.4,0.5,1.79,Dropout
Female,18,Single,Journalism and Communication,Secondary education,Yes,Yes,Yes,Yes,Yes,13.9,-0.3,0.79,Dropout
Female,18,Single,Nursing,Secondary education,Yes,Yes,Yes,Yes,Yes,9.4,-0.8,-3.12,Graduate
Female,21,Single,Veterinary Nursing,Secondary education,Yes,Yes,Yes,Yes,Yes,7.6,2.6,0.32,Dropout
Female,19,Single,Social Service,Secondary education,Yes,Yes,Yes,Yes,Yes,7.6,2.6,0.32,Graduate
Female,47,Legally Separated,Management,Secondary education,Yes,Yes,Yes,Yes,Yes,9.4,-0.8,-3.12,Dropout
Female,48,Legally Separated,Social Service (evening attendance),Secondary education,Yes,Yes,Yes,Yes,Yes,10.8,1.4,1.74,Enrolled
Female,39,Married,Social Service (evening attendance),Higher education - degree,Yes,Yes,Yes,Yes,Yes,16.2,0.3,-0.92,Graduate
Female,19,Single,Nursing,Secondary education,Yes,Yes,Yes,Yes,Yes,11.1,0.6,2.02,Graduate
Female,38,Single,Management (evening attendance),Higher education - bachelor's degree,Yes,Yes,Yes,Yes,Yes,9.4,-0.8,-3.12,Dropout
Female,27,De Facto Union,Agronomy,Basic education 3rd cycle (9th/10th/11th year) or equiv.,No,No,No,No,No,8.9,1.4,3.51,Dropout
Female,18,Single,Animation and Multimedia Design,Secondary education,Yes,Yes,Yes,Yes,Yes,12.4,0.5,1.79,Graduate
Female,34,Single,Social Service (evening attendance),Secondary education,Yes,Yes,Yes,Yes,Yes,12.7,3.7,-1.7,Enrolled
Female,48,Married,Social Service,Basic education 3rd cycle (9th/10th/11th year) or equiv.,Yes,Yes,Yes,Yes,Yes,15.5,2.8,-4.06,Dropout
Female,25,Single,Advertising and Marketing Management,Secondary education,Yes,Yes,Yes,Yes,Yes,7.6,2.6,0.32,Dropout
Female,32,Married,Nursing,Secondary education,Yes,Yes,Yes,Yes,Yes,12.7,3.7,-1.7,Graduate
Female,18,Single,Journalism and Communication,Secondary education,Yes,Yes,Yes,Yes,Yes,16.2,0.3,-0.92,Graduate
Female,20,Single,Social Service (evening attendance),Technological specialization course,Yes,Yes,Yes,Yes,Yes,12.4,0.5,1.79,Graduate
Female,20,Single,Management,Secondary education,Yes,Yes,Yes,Yes,Yes,7.6,2.6,0.32,Graduate
Female,20,Single,Animation and Multimedia Design,Secondary education,Yes,Yes,Yes,Yes,Yes,9.4,-0.8,-3.12,Dropout
Female,19,Single,Nursing,Secondary education,Yes,Yes,Yes,Yes,Yes,9.4,-0.8,-3.12,Enrolled
Female,39,Single,Management (evening attendance),12th year of schooling - not completed,Yes,Yes,Yes,Yes,Yes,7.6,2.6,0.32,Dropout
Female,29,Single,Equinculture,Secondary education,Yes,Yes,Yes,Yes,Yes,10.8,1.4,1.74,Dropout
Female,36,Single,Management (evening attendance),Secondary education,Yes,Yes,Yes,Yes,Yes,12.7,3.7,-1.7,Dropout
Female,18,Single,Nursing,Secondary education,Yes,Yes,Yes,Yes,Yes,12.7,3.7,-1.7,Graduate
Female,51,Married,Social Service (evening attendance),Other - 11th year of schooling,Yes,Yes,Yes,Yes,Yes,7.6,2.6,0.32,Dropout
Female,23,Single,Journalism and Communication,Secondary education,Yes,Yes,Yes,Yes,Yes,7.6,2.6,0.32,Dropout
Female,21,Single,Veterinary Nursing,Secondary education,Yes,Yes,Yes,Yes,Yes,10.8,1.4,1.74,Dropout
Female,28,Single,Basic Education,Secondary education,No,No,No,No,No,9.4,-0.8,-3.12,Dropout
Female,34,Married,Management (evening attendance),Secondary education,Yes,Yes,Yes,Yes,Yes,7.6,2.6,0.32,Enrolled
Female,41,Single,Social Service (evening attendance),Secondary education,Yes,Yes,Yes,Yes,Yes,12.7,3.7,-1.7,Dropout
Female,43,Divorced,Social Service (evening attendance),Higher education - degree,Yes,Yes,Yes,Yes,Yes,9.4,-0.8,-3.12,Graduate
Female,28,Married,Oral Hygiene,Secondary education,Yes,Yes,Yes,Yes,Yes,12.4,0.5,1.79,Enrolled
Female,19,Single,Animation and Multimedia Design,Secondary education,Yes,Yes,Yes,Yes,Yes,8.9,1.4,3.51,Graduate
Female,26,Single,Agronomy,Secondary education,Yes,Yes,Yes,Yes,Yes,15.5,2.8,-4.06,Graduate
Female,18,Single,Nursing,Secondary education,Yes,Yes,Yes,Yes,Yes,12.4,0.5,1.79,Graduate
Female,45,Married,Basic Education,Secondary education,Yes,Yes,Yes,Yes,Yes,11.1,0.6,2.02,Dropout
Female,19,Single,Basic Education,Technological specialization course,Yes,Yes,Yes,Yes,Yes,12.4,0.5,1.79,Dropout
Female,20,Single,Advertising and Marketing Management,Secondary education,Yes,Yes,Yes,Yes,Yes,11.1,0.6,2.02,Graduate
Female,18,Single,Basic Education,Secondary education,Yes,Yes,Yes,Yes,Yes,7.6,2.6,0.32,Graduate
Female,27,Single,Veterinary Nursing,Secondary education,Yes,Yes,Yes,Yes,Yes,12.4,0.5,1.79,Dropout
Female,20,Married,Agronomy,Secondary education,Yes,Yes,Yes,Yes,Yes,13.9,-0.3,0.79,Graduate
Female,18,Single,Veterinary Nursing,Secondary education,Yes,Yes,Yes,Yes,Yes,8.9,1.4,3.51,Graduate
Female,35,Married,Advertising and Marketing Management,Secondary education,Yes,Yes,Yes,Yes,Yes,9.4,-0.8,-3.12,Enrolled
Female,26,Single,Animation and Multimedia Design,Secondary education,Yes,Yes,Yes,Yes,Yes,16.2,0.3,-0.92,Dropout
Female,39,Divorced,Social Service,Secondary education,Yes,Yes,Yes,Yes,Yes,12.7,3.7,-1.7,Graduate
Female,18,Single,Animation and Multimedia Design,Secondary education,Yes,Yes,Yes,Yes,Yes,7.6,2.6,0.32,Graduate
Female,36,Single,Nursing,Higher education - degree,Yes,Yes,Yes,Yes,Yes,16.2,0.3,-0.92,Dropout
Female,38,Married,Social Service (evening attendance),Higher education - degree,Yes,Yes,Yes,Yes,Yes,13.9,-0.3,0.79,Graduate
Female,45,Married,Basic Education,Basic education 3rd cycle (9th/10th/11th year) or equiv.,Yes,Yes,Yes,Yes,Yes,7.6,2.6,0.32,Dropout
Female,62,De Facto Union,Tourism,Secondary education,Yes,Yes,Yes,Yes,Yes,10.8,1.4,1.74,Graduate
Female,20,Single,Advertising and Marketing Management,Secondary education,Yes,Yes,Yes,Yes,Yes,10.8,1.4,1.74,Graduate
Female,18,Single,Nursing,Secondary education,Yes,Yes,Yes,Yes,Yes,10.8,1.4,1.74,Graduate
Female,18,Single,Communication Design,Secondary education,Yes,Yes,Yes,Yes,Yes,9.4,-0.8,-3.12,Dropout
Female,23,Married,Management (evening attendance),Higher education - degree,Yes,Yes,Yes,Yes,Yes,9.4,-0.8,-3.12,Graduate
Female,19,Single,Communication Design,Secondary education,Yes,Yes,Yes,Yes,Yes,13.9,-0.3,0.79,Dropout
Female,19,Single,Management,Secondary education,Yes,Yes,Yes,Yes,Yes,8.9,1.4,3.51,Graduate
Female,18,Single,Nursing,Secondary education,Yes,Yes,Yes,Yes,Yes,13.9,-0.3,0.79,Graduate
Female,18,Single,Nursing,Secondary education,Yes,Yes,Yes,Yes,Yes,9.4,-0.8,-3.12,Enrolled
Female,41,Single,Social Service (evening attendance),Secondary education,Yes,Yes,Yes,Yes,Yes,7.6,2.6,0.32,Graduate
Female,51,Single,Advertising and Marketing Management,Secondary education,Yes,Yes,Yes,Yes,Yes,12.4,0.5,1.79,Graduate
Female,24,Single,Social Service,Secondary education,Yes,Yes,Yes,Yes,Yes,16.2,0.3,-0.92,Graduate
Female,25,Single,Management (evening attendance),Higher education - degree,Yes,Yes,Yes,Yes,Yes,16.2,0.3,-0.92,Dropout
Female,18,Single,Veterinary Nursing,Secondary education,Yes,Yes,Yes,Yes,Yes,7.6,2.6,0.32,Enrolled
Female,20,Single,Management,Secondary education,Yes,Yes,Yes,Yes,Yes,7.6,2.6,0.32,Graduate
Female,19,Single,Animation and Multimedia Design,Secondary education,Yes,Yes,Yes,Yes,Yes,13.9,-0.3,0.79,Dropout
Female,41,De Facto Union,Management (evening attendance),Higher education - degree,Yes,Yes,Yes,Yes,Yes,16.2,0.3,-0.92,Graduate
Female,19,Single,Tourism,Secondary education,Yes,Yes,Yes,Yes,Yes,8.9,1.4,3.51,Graduate
Female,28,Single,Basic Education,Other - 11th year of schooling,Yes,Yes,Yes,Yes,Yes,16.2,0.3,-0.92,Dropout
Female,21,Single,Communication Design,Secondary education,Yes,Yes,Yes,Yes,Yes,12.4,0.5,1.79,Graduate
Female,22,Single,Veterinary Nursing,Secondary education,No,No,No,No,No,9.4,-0.8,-3.12,Dropout
Female,18,Single,Journalism and Communication,Secondary education,No,No,No,No,No,10.8,1.4,1.74,Graduate
Female,19,Single,Communication Design,Secondary education,Yes,Yes,Yes,Yes,Yes,10.8,1.4,1.74,Graduate
Female,19,Single,Nursing,Secondary education,Yes,Yes,Yes,Yes,Yes,11.1,0.6,2.02,Graduate
Female,25,Single,Basic Education,Higher education - degree,No,No,No,No,No,10.8,1.4,1.74,Graduate
Female,18,Single,Nursing,Frequency of higher education,Yes,Yes,Yes,Yes,Yes,7.6,2.6,0.32,Graduate
Female,19,Single,Communication Design,Secondary education,Yes,Yes,Yes,Yes,Yes,12.7,3.7,-1.7,Graduate
Female,20,Single,Basic Education,Secondary education,Yes,Yes,Yes,Yes,Yes,10.8,1.4,1.74,Enrolled
Female,46,Married,Social Service (evening attendance),Basic education 3rd cycle (9th/10th/11th year) or equiv.,Yes,Yes,Yes,Yes,Yes,7.6,2.6,0.32,Graduate
Female,19,Single,Animation and Multimedia Design,Secondary education,No,No,No,No,No,8.9,1.4,3.51,Graduate
Female,18,Single,Tourism,Secondary education,Yes,Yes,Yes,Yes,Yes,7.6,2.6,0.32,Enrolled
Female,18,Single,Equinculture,Secondary education,Yes,Yes,Yes,Yes,Yes,13.9,-0.3,0.79,Graduate
Female,19,Single,Nursing,Secondary education,Yes,Yes,Yes,Yes,Yes,10.8,1.4,1.74,Graduate
Female,20,Single,Journalism and Communication,Secondary education,Yes,Yes,Yes,Yes,Yes,16.2,0.3,-0.92,Dropout
Female,38,Married,Social Service (evening attendance),Secondary education,Yes,Yes,Yes,Yes,Yes,9.4,-0.8,-3.12,Graduate
Female,18,Single,Journalism and Communication,Secondary education,Yes,Yes,Yes,Yes,Yes,13.9,-0.3,0.79,Graduate
Female,18,Single,Nursing,Secondary education,Yes,Yes,Yes,Yes,Yes,13.9,-0.3,0.79,Graduate
Female,18,Single,Social Service,Secondary education,Yes,Yes,Yes,Yes,Yes,13.9,-0.3,0.79,Graduate
Female,20,Single,Management,Secondary education,Yes,Yes,Yes,Yes,Yes,15.5,2.8,-4.06,Enrolled
Female,19,Single,Equinculture,Secondary education,Yes,Yes,Yes,Yes,Yes,12.4,0.5,1.79,Graduate
Female,37,Divorced,Social Service (evening attendance),Secondary education,No,No,No,No,No,10.8,1.4,1.74,Dropout
Female,24,Single,Nursing,Secondary education,Yes,Yes,Yes,Yes,Yes,12.7,3.7,-1.7,Enrolled
Female,19,Single,Nursing,Secondary education,Yes,Yes,Yes,Yes,Yes,15.5,2.8,-4.06,Graduate
Female,19,Single,Journalism and Communication,Secondary education,Yes,Yes,Yes,Yes,Yes,13.9,-0.3,0.79,Dropout
Female,19,Single,Oral Hygiene,Secondary education,Yes,Yes,Yes,Yes,Yes,16.2,0.3,-0.92,Dropout
Female,18,Single,Management,Secondary education,Yes,Yes,Yes,Yes,Yes,11.1,0.6,2.02,Graduate
Female,18,Single,Nursing,Secondary education,Yes,Yes,Yes,Yes,Yes,12.4,0.5,1.79,Graduate
Female,18,Single,Management,Secondary education,Yes,Yes,Yes,Yes,Yes,8.9,1.4,3.51,Graduate
Female,19,Single,Management,Secondary education,Yes,Yes,Yes,Yes,Yes,11.1,0.6,2.02,Enrolled
Female,18,Single,Equinculture,Secondary education,Yes,Yes,Yes,Yes,Yes,8.9,1.4,3.51,Dropout
Female,20,Single,Nursing,Secondary education,Yes,Yes,Yes,Yes,Yes,12.4,0.5,1.79,Graduate
Female,20,Single,Veterinary Nursing,Secondary education,Yes,Yes,Yes,Yes,Yes,15.5,2.8,-4.06,Graduate
Female,18,Single,Veterinary Nursing,Secondary education,Yes,Yes,Yes,Yes,Yes,12.4,0.5,1.79,Dropout
Female,20,Single,Nursing,Secondary education,Yes,Yes,Yes,Yes,Yes,12.4,0.5,1.79,Graduate
Female,18,Single,Advertising and Marketing Management,Secondary education,Yes,Yes,Yes,Yes,Yes,8.9,1.4,3.51,Graduate
Female,19,Single,Nursing,Secondary education,Yes,Yes,Yes,Yes,Yes,12.7,3.7,-1.7,Dropout
Female,18,Single,Nursing,Secondary education,Yes,Yes,Yes,Yes,Yes,15.5,2.8,-4.06,Graduate
Female,20,Single,Veterinary Nursing,Professional higher technical course,Yes,Yes,Yes,Yes,Yes,8.9,1.4,3.51,Graduate
Female,18,Single,Nursing,Secondary education,Yes,Yes,Yes,Yes,Yes,11.1,0.6,2.02,Graduate
Female,19,Single,Veterinary Nursing,Secondary education,Yes,Yes,Yes,Yes,Yes,9.4,-0.8,-3.12,Graduate
Female,19,Single,Social Service,Secondary education,Yes,Yes,Yes,Yes,Yes,15.5,2.8,-4.06,Graduate
Female,19,Single,Equinculture,Secondary education,Yes,Yes,Yes,Yes,Yes,7.6,2.6,0.32,Graduate
Female,18,Single,Nursing,Secondary education,Yes,Yes,Yes,Yes,Yes,11.1,0.6,2.02,Graduate
Female,19,Single,Basic Education,Secondary education,Yes,Yes,Yes,Yes,Yes,12.7,3.7,-1.7,Dropout
Female,24,Single,Animation and Multimedia Design,Secondary education,Yes,Yes,Yes,Yes,Yes,11.1,0.6,2.02,Graduate
Female,18,Single,Animation and Multimedia Design,Secondary education,Yes,Yes,Yes,Yes,Yes,12.4,0.5,1.79,Graduate
Female,18,Single,Nursing,Secondary education,Yes,Yes,Yes,Yes,Yes,12.7,3.7,-1.7,Graduate
Female,18,Single,Journalism and Communication,Secondary education,Yes,Yes,Yes,Yes,Yes,10.8,1.4,1.74,Enrolled
Female,19,Single,Journalism and Communication,Secondary education,Yes,Yes,Yes,Yes,Yes,11.1,0.6,2.02,Dropout
Female,35,Single,Social Service (evening attendance),Secondary education,Yes,Yes,Yes,Yes,Yes,8.9,1.4,3.51,Graduate
Female,19,Single,Management,Secondary education,Yes,Yes,Yes,Yes,Yes,7.6,2.6,0.32,Graduate
Female,28,Single,Basic Education,Higher education - degree,Yes,Yes,Yes,Yes,Yes,7.6,2.6,0.32,Dropout
Female,21,Single,Nursing,Secondary education,Yes,Yes,Yes,Yes,Yes,13.9,-0.3,0.79,Graduate
Female,19,Single,Nursing,Secondary education,Yes,Yes,Yes,Yes,Yes,11.1,0.6,2.02,Graduate
Female,19,Single,Social Service,Secondary education,Yes,Yes,Yes,Yes,Yes,8.9,1.4,3.51,Graduate
Female,18,Single,Veterinary Nursing,Secondary education,Yes,Yes,Yes,Yes,Yes,9.4,-0.8,-3.12,Graduate
Female,18,Single,Tourism,Secondary education,Yes,Yes,Yes,Yes,Yes,7.6,2.6,0.32,Graduate
Female,19,Single,Nursing,Secondary education,No,No,No,No,No,12.7,3.7,-1.7,Dropout
Female,20,Single,Advertising and Marketing Management,Secondary education,Yes,Yes,Yes,Yes,Yes,8.9,1.4,3.51,Graduate
Female,18,Single,Journalism and Communication,Secondary education,Yes,Yes,Yes,Yes,Yes,8.9,1.4,3.51,Graduate
Female,19,Single,Basic Education,Secondary education,No,No,No,No,No,16.2,0.3,-0.92,Dropout
Female,20,Single,Journalism and Communication,Secondary education,Yes,Yes,Yes,Yes,Yes,12.4,0.5,1.79,Dropout
Female,18,Single,Nursing,Secondary education,Yes,Yes,Yes,Yes,Yes,11.1,0.6,2.02,Enrolled
Female,18,Single,Advertising and Marketing Management,Secondary education,No,No,No,No,No,8.9,1.4,3.51,Graduate
Female,21,Single,Communication Design,Secondary education,Yes,Yes,Yes,Yes,Yes,13.9,-0.3,0.79,Graduate
Female,19,Single,Tourism,Secondary education,Yes,Yes,Yes,Yes,Yes,12.4,0.5,1.79,Graduate
Female,19,Single,Basic Education,Secondary education,Yes,Yes,Yes,Yes,Yes,9.4,-0.8,-3.12,Graduate
Female,19,Single,Veterinary Nursing,Secondary education,Yes,Yes,Yes,Yes,Yes,7.6,2.6,0.32,Enrolled
Female,18,Single,Journalism and Communication,Secondary education,Yes,Yes,Yes,Yes,Yes,10.8,1.4,1.74,Dropout
Female,18,Single,Management,Secondary education,Yes,Yes,Yes,Yes,Yes,12.7,3.7,-1.7,Graduate
Female,18,Single,Veterinary Nursing,Secondary education,Yes,Yes,Yes,Yes,Yes,10.8,1.4,1.74,Graduate
Female,31,Married,Oral Hygiene,Secondary education,Yes,Yes,Yes,Yes,Yes,12.7,3.7,-1.7,Dropout
Female,19,Single,Management,Secondary education,Yes,Yes,Yes,Yes,Yes,10.8,1.4,1.74,Enrolled
Female,20,Single,Veterinary Nursing,Secondary education,Yes,Yes,Yes,Yes,Yes,13.9,-0.3,0.79,Graduate
Female,19,Single,Veterinary Nursing,Secondary education,Yes,Yes,Yes,Yes,Yes,7.6,2.6,0.32,Dropout
Female,19,Single,Social Service,Secondary education,Yes,Yes,Yes,Yes,Yes,16.2,0.3,-0.92,Graduate
Female,27,De Facto Union,Equinculture,Higher education - degree,No,No,No,No,No,10.8,1.4,1.74,Dropout
Female,18,Single,Journalism and Communication,Secondary education,Yes,Yes,Yes,Yes,Yes,8.9,1.4,3.51,Graduate
Female,32,Single,Social Service (evening attendance),Secondary education,Yes,Yes,Yes,Yes,Yes,7.6,2.6,0.32,Dropout
Female,18,Single,Nursing,Secondary education,Yes,Yes,Yes,Yes,Yes,12.7,3.7,-1.7,Graduate
Female,19,Single,Nursing,Secondary education,Yes,Yes,Yes,Yes,Yes,10.8,1.4,1.74,Graduate
Female,19,Single,Journalism and Communication,Secondary education,Yes,Yes,Yes,Yes,Yes,15.5,2.8,-4.06,Enrolled
Female,18,Single,Tourism,Secondary education,Yes,Yes,Yes,Yes,Yes,10.8,1.4,1.74,Dropout
Female,18,Single,Advertising and Marketing Management,Secondary education,Yes,Yes,Yes,Yes,Yes,12.7,3.7,-1.7,Dropout
Female,24,Single,Journalism and Communication,Basic education 3rd cycle (9th/10th/11th year) or equiv.,No,No,No,No,No,11.1,0.6,2.02,Graduate
Female,19,Single,Social Service,Secondary education,Yes,Yes,Yes,Yes,Yes,9.4,-0.8,-3.12,Graduate
Female,21,Single,Tourism,Secondary education,Yes,Yes,Yes,Yes,Yes,11.1,0.6,2.02,Dropout
Female,19,Single,Communication Design,Technological specialization course,Yes,Yes,Yes,Yes,Yes,16.2,0.3,-0.92,Graduate
Female,19,Single,Nursing,Secondary education,Yes,Yes,Yes,Yes,Yes,12.4,0.5,1.79,Enrolled
Female,36,Single,Oral Hygiene,Secondary education,Yes,Yes,Yes,Yes,Yes,8.9,1.4,3.51,Graduate
Male,51,Single,Veterinary Nursing,Other - 11th year of schooling,Yes,Yes,Yes,Yes,Yes,12.4,0.5,1.79,Dropout
Male,20,Single,Advertising and Marketing Management,Secondary education,Yes,Yes,Yes,Yes,Yes,10.8,1.4,1.74,Enrolled
Male,29,Single,Social Service (evening attendance),Basic education 2nd cycle (6th/7th/8th year) or equiv.,No,No,No,No,No,8.9,1.4,3.51,Dropout
Male,27,Single,Social Service,Technological specialization course,No,No,No,No,No,13.9,-0.3,0.79,Dropout
Male,33,Single,Informatics Engineering,Secondary education,Yes,Yes,Yes,Yes,Yes,7.6,2.6,0.32,Enrolled
Male,57,Married,Management,Higher education - bachelor's degree,No,No,No,No,No,9.4,-0.8,-3.12,Dropout
Male,20,Single,Advertising and Marketing Management,Secondary education,Yes,Yes,Yes,Yes,Yes,13.9,-0.3,0.79,Enrolled
Male,26,Single,Advertising and Marketing Management,Secondary education,Yes,Yes,Yes,Yes,Yes,9.4,-0.8,-3.12,Dropout
Male,27,Single,Informatics Engineering,Secondary education,No,No,No,No,No,13.9,-0.3,0.79,Enrolled
Male,19,Single,Advertising and Marketing Management,Secondary education,Yes,Yes,Yes,Yes,Yes,9.4,-0.8,-3.12,Graduate
Male,23,Single,Veterinary Nursing,Technological specialization course,Yes,Yes,Yes,Yes,Yes,12.4,0.5,1.79,Dropout
Male,27,Single,Management (evening attendance),Secondary education,Yes,Yes,Yes,Yes,Yes,10.8,1.4,1.74,Graduate
Male,20,Single,Nursing,Secondary education,Yes,Yes,Yes,Yes,Yes,12.4,0.5,1.79,Graduate
Female,19,Single,Communication Design,Secondary education,Yes,Yes,Yes,Yes,Yes,10.8,1.4,1.74,Graduate
Female,19,Single,Equinculture,Secondary education,No,No,No,No,No,11.1,0.6,2.02,Dropout
Female,20,Single,Communication Design,Secondary education,Yes,Yes,Yes,Yes,Yes,16.2,0.3,-0.92,Graduate
Female,33,Married,Management,Higher education - degree,Yes,Yes,Yes,Yes,Yes,11.1,0.6,2.02,Enrolled
Female,22,Single,Management (evening attendance),Secondary education,Yes,Yes,Yes,Yes,Yes,7.6,2.6,0.32,Graduate
Female,18,Single,Management,Secondary education,Yes,Yes,Yes,Yes,Yes,7.6,2.6,0.32,Graduate
Female,27,De Facto Union,Nursing,Higher education - degree,Yes,Yes,Yes,Yes,Yes,12.7,3.7,-1.7,Graduate
Female,27,Single,Management (evening attendance),Secondary education,Yes,Yes,Yes,Yes,Yes,15.5,2.8,-4.06,Dropout
Female,19,Single,Social Service,Secondary education,Yes,Yes,Yes,Yes,Yes,11.1,0.6,2.02,Graduate
Female,20,Single,Basic Education,Secondary education,Yes,Yes,Yes,Yes,Yes,9.4,-0.8,-3.12,Enrolled
Female,23,Single,Social Service (evening attendance),Secondary education,Yes,Yes,Yes,Yes,Yes,12.7,3.7,-1.7,Graduate
Female,22,Single,Nursing,Secondary education,Yes,Yes,Yes,Yes,Yes,7.6,2.6,0.32,Graduate
Female,18,Single,Tourism,Secondary education,Yes,Yes,Yes,Yes,Yes,12.7,3.7,-1.7,Dropout
Female,18,Single,Social Service,Secondary education,Yes,Yes,Yes,Yes,Yes,12.4,0.5,1.79,Graduate
Female,31,Single,Social Service (evening attendance),Secondary education,Yes,Yes,Yes,Yes,Yes,10.8,1.4,1.74,Graduate
Female,19,Single,Journalism and Communication,Secondary education,Yes,Yes,Yes,Yes,Yes,15.5,2.8,-4.06,Dropout
Female,19,Single,Social Service,Secondary education,Yes,Yes,Yes,Yes,Yes,7.6,2.6,0.32,Enrolled
Female,24,Single,Social Service (evening attendance),Secondary education,Yes,Yes,Yes,Yes,Yes,10.8,1.4,1.74,Dropout
Female,19,Single,Nursing,Secondary education,Yes,Yes,Yes,Yes,Yes,15.5,2.8,-4.06,Graduate
Female,19,Single,Management,Secondary education,Yes,Yes,Yes,Yes,Yes,7.6,2.6,0.32,Graduate
Female,26,Single,Advertising and Marketing Management,Secondary education,No,No,No,No,No,16.2,0.3,-0.92,Dropout
Male,27,Single,Animation and Multimedia Design,Secondary education,No,No,No,No,No,7.6,2.6,0.32,Dropout
Female,19,Single,Social Service,Secondary education,Yes,Yes,Yes,Yes,Yes,11.1,0.6,2.02,Graduate
Female,29,Married,Veterinary Nursing,Secondary education,Yes,Yes,Yes,Yes,Yes,9.4,-0.8,-3.12,Dropout
Female,18,Single,Nursing,Secondary education,Yes,Yes,Yes,Yes,Yes,9.4,-0.8,-3.12,Graduate
Female,19,Single,Nursing,Secondary education,Yes,Yes,Yes,Yes,Yes,11.1,0.6,2.02,Graduate
Female,18,Single,Journalism and Communication,Secondary education,Yes,Yes,Yes,Yes,Yes,15.5,2.8,-4.06,Enrolled
Female,18,Single,Management,Secondary education,Yes,Yes,Yes,Yes,Yes,15.5,2.8,-4.06,Graduate
Female,19,Single,Animation and Multimedia Design,Secondary education,Yes,Yes,Yes,Yes,Yes,12.7,3.7,-1.7,Dropout
Female,19,Single,Nursing,Secondary education,Yes,Yes,Yes,Yes,Yes,12.4,0.5,1.79,Graduate
Female,19,Single,Tourism,Secondary education,Yes,Yes,Yes,Yes,Yes,13.9,-0.3,0.79,Dropout
Female,19,Single,Advertising and Marketing Management,Secondary education,Yes,Yes,Yes,Yes,Yes,10.8,1.4,1.74,Enrolled
Female,19,Single,Journalism and Communication,Secondary education,Yes,Yes,Yes,Yes,Yes,12.7,3.7,-1.7,Graduate
Female,19,Single,Social Service,Secondary education,Yes,Yes,Yes,Yes,Yes,8.9,1.4,3.51,Graduate
Female,18,Single,Nursing,Secondary education,No,No,No,No,No,9.4,-0.8,-3.12,Dropout
Female,20,Single,Journalism and Communication,Secondary education,Yes,Yes,Yes,Yes,Yes,13.9,-0.3,0.79,Graduate
Female,20,Single,Tourism,Secondary education,Yes,Yes,Yes,Yes,Yes,9.4,-0.8,-3.12,Graduate
Female,21,Single,Veterinary Nursing,Secondary education,Yes,Yes,Yes,Yes,Yes,12.7,3.7,-1.7,Enrolled
Female,31,Married,Management (evening attendance),Higher education - bachelor's degree,Yes,Yes,Yes,Yes,Yes,9.4,-0.8,-3.12,Dropout
Female,20,Single,Oral Hygiene,Secondary education,Yes,Yes,Yes,Yes,Yes,12.7,3.7,-1.7,Graduate
Female,19,Single,Advertising and Marketing Management,Secondary education,Yes,Yes,Yes,Yes,Yes,7.6,2.6,0.32,Enrolled
Female,18,Single,Nursing,Secondary education,Yes,Yes,Yes,Yes,Yes,7.6,2.6,0.32,Graduate
Female,19,Single,Nursing,Secondary education,Yes,Yes,Yes,Yes,Yes,16.2,0.3,-0.92,Graduate
Female,30,Single,Social Service,Secondary education,Yes,Yes,Yes,Yes,Yes,9.4,-0.8,-3.12,Graduate
Female,21,Single,Social Service,Secondary education,Yes,Yes,Yes,Yes,Yes,12.7,3.7,-1.7,Enrolled
Female,19,Single,Management,Secondary education,Yes,Yes,Yes,Yes,Yes,12.4,0.5,1.79,Graduate
Female,22,Single,Management,Secondary education,Yes,Yes,Yes,Yes,Yes,7.6,2.6,0.32,Graduate
Female,18,Single,Journalism and Communication,Secondary education,Yes,Yes,Yes,Yes,Yes,11.1,0.6,2.02,Graduate
Female,18,Single,Social Service,Secondary education,Yes,Yes,Yes,Yes,Yes,12.7,3.7,-1.7,Graduate
Female,19,Single,Nursing,Secondary education,Yes,Yes,Yes,Yes,Yes,12.7,3.7,-1.7,Graduate
Female,18,Single,Equinculture,Secondary education,Yes,Yes,Yes,Yes,Yes,16.2,0.3,-0.92,Graduate
Female,21,Single,Nursing,Secondary education,Yes,Yes,Yes,Yes,Yes,13.9,-0.3,0.79,Enrolled
Female,18,Single,Nursing,Secondary education,Yes,Yes,Yes,Yes,Yes,13.9,-0.3,0.79,Enrolled
Female,20,Single,Animation and Multimedia Design,Secondary education,Yes,Yes,Yes,Yes,Yes,11.1,0.6,2.02,Graduate
Female,18,Single,Veterinary Nursing,Secondary education,Yes,Yes,Yes,Yes,Yes,12.7,3.7,-1.7,Graduate
Female,25,Single,Veterinary Nursing,Higher education - degree,Yes,Yes,Yes,Yes,Yes,13.9,-0.3,0.79,Graduate
Female,19,Single,Journalism and Communication,Secondary education,Yes,Yes,Yes,Yes,Yes,16.2,0.3,-0.92,Graduate
Female,19,Single,Basic Education,Secondary education,Yes,Yes,Yes,Yes,Yes,7.6,2.6,0.32,Enrolled
Female,26,Single,Veterinary Nursing,Secondary education,Yes,Yes,Yes,Yes,Yes,8.9,1.4,3.51,Graduate
Female,21,Single,Management,Secondary education,Yes,Yes,Yes,Yes,Yes,12.4,0.5,1.79,Graduate
Female,19,Single,Management,Secondary education,Yes,Yes,Yes,Yes,Yes,13.9,-0.3,0.79,Dropout
Female,19,Single,Nursing,Secondary education,Yes,Yes,Yes,Yes,Yes,12.7,3.7,-1.7,Graduate
Female,18,Single,Social Service,Secondary education,Yes,Yes,Yes,Yes,Yes,16.2,0.3,-0.92,Graduate
Female,32,Married,Management (evening attendance),Secondary education,Yes,Yes,Yes,Yes,Yes,10.8,1.4,1.74,Graduate
Female,18,Single,Social Service,Secondary education,Yes,Yes,Yes,Yes,Yes,15.5,2.8,-4.06,Graduate
Female,20,Single,Nursing,Secondary education,Yes,Yes,Yes,Yes,Yes,12.4,0.5,1.79,Enrolled
Female,20,Single,Management,Secondary education,Yes,Yes,Yes,Yes,Yes,15.5,2.8,-4.06,Enrolled
Female,39,Divorced,Advertising and Marketing Management,Secondary education,Yes,Yes,Yes,Yes,Yes,9.4,-0.8,-3.12,Graduate
Female,20,Single,Equinculture,Secondary education,Yes,Yes,Yes,Yes,Yes,12.7,3.7,-1.7,Enrolled
Female,18,Single,Animation and Multimedia Design,Secondary education,No,No,No,No,No,12.4,0.5,1.79,Dropout
Female,18,Single,Journalism and Communication,Secondary education,Yes,Yes,Yes,Yes,Yes,8.9,1.4,3.51,Graduate
Female,21,Single,Animation and Multimedia Design,Secondary education,Yes,Yes,Yes,Yes,Yes,8.9,1.4,3.51,Graduate
Female,18,Single,Nursing,Secondary education,Yes,Yes,Yes,Yes,Yes,16.2,0.3,-0.92,Enrolled
Female,18,Single,Management,Secondary education,Yes,Yes,Yes,Yes,Yes,7.6,2.6,0.32,Enrolled
Female,21,Single,Agronomy,Secondary education,Yes,Yes,Yes,Yes,Yes,15.5,2.8,-4.06,Graduate
Female,22,Single,Management,Secondary education,Yes,Yes,Yes,Yes,Yes,7.6,2.6,0.32,Dropout
Male,21,Single,Tourism,Secondary education,Yes,Yes,Yes,Yes,Yes,7.6,2.6,0.32,Enrolled
Male,20,Single,Communication Design,Secondary education,Yes,Yes,Yes,Yes,Yes,10.8,1.4,1.74,Enrolled
Male,21,Single,Animation and Multimedia Design,Secondary education,Yes,Yes,Yes,Yes,Yes,10.8,1.4,1.74,Graduate
Female,20,Single,Tourism,Secondary education,Yes,Yes,Yes,Yes,Yes,8.9,1.4,3.51,Graduate
Female,19,Single,Nursing,Secondary education,Yes,Yes,Yes,Yes,Yes,10.8,1.4,1.74,Graduate
Female,20,Single,Social Service,Secondary education,Yes,Yes,Yes,Yes,Yes,13.9,-0.3,0.79,Graduate
Female,19,Single,Veterinary Nursing,Secondary education,Yes,Yes,Yes,Yes,Yes,12.7,3.7,-1.7,Graduate
Female,18,Single,Veterinary Nursing,Secondary education,Yes,Yes,Yes,Yes,Yes,9.4,-0.8,-3.12,Graduate
Female,18,Single,Basic Education,Secondary education,Yes,Yes,Yes,Yes,Yes,15.5,2.8,-4.06,Dropout
Female,24,Single,Management (evening attendance),Secondary education,Yes,Yes,Yes,Yes,Yes,10.8,1.4,1.74,Dropout
Female,21,Single,Tourism,Secondary education,No,No,No,No,No,8.9,1.4,3.51,Dropout
Male,18,Single,Nursing,Secondary education,Yes,Yes,Yes,Yes,Yes,15.5,2.8,-4.06,Graduate
Male,20,Single,Management,Secondary education,Yes,Yes,Yes,Yes,Yes,11.1,0.6,2.02,Graduate
Female,20,Single,Basic Education,Secondary education,No,No,No,No,No,10.8,1.4,1.74,Dropout
Female,18,Single,Tourism,Secondary education,Yes,Yes,Yes,Yes,Yes,12.4,0.5,1.79,Dropout
Female,25,Single,Oral Hygiene,Secondary education,Yes,Yes,Yes,Yes,Yes,8.9,1.4,3.51,Graduate
Female,19,Single,Social Service,Secondary education,Yes,Yes,Yes,Yes,Yes,13.9,-0.3,0.79,Enrolled
Male,35,Married,Biofuel Production Technologies,Secondary education,Yes,Yes,Yes,Yes,Yes,11.1,0.6,2.02,Dropout
Female,19,Single,Nursing,Secondary education,Yes,Yes,Yes,Yes,Yes,13.9,-0.3,0.79,Graduate
Male,18,Single,Advertising and Marketing Management,Secondary education,Yes,Yes,Yes,Yes,Yes,13.9,-0.3,0.79,Dropout
Male,19,Single,Nursing,Secondary education,Yes,Yes,Yes,Yes,Yes,10.8,1.4,1.74,Graduate
Male,19,Single,Nursing,Secondary education,Yes,Yes,Yes,Yes,Yes,7.6,2.6,0.32,Enrolled
Male,18,Single,Communication Design,Secondary education,Yes,Yes,Yes,Yes,Yes,12.4,0.5,1.79,Graduate
Male,24,Single,Equinculture,Basic education 3rd cycle (9th/10th/11th year) or equiv.,Yes,Yes,Yes,Yes,Yes,16.2,0.3,-0.92,Dropout
Male,25,Single,Social Service (evening attendance),Secondary education,Yes,Yes,Yes,Yes,Yes,9.4,-0.8,-3.12,Graduate
Male,28,Single,Informatics Engineering,Secondary education,Yes,Yes,Yes,Yes,Yes,7.6,2.6,0.32,Enrolled
Male,19,Single,Veterinary Nursing,Secondary education,Yes,Yes,Yes,Yes,Yes,11.1,0.6,2.02,Graduate
Male,19,Single,Informatics Engineering,Secondary education,Yes,Yes,Yes,Yes,Yes,16.2,0.3,-0.92,Dropout
Male,30,Single,Equinculture,11th year of schooling - not completed,No,No,No,No,No,9.4,-0.8,-3.12,Dropout
Male,19,Single,Nursing,Secondary education,Yes,Yes,Yes,Yes,Yes,15.5,2.8,-4.06,Dropout
Male,21,Single,Management,Secondary education,Yes,Yes,Yes,Yes,Yes,11.1,0.6,2.02,Dropout
Male,19,Single,Animation and Multimedia Design,Secondary education,Yes,Yes,Yes,Yes,Yes,13.9,-0.3,0.79,Dropout
Male,29,Single,Agronomy,Secondary education,No,No,No,No,No,13.9,-0.3,0.79,Dropout
Male,18,Single,Advertising and Marketing Management,Secondary education,Yes,Yes,Yes,Yes,Yes,12.4,0.5,1.79,Dropout
Male,21,Single,Management,Secondary education,Yes,Yes,Yes,Yes,Yes,15.5,2.8,-4.06,Enrolled
Male,20,Single,Communication Design,Secondary education,Yes,Yes,Yes,Yes,Yes,13.9,-0.3,0.79,Dropout
Male,24,Single,Management (evening attendance),Secondary education,Yes,Yes,Yes,Yes,Yes,12.4,0.5,1.79,Enrolled
Male,18,Single,Journalism and Communication,Secondary education,No,No,No,No,No,8.9,1.4,3.51,Dropout
Male,23,Single,Agronomy,Secondary education,Yes,Yes,Yes,Yes,Yes,15.5,2.8,-4.06,Enrolled
Male,19,Single,Management,Secondary education,Yes,Yes,Yes,Yes,Yes,8.9,1.4,3.51,Graduate
Male,35,Single,Tourism,Higher education - degree,Yes,Yes,Yes,Yes,Yes,16.2,0.3,-0.92,Dropout
Male,20,Single,Nursing,Secondary education,Yes,Yes,Yes,Yes,Yes,10.8,1.4,1.74,Graduate
Male,33,Married,Social Service,Professional higher technical course,Yes,Yes,Yes,Yes,Yes,8.9,1.4,3.51,Dropout
Male,18,Single,Journalism and Communication,Secondary education,Yes,Yes,Yes,Yes,Yes,9.4,-0.8,-3.12,Graduate
Male,20,Single,Journalism and Communication,Secondary education,Yes,Yes,Yes,Yes,Yes,12.4,0.5,1.79,Enrolled
Male,19,Single,Journalism and Communication,Secondary education,Yes,Yes,Yes,Yes,Yes,13.9,-0.3,0.79,Dropout
Male,18,Single,Journalism and Communication,Secondary education,Yes,Yes,Yes,Yes,Yes,7.6,2.6,0.32,Dropout
Male,28,Single,Management (evening attendance),Secondary education,No,No,No,No,No,8.9,1.4,3.51,Dropout
Male,18,Single,Management,Secondary education,Yes,Yes,Yes,Yes,Yes,16.2,0.3,-0.92,Graduate
Male,25,Single,Journalism and Communication,Secondary education,Yes,Yes,Yes,Yes,Yes,15.5,2.8,-4.06,Dropout
Male,19,Single,Social Service,Secondary education,No,No,No,No,No,8.9,1.4,3.51,Dropout
Male,18,Single,Communication Design,Secondary education,Yes,Yes,Yes,Yes,Yes,9.4,-0.8,-3.12,Graduate
Male,29,Single,Agronomy,Higher education - degree,Yes,Yes,Yes,Yes,Yes,13.9,-0.3,0.79,Graduate
Male,18,Single,Animation and Multimedia Design,Secondary education,Yes,Yes,Yes,Yes,Yes,7.6,2.6,0.32,Enrolled
Male,20,Single,Tourism,Secondary education,Yes,Yes,Yes,Yes,Yes,8.9,1.4,3.51,Graduate
Male,20,Single,Agronomy,Technological specialization course,Yes,Yes,Yes,Yes,Yes,15.5,2.8,-4.06,Dropout
Male,18,Single,Communication Design,Secondary education,Yes,Yes,Yes,Yes,Yes,9.4,-0.8,-3.12,Graduate
Male,21,Single,Tourism,Secondary education,Yes,Yes,Yes,Yes,Yes,12.4,0.5,1.79,Graduate
Male,18,Single,Tourism,Secondary education,No,No,No,No,No,9.4,-0.8,-3.12,Dropout
Male,20,Single,Informatics Engineering,Secondary education,Yes,Yes,Yes,Yes,Yes,7.6,2.6,0.32,Graduate
Female,23,Single,Social Service (evening attendance),Secondary education,Yes,Yes,Yes,Yes,Yes,15.5,2.8,-4.06,Enrolled
Female,26,Single,Management (evening attendance),Secondary education,Yes,Yes,Yes,Yes,Yes,16.2,0.3,-0.92,Dropout
Female,19,Single,Advertising and Marketing Management,Secondary education,Yes,Yes,Yes,Yes,Yes,9.4,-0.8,-3.12,Dropout
Female,24,Single,Oral Hygiene,Secondary education,No,No,No,No,No,8.9,1.4,3.51,Dropout
Female,20,Single,Advertising and Marketing Management,Secondary education,Yes,Yes,Yes,Yes,Yes,11.1,0.6,2.02,Graduate
Female,26,Single,Management (evening attendance),Secondary education,No,No,No,No,No,10.8,1.4,1.74,Dropout
Female,31,Single,Management,Other - 11th year of schooling,Yes,Yes,Yes,Yes,Yes,10.8,1.4,1.74,Dropout
Female,27,Married,Nursing,Secondary education,Yes,Yes,Yes,Yes,Yes,9.4,-0.8,-3.12,Graduate
Female,24,Single,Veterinary Nursing,Secondary education,Yes,Yes,Yes,Yes,Yes,11.1,0.6,2.02,Graduate
Female,23,Single,Veterinary Nursing,Technological specialization course,Yes,Yes,Yes,Yes,Yes,8.9,1.4,3.51,Enrolled
Female,20,Single,Nursing,Secondary education,Yes,Yes,Yes,Yes,Yes,13.9,-0.3,0.79,Graduate
Female,20,Single,Nursing,Secondary education,Yes,Yes,Yes,Yes,Yes,11.1,0.6,2.02,Graduate
Female,24,Single,Nursing,Secondary education,Yes,Yes,Yes,Yes,Yes,12.7,3.7,-1.7,Graduate
Female,39,Married,Management,Secondary education,Yes,Yes,Yes,Yes,Yes,11.1,0.6,2.02,Enrolled
Female,18,Single,Journalism and Communication,Secondary education,Yes,Yes,Yes,Yes,Yes,12.7,3.7,-1.7,Graduate
Female,20,Single,Veterinary Nursing,Secondary education,Yes,Yes,Yes,Yes,Yes,11.1,0.6,2.02,Dropout
Female,18,Single,Nursing,Secondary education,Yes,Yes,Yes,Yes,Yes,15.5,2.8,-4.06,Graduate
Female,19,Single,Nursing,Secondary education,Yes,Yes,Yes,Yes,Yes,15.5,2.8,-4.06,Graduate
Female,18,Single,Veterinary Nursing,Secondary education,Yes,Yes,Yes,Yes,Yes,10.8,1.4,1.74,Graduate
Female,22,Single,Advertising and Marketing Management,Secondary education,Yes,Yes,Yes,Yes,Yes,7.6,2.6,0.32,Enrolled
Female,18,Single,Nursing,Secondary education,Yes,Yes,Yes,Yes,Yes,11.1,0.6,2.02,Graduate
Female,18,Single,Social Service,Secondary education,Yes,Yes,Yes,Yes,Yes,12.4,0.5,1.79,Graduate
Female,30,Divorced,Management (evening attendance),Secondary education,Yes,Yes,Yes,Yes,Yes,12.7,3.7,-1.7,Enrolled
Female,34,Married,Social Service,Other - 11th year of schooling,Yes,Yes,Yes,Yes,Yes,7.6,2.6,0.32,Graduate
Female,38,Single,Social Service (evening attendance),Basic education 3rd cycle (9th/10th/11th year) or equiv.,Yes,Yes,Yes,Yes,Yes,13.9,-0.3,0.79,Dropout
Female,19,Single,Nursing,Secondary education,Yes,Yes,Yes,Yes,Yes,9.4,-0.8,-3.12,Graduate
Female,19,Single,Basic Education,Secondary education,Yes,Yes,Yes,Yes,Yes,10.8,1.4,1.74,Dropout
Female,21,Single,Journalism and Communication,Secondary education,No,No,No,No,No,10.8,1.4,1.74,Dropout
Female,18,Single,Journalism and Communication,Secondary education,Yes,Yes,Yes,Yes,Yes,11.1,0.6,2.02,Graduate
Female,20,Single,Veterinary Nursing,Secondary education,Yes,Yes,Yes,Yes,Yes,13.9,-0.3,0.79,Graduate
Female,18,Single,Management,Secondary education,Yes,Yes,Yes,Yes,Yes,16.2,0.3,-0.92,Graduate
Female,18,Single,Communication Design,Secondary education,Yes,Yes,Yes,Yes,Yes,16.2,0.3,-0.92,Graduate
Female,36,Single,Oral Hygiene,Higher education - bachelor's degree,Yes,Yes,Yes,Yes,Yes,12.7,3.7,-1.7,Dropout
Female,18,Single,Management,Secondary education,Yes,Yes,Yes,Yes,Yes,13.9,-0.3,0.79,Graduate
Female,21,Single,Equinculture,Frequency of higher education,Yes,Yes,Yes,Yes,Yes,7.6,2.6,0.32,Dropout
Female,21,Single,Equinculture,Technological specialization course,Yes,Yes,Yes,Yes,Yes,13.9,-0.3,0.79,Dropout
Female,18,Single,Veterinary Nursing,Secondary education,Yes,Yes,Yes,Yes,Yes,11.1,0.6,2.02,Graduate
Female,18,Single,Advertising and Marketing Management,Secondary education,Yes,Yes,Yes,Yes,Yes,9.4,-0.8,-3.12,Graduate
Female,19,Single,Nursing,Secondary education,Yes,Yes,Yes,Yes,Yes,7.6,2.6,0.32,Graduate
Female,29,Married,Agronomy,Basic education 3rd cycle (9th/10th/11th year) or equiv.,Yes,Yes,Yes,Yes,Yes,11.1,0.6,2.02,Graduate
Female,20,Single,Management,Technological specialization course,Yes,Yes,Yes,Yes,Yes,11.1,0.6,2.02,Graduate
Female,18,Single,Nursing,Secondary education,Yes,Yes,Yes,Yes,Yes,7.6,2.6,0.32,Graduate
Female,19,Single,Veterinary Nursing,Secondary education,Yes,Yes,Yes,Yes,Yes,10.8,1.4,1.74,Graduate
Female,19,Single,Management,Secondary education,Yes,Yes,Yes,Yes,Yes,8.9,1.4,3.51,Graduate
Female,37,Single,Social Service (evening attendance),Secondary education,No,No,No,No,No,8.9,1.4,3.51,Dropout
Female,18,Single,Veterinary Nursing,Secondary education,Yes,Yes,Yes,Yes,Yes,10.8,1.4,1.74,Graduate
Female,21,Single,Basic Education,Secondary education,Yes,Yes,Yes,Yes,Yes,12.7,3.7,-1.7,Dropout
Female,19,Single,Social Service,Secondary education,Yes,Yes,Yes,Yes,Yes,12.4,0.5,1.79,Graduate
Female,19,Single,Advertising and Marketing Management,Secondary education,Yes,Yes,Yes,Yes,Yes,9.4,-0.8,-3.12,Graduate
Female,35,Married,Management (evening attendance),Technological specialization course,Yes,Yes,Yes,Yes,Yes,12.7,3.7,-1.7,Enrolled
Female,30,Married,Nursing,Secondary education,Yes,Yes,Yes,Yes,Yes,13.9,-0.3,0.79,Dropout
Female,27,Single,Journalism and Communication,Secondary education,Yes,Yes,Yes,Yes,Yes,9.4,-0.8,-3.12,Dropout
Female,45,Married,Tourism,Secondary education,Yes,Yes,Yes,Yes,Yes,7.6,2.6,0.32,Dropout
Female,50,Married,Social Service (evening attendance),Secondary education,Yes,Yes,Yes,Yes,Yes,12.7,3.7,-1.7,Graduate
Female,41,Divorced,Management,Secondary education,Yes,Yes,Yes,Yes,Yes,9.4,-0.8,-3.12,Graduate
Female,26,Single,Nursing,Secondary education,Yes,Yes,Yes,Yes,Yes,7.6,2.6,0.32,Enrolled
Female,44,Single,Agronomy,Basic education 3rd cycle (9th/10th/11th year) or equiv.,Yes,Yes,Yes,Yes,Yes,11.1,0.6,2.02,Dropout
Female,23,De Facto Union,Management,Higher education - degree (1st cycle),Yes,Yes,Yes,Yes,Yes,15.5,2.8,-4.06,Graduate
Female,34,Single,Biofuel Production Technologies,Secondary education,Yes,Yes,Yes,Yes,Yes,11.1,0.6,2.02,Dropout
Female,21,Single,Management,Secondary education,Yes,Yes,Yes,Yes,Yes,11.1,0.6,2.02,Graduate
Female,22,Single,Management,Secondary education,Yes,Yes,Yes,Yes,Yes,7.6,2.6,0.32,Dropout
Female,32,Divorced,Social Service (evening attendance),Secondary education,Yes,Yes,Yes,Yes,Yes,16.2,0.3,-0.92,Graduate
Female,20,Single,Oral Hygiene,Secondary education,Yes,Yes,Yes,Yes,Yes,15.5,2.8,-4.06,Graduate
Female,59,Married,Social Service (evening attendance),Higher education - degree,No,No,No,No,No,10.8,1.4,1.74,Dropout
Female,30,Married,Management,Professional higher technical course,Yes,Yes,Yes,Yes,Yes,8.9,1.4,3.51,Enrolled
Female,18,Single,Tourism,Secondary education,Yes,Yes,Yes,Yes,Yes,9.4,-0.8,-3.12,Graduate
Male,25,Married,Management (evening attendance),Secondary education,Yes,Yes,Yes,Yes,Yes,7.6,2.6,0.32,Enrolled
Male,36,Divorced,Management (evening attendance),Secondary education,Yes,Yes,Yes,Yes,Yes,12.7,3.7,-1.7,Graduate
Male,36,Single,Oral Hygiene,Higher education - master (2nd cycle),Yes,Yes,Yes,Yes,Yes,11.1,0.6,2.02,Dropout
Male,19,Single,Advertising and Marketing Management,Secondary education,No,No,No,No,No,10.8,1.4,1.74,Dropout
Male,25,Single,Management (evening attendance),Secondary education,Yes,Yes,Yes,Yes,Yes,9.4,-0.8,-3.12,Graduate
Male,35,Single,Agronomy,Basic education 3rd cycle (9th/10th/11th year) or equiv.,Yes,Yes,Yes,Yes,Yes,15.5,2.8,-4.06,Graduate
Male,20,Single,Social Service,Secondary education,Yes,Yes,Yes,Yes,Yes,16.2,0.3,-0.92,Dropout
Male,35,Single,Agronomy,Secondary education,No,No,No,No,No,15.5,2.8,-4.06,Dropout
Female,27,Single,Social Service,Secondary education,Yes,Yes,Yes,Yes,Yes,7.6,2.6,0.32,Dropout
Female,18,Single,Nursing,Secondary education,Yes,Yes,Yes,Yes,Yes,10.8,1.4,1.74,Enrolled
Female,23,Single,Nursing,Secondary education,Yes,Yes,Yes,Yes,Yes,16.2,0.3,-0.92,Enrolled
Female,19,Single,Social Service (evening attendance),Secondary education,Yes,Yes,Yes,Yes,Yes,10.8,1.4,1.74,Graduate
Female,18,Single,Nursing,Secondary education,Yes,Yes,Yes,Yes,Yes,11.1,0.6,2.02,Enrolled
Female,26,Single,Nursing,Secondary education,No,No,No,No,No,12.4,0.5,1.79,Dropout
Female,19,Single,Social Service,Secondary education,Yes,Yes,Yes,Yes,Yes,16.2,0.3,-0.92,Graduate
Female,19,Single,Nursing,Secondary education,No,No,No,No,No,12.7,3.7,-1.7,Dropout
Female,18,Single,Animation and Multimedia Design,Secondary education,Yes,Yes,Yes,Yes,Yes,13.9,-0.3,0.79,Dropout
Female,19,Single,Nursing,Secondary education,Yes,Yes,Yes,Yes,Yes,11.1,0.6,2.02,Graduate
Female,19,Single,Nursing,Secondary education,Yes,Yes,Yes,Yes,Yes,15.5,2.8,-4.06,Graduate
Female,19,Single,Veterinary Nursing,Secondary education,Yes,Yes,Yes,Yes,Yes,10.8,1.4,1.74,Graduate
Female,21,Single,Social Service (evening attendance),Technological specialization course,Yes,Yes,Yes,Yes,Yes,12.4,0.5,1.79,Graduate
Female,18,Single,Journalism and Communication,Secondary education,Yes,Yes,Yes,Yes,Yes,15.5,2.8,-4.06,Graduate
Female,33,Married,Tourism,Higher education - degree,Yes,Yes,Yes,Yes,Yes,9.4,-0.8,-3.12,Graduate
Female,32,Single,Social Service (evening attendance),Higher education - degree,Yes,Yes,Yes,Yes,Yes,12.7,3.7,-1.7,Graduate
Female,17,Single,Nursing,Secondary education,Yes,Yes,Yes,Yes,Yes,9.4,-0.8,-3.12,Graduate
Female,31,Married,Nursing,Secondary education,Yes,Yes,Yes,Yes,Yes,12.7,3.7,-1.7,Dropout
Female,32,Married,Social Service (evening attendance),Secondary education,Yes,Yes,Yes,Yes,Yes,15.5,2.8,-4.06,Graduate
Female,18,Single,Veterinary Nursing,Secondary education,Yes,Yes,Yes,Yes,Yes,11.1,0.6,2.02,Dropout
Female,31,Single,Communication Design,Other - 11th year of schooling,Yes,Yes,Yes,Yes,Yes,8.9,1.4,3.51,Enrolled
Male,20,Single,Tourism,Secondary education,Yes,Yes,Yes,Yes,Yes,8.9,1.4,3.51,Enrolled
Male,40,Single,Management (evening attendance),Secondary education,No,No,No,No,No,10.8,1.4,1.74,Dropout
Male,32,Married,Management (evening attendance),Secondary education,Yes,Yes,Yes,Yes,Yes,7.6,2.6,0.32,Graduate
Male,40,Single,Informatics Engineering,Higher education - degree,No,No,No,No,No,12.7,3.7,-1.7,Dropout
Male,18,Single,Animation and Multimedia Design,Secondary education,Yes,Yes,Yes,Yes,Yes,16.2,0.3,-0.92,Graduate
Male,28,Single,Management (evening attendance),Secondary education,No,No,No,No,No,12.7,3.7,-1.7,Dropout
Male,19,Single,Communication Design,Secondary education,Yes,Yes,Yes,Yes,Yes,9.4,-0.8,-3.12,Graduate
Male,19,Single,Journalism and Communication,Secondary education,Yes,Yes,Yes,Yes,Yes,15.5,2.8,-4.06,Graduate
Male,21,Single,Management,Secondary education,Yes,Yes,Yes,Yes,Yes,10.8,1.4,1.74,Dropout
Male,22,Single,Management,Secondary education,Yes,Yes,Yes,Yes,Yes,7.6,2.6,0.32,Dropout
Male,18,Single,Informatics Engineering,Secondary education,No,No,No,No,No,12.4,0.5,1.79,Dropout
Male,27,Single,Animation and Multimedia Design,Secondary education,Yes,Yes,Yes,Yes,Yes,9.4,-0.8,-3.12,Dropout
Male,19,Single,Animation and Multimedia Design,Secondary education,Yes,Yes,Yes,Yes,Yes,8.9,1.4,3.51,Enrolled
Male,30,Married,Management (evening attendance),Secondary education,Yes,Yes,Yes,Yes,Yes,9.4,-0.8,-3.12,Graduate
Male,28,Single,Equinculture,Technological specialization course,Yes,Yes,Yes,Yes,Yes,16.2,0.3,-0.92,Dropout
Male,34,De Facto Union,Informatics Engineering,Secondary education,Yes,Yes,Yes,Yes,Yes,9.4,-0.8,-3.12,Enrolled
Male,21,Single,Management,Secondary education,Yes,Yes,Yes,Yes,Yes,10.8,1.4,1.74,Enrolled
Male,20,Single,Social Service,Secondary education,Yes,Yes,Yes,Yes,Yes,16.2,0.3,-0.92,Graduate
Male,31,Single,Tourism,Secondary education,No,No,No,No,No,7.6,2.6,0.32,Dropout
Male,21,Single,Informatics Engineering,Secondary education,No,No,No,No,No,7.6,2.6,0.32,Dropout
Male,27,Single,Advertising and Marketing Management,Basic education 3rd cycle (9th/10th/11th year) or equiv.,No,No,No,No,No,7.6,2.6,0.32,Dropout
Male,19,Single,Journalism and Communication,Secondary education,Yes,Yes,Yes,Yes,Yes,7.6,2.6,0.32,Graduate
Male,21,Single,Journalism and Communication,Secondary education,Yes,Yes,Yes,Yes,Yes,10.8,1.4,1.74,Enrolled
Male,21,Single,Agronomy,Technological specialization course,No,No,No,No,No,16.2,0.3,-0.92,Dropout
Male,35,Single,Advertising and Marketing Management,Secondary education,No,No,No,No,No,7.6,2.6,0.32,Dropout
Male,28,Single,Veterinary Nursing,Secondary education,Yes,Yes,Yes,Yes,Yes,7.6,2.6,0.32,Dropout
Male,24,Single,Advertising and Marketing Management,Secondary education,Yes,Yes,Yes,Yes,Yes,10.8,1.4,1.74,Enrolled
Male,19,Single,Journalism and Communication,Secondary education,No,No,No,No,No,9.4,-0.8,-3.12,Dropout
Male,20,Single,Advertising and Marketing Management,Secondary education,No,No,No,No,No,13.9,-0.3,0.79,Enrolled
Male,20,Single,Communication Design,Secondary education,Yes,Yes,Yes,Yes,Yes,16.2,0.3,-0.92,Graduate
Male,19,Single,Informatics Engineering,Secondary education,Yes,Yes,Yes,Yes,Yes,9.4,-0.8,-3.12,Enrolled
Male,37,Single,Veterinary Nursing,Secondary education,No,No,No,No,No,8.9,1.4,3.51,Dropout
Male,19,Single,Tourism,Secondary education,Yes,Yes,Yes,Yes,Yes,7.6,2.6,0.32,Dropout
Male,36,Single,Nursing,Secondary education,Yes,Yes,Yes,Yes,Yes,13.9,-0.3,0.79,Dropout
Male,29,Single,Management,Other - 11th year of schooling,Yes,Yes,Yes,Yes,Yes,9.4,-0.8,-3.12,Dropout
Male,30,Single,Agronomy,Secondary education,Yes,Yes,Yes,Yes,Yes,13.9,-0.3,0.79,Graduate
Male,32,Single,Advertising and Marketing Management,Basic education 3rd cycle (9th/10th/11th year) or equiv.,Yes,Yes,Yes,Yes,Yes,11.1,0.6,2.02,Dropout
Male,26,Single,Social Service (evening attendance),Secondary education,Yes,Yes,Yes,Yes,Yes,10.8,1.4,1.74,Enrolled
Male,37,Married,Agronomy,Technological specialization course,Yes,Yes,Yes,Yes,Yes,16.2,0.3,-0.92,Dropout
Male,27,Single,Informatics Engineering,Secondary education,Yes,Yes,Yes,Yes,Yes,13.9,-0.3,0.79,Dropout
Male,18,Single,Journalism and Communication,Secondary education,Yes,Yes,Yes,Yes,Yes,13.9,-0.3,0.79,Graduate
Male,18,Single,Nursing,Secondary education,Yes,Yes,Yes,Yes,Yes,9.4,-0.8,-3.12,Graduate
Male,32,Married,Agronomy,Basic education 3rd cycle (9th/10th/11th year) or equiv.,No,No,No,No,No,15.5,2.8,-4.06,Dropout
Male,20,Single,Informatics Engineering,Technological specialization course,Yes,Yes,Yes,Yes,Yes,12.4,0.5,1.79,Enrolled
Male,22,Single,Agronomy,Secondary education,Yes,Yes,Yes,Yes,Yes,16.2,0.3,-0.92,Dropout
Female,32,Divorced,Nursing,Secondary education,Yes,Yes,Yes,Yes,Yes,12.4,0.5,1.79,Dropout
Female,21,Single,Management,Secondary education,Yes,Yes,Yes,Yes,Yes,7.6,2.6,0.32,Enrolled
Female,19,Single,Advertising and Marketing Management,Secondary education,No,No,No,No,No,10.8,1.4,1.74,Dropout
Female,18,Single,Journalism and Communication,Secondary education,Yes,Yes,Yes,Yes,Yes,8.9,1.4,3.51,Graduate
Female,18,Single,Management,Secondary education,Yes,Yes,Yes,Yes,Yes,8.9,1.4,3.51,Graduate
Female,38,Single,Management,Higher education - bachelor's degree,No,No,No,No,No,15.5,2.8,-4.06,Dropout
Female,21,Single,Basic Education,Secondary education,Yes,Yes,Yes,Yes,Yes,7.6,2.6,0.32,Dropout
Female,21,Single,Social Service,Secondary education,No,No,No,No,No,9.4,-0.8,-3.12,Dropout
Male,26,Single,Management (evening attendance),Secondary education,Yes,Yes,Yes,Yes,Yes,7.6,2.6,0.32,Enrolled
Female,19,Single,Nursing,Secondary education,Yes,Yes,Yes,Yes,Yes,7.6,2.6,0.32,Graduate
Female,19,Single,Nursing,Secondary education,Yes,Yes,Yes,Yes,Yes,10.8,1.4,1.74,Enrolled
Female,18,Single,Tourism,Secondary education,Yes,Yes,Yes,Yes,Yes,7.6,2.6,0.32,Dropout
Female,25,Single,Management,Higher education - degree,Yes,Yes,Yes,Yes,Yes,12.7,3.7,-1.7,Dropout
Female,19,Single,Nursing,Secondary education,Yes,Yes,Yes,Yes,Yes,7.6,2.6,0.32,Graduate
Female,18,Single,Tourism,Secondary education,Yes,Yes,Yes,Yes,Yes,13.9,-0.3,0.79,Graduate
Female,19,Single,Management,Secondary education,Yes,Yes,Yes,Yes,Yes,13.9,-0.3,0.79,Graduate
Female,22,Single,Social Service,Secondary education,Yes,Yes,Yes,Yes,Yes,12.4,0.5,1.79,Graduate
Female,21,Single,Agronomy,Technological specialization course,Yes,Yes,Yes,Yes,Yes,15.5,2.8,-4.06,Graduate
Female,21,Single,Veterinary Nursing,Secondary education,Yes,Yes,Yes,Yes,Yes,8.9,1.4,3.51,Graduate
Female,20,Single,Basic Education,Secondary education,Yes,Yes,Yes,Yes,Yes,11.1,0.6,2.02,Graduate
Female,19,Married,Management,Secondary education,Yes,Yes,Yes,Yes,Yes,10.8,1.4,1.74,Enrolled
Female,18,Single,Nursing,Secondary education,Yes,Yes,Yes,Yes,Yes,7.6,2.6,0.32,Graduate
Female,26,Single,Nursing,Secondary education,Yes,Yes,Yes,Yes,Yes,13.9,-0.3,0.79,Dropout
Female,31,Single,Management,Higher education - bachelor's degree,Yes,Yes,Yes,Yes,Yes,7.6,2.6,0.32,Dropout
Female,18,Single,Social Service,Secondary education,Yes,Yes,Yes,Yes,Yes,11.1,0.6,2.02,Graduate
Female,35,Divorced,Management,Higher education - degree,Yes,Yes,Yes,Yes,Yes,11.1,0.6,2.02,Dropout
Female,19,Single,Veterinary Nursing,Secondary education,Yes,Yes,Yes,Yes,Yes,12.7,3.7,-1.7,Enrolled
Female,19,Single,Social Service,Secondary education,Yes,Yes,Yes,Yes,Yes,15.5,2.8,-4.06,Graduate
Female,18,Single,Nursing,Secondary education,Yes,Yes,Yes,Yes,Yes,11.1,0.6,2.02,Graduate
Female,20,Single,Veterinary Nursing,Secondary education,Yes,Yes,Yes,Yes,Yes,12.4,0.5,1.79,Graduate
Female,19,Single,Animation and Multimedia Design,Secondary education,Yes,Yes,Yes,Yes,Yes,8.9,1.4,3.51,Graduate
Female,21,Single,Social Service,Secondary education,Yes,Yes,Yes,Yes,Yes,10.8,1.4,1.74,Enrolled
Female,18,Single,Basic Education,Secondary education,Yes,Yes,Yes,Yes,Yes,16.2,0.3,-0.92,Graduate
Female,23,Single,Nursing,Secondary education,Yes,Yes,Yes,Yes,Yes,9.4,-0.8,-3.12,Graduate
Female,21,Single,Communication Design,Secondary education,Yes,Yes,Yes,Yes,Yes,16.2,0.3,-0.92,Graduate
Female,19,Single,Management,Secondary education,Yes,Yes,Yes,Yes,Yes,11.1,0.6,2.02,Graduate
Female,19,Single,Management,Secondary education,Yes,Yes,Yes,Yes,Yes,10.8,1.4,1.74,Enrolled
Female,20,Single,Veterinary Nursing,Professional higher technical course,Yes,Yes,Yes,Yes,Yes,8.9,1.4,3.51,Graduate
Female,18,Single,Management,Secondary education,Yes,Yes,Yes,Yes,Yes,16.2,0.3,-0.92,Enrolled
Female,18,Single,Nursing,Secondary education,Yes,Yes,Yes,Yes,Yes,9.4,-0.8,-3.12,Graduate
Female,19,Married,Nursing,Secondary education,Yes,Yes,Yes,Yes,Yes,7.6,2.6,0.32,Graduate
Female,21,Single,Communication Design,Secondary education,Yes,Yes,Yes,Yes,Yes,9.4,-0.8,-3.12,Graduate
Female,18,Single,Social Service,Secondary education,Yes,Yes,Yes,Yes,Yes,12.7,3.7,-1.7,Graduate
Female,20,Single,Advertising and Marketing Management,Secondary education,Yes,Yes,Yes,Yes,Yes,15.5,2.8,-4.06,Enrolled
Female,18,Single,Journalism and Communication,Secondary education,Yes,Yes,Yes,Yes,Yes,12.7,3.7,-1.7,Graduate
Female,18,Single,Nursing,Secondary education,Yes,Yes,Yes,Yes,Yes,15.5,2.8,-4.06,Graduate
Female,32,Married,Management (evening attendance),Secondary education,Yes,Yes,Yes,Yes,Yes,9.4,-0.8,-3.12,Enrolled
Female,18,Single,Animation and Multimedia Design,Secondary education,Yes,Yes,Yes,Yes,Yes,13.9,-0.3,0.79,Graduate
Female,19,Single,Basic Education,Secondary education,Yes,Yes,Yes,Yes,Yes,10.8,1.4,1.74,Enrolled
Female,18,Single,Nursing,Secondary education,Yes,Yes,Yes,Yes,Yes,9.4,-0.8,-3.12,Graduate
Female,18,Single,Nursing,Secondary education,No,No,No,No,No,9.4,-0.8,-3.12,Dropout
Female,20,Single,Journalism and Communication,Secondary education,Yes,Yes,Yes,Yes,Yes,11.1,0.6,2.02,Graduate
Female,19,Single,Advertising and Marketing Management,Secondary education,Yes,Yes,Yes,Yes,Yes,12.4,0.5,1.79,Enrolled
Female,19,Single,Nursing,Secondary education,Yes,Yes,Yes,Yes,Yes,10.8,1.4,1.74,Graduate
Female,18,Single,Management,Secondary education,Yes,Yes,Yes,Yes,Yes,9.4,-0.8,-3.12,Enrolled
Female,18,Single,Nursing,Secondary education,Yes,Yes,Yes,Yes,Yes,15.5,2.8,-4.06,Dropout
Female,18,Single,Nursing,Secondary education,Yes,Yes,Yes,Yes,Yes,12.4,0.5,1.79,Graduate
Female,20,Single,Nursing,Secondary education,Yes,Yes,Yes,Yes,Yes,11.1,0.6,2.02,Enrolled
Female,19,Single,Journalism and Communication,Secondary education,Yes,Yes,Yes,Yes,Yes,16.2,0.3,-0.92,Enrolled
Female,21,Single,Tourism,Secondary education,Yes,Yes,Yes,Yes,Yes,12.7,3.7,-1.7,Dropout
Female,19,Single,Basic Education,Secondary education,Yes,Yes,Yes,Yes,Yes,11.1,0.6,2.02,Graduate
Female,20,Single,Social Service,Secondary education,Yes,Yes,Yes,Yes,Yes,15.5,2.8,-4.06,Graduate
Female,21,Single,Nursing,Secondary education,Yes,Yes,Yes,Yes,Yes,9.4,-0.8,-3.12,Graduate
Female,23,Single,Veterinary Nursing,Technological specialization course,Yes,Yes,Yes,Yes,Yes,11.1,0.6,2.02,Dropout
Female,18,Single,Social Service,Secondary education,No,No,No,No,No,12.7,3.7,-1.7,Dropout
Female,30,Married,Management (evening attendance),Higher education - degree,Yes,Yes,Yes,Yes,Yes,12.7,3.7,-1.7,Dropout
Female,20,Single,Veterinary Nursing,Secondary education,Yes,Yes,Yes,Yes,Yes,9.4,-0.8,-3.12,Dropout
Female,29,Married,Management,Secondary education,No,No,No,No,No,10.8,1.4,1.74,Dropout
Female,24,Single,Management,Secondary education,Yes,Yes,Yes,Yes,Yes,10.8,1.4,1.74,Enrolled
Female,20,Single,Social Service,Secondary education,Yes,Yes,Yes,Yes,Yes,7.6,2.6,0.32,Graduate
Female,27,Single,Social Service (evening attendance),Secondary education,Yes,Yes,Yes,Yes,Yes,13.9,-0.3,0.79,Dropout
Female,23,Married,Management,Higher education - degree,Yes,Yes,Yes,Yes,Yes,7.6,2.6,0.32,Dropout
Female,23,Single,Communication Design,Secondary education,Yes,Yes,Yes,Yes,Yes,11.1,0.6,2.02,Graduate
Female,18,Single,Nursing,Secondary education,Yes,Yes,Yes,Yes,Yes,12.7,3.7,-1.7,Graduate
Female,19,Single,Journalism and Communication,Secondary education,Yes,Yes,Yes,Yes,Yes,12.7,3.7,-1.7,Graduate
Female,19,Single,Nursing,Secondary education,Yes,Yes,Yes,Yes,Yes,13.9,-0.3,0.79,Dropout
Female,18,Single,Journalism and Communication,Secondary education,Yes,Yes,Yes,Yes,Yes,11.1,0.6,2.02,Dropout
Female,19,Single,Communication Design,Secondary education,Yes,Yes,Yes,Yes,Yes,9.4,-0.8,-3.12,Graduate
Female,18,Single,Journalism and Communication,Secondary education,Yes,Yes,Yes,Yes,Yes,13.9,-0.3,0.79,Graduate
Female,29,Single,Management (evening attendance),Secondary education,Yes,Yes,Yes,Yes,Yes,9.4,-0.8,-3.12,Enrolled
Female,24,Single,Oral Hygiene,Basic education 3rd cycle (9th/10th/11th year) or equiv.,Yes,Yes,Yes,Yes,Yes,13.9,-0.3,0.79,Graduate
Female,19,Single,Oral Hygiene,Secondary education,Yes,Yes,Yes,Yes,Yes,8.9,1.4,3.51,Dropout
Female,19,Single,Oral Hygiene,Secondary education,Yes,Yes,Yes,Yes,Yes,12.7,3.7,-1.7,Enrolled
Female,19,Single,Advertising and Marketing Management,Secondary education,Yes,Yes,Yes,Yes,Yes,10.8,1.4,1.74,Enrolled
Female,20,Single,Tourism,Secondary education,Yes,Yes,Yes,Yes,Yes,11.1,0.6,2.02,Graduate
Female,18,Single,Journalism and Communication,Secondary education,Yes,Yes,Yes,Yes,Yes,10.8,1.4,1.74,Graduate
Female,18,Single,Communication Design,Secondary education,No,No,No,No,No,13.9,-0.3,0.79,Dropout
Female,19,Single,Nursing,Secondary education,Yes,Yes,Yes,Yes,Yes,12.4,0.5,1.79,Graduate
Female,19,Single,Veterinary Nursing,Secondary education,Yes,Yes,Yes,Yes,Yes,13.9,-0.3,0.79,Dropout
Female,18,Single,Animation and Multimedia Design,Secondary education,Yes,Yes,Yes,Yes,Yes,13.9,-0.3,0.79,Graduate
Female,19,Single,Journalism and Communication,Secondary education,Yes,Yes,Yes,Yes,Yes,10.8,1.4,1.74,Graduate
Female,18,Single,Nursing,Secondary education,Yes,Yes,Yes,Yes,Yes,16.2,0.3,-0.92,Graduate
Female,24,Single,Management (evening attendance),Secondary education,Yes,Yes,Yes,Yes,Yes,16.2,0.3,-0.92,Enrolled
Female,28,Single,Nursing,Secondary education,Yes,Yes,Yes,Yes,Yes,13.9,-0.3,0.79,Enrolled
Female,20,Single,Nursing,Secondary education,Yes,Yes,Yes,Yes,Yes,12.7,3.7,-1.7,Graduate
Female,19,Single,Nursing,Secondary education,Yes,Yes,Yes,Yes,Yes,12.7,3.7,-1.7,Graduate
Female,22,Single,Management,Secondary education,No,No,No,No,No,9.4,-0.8,-3.12,Dropout
Female,19,Single,Social Service,Secondary education,Yes,Yes,Yes,Yes,Yes,12.7,3.7,-1.7,Graduate
Female,36,Single,Social Service,Higher education - degree,Yes,Yes,Yes,Yes,Yes,16.2,0.3,-0.92,Graduate
Female,19,Single,Agronomy,Technological specialization course,Yes,Yes,Yes,Yes,Yes,15.5,2.8,-4.06,Graduate
Female,18,Single,Social Service,Secondary education,Yes,Yes,Yes,Yes,Yes,16.2,0.3,-0.92,Graduate
Female,40,Divorced,Management (evening attendance),Other - 11th year of schooling,No,No,No,No,No,7.6,2.6,0.32,Dropout
Female,19,Single,Nursing,Secondary education,Yes,Yes,Yes,Yes,Yes,7.6,2.6,0.32,Graduate
Female,38,Divorced,Nursing,Secondary education,Yes,Yes,Yes,Yes,Yes,10.8,1.4,1.74,Enrolled
Female,32,Single,Veterinary Nursing,Higher education - degree,Yes,Yes,Yes,Yes,Yes,15.5,2.8,-4.06,Dropout
Female,19,Single,Basic Education,Secondary education,Yes,Yes,Yes,Yes,Yes,9.4,-0.8,-3.12,Enrolled
Female,19,Single,Communication Design,Secondary education,Yes,Yes,Yes,Yes,Yes,8.9,1.4,3.51,Graduate
Female,35,Married,Management,Secondary education,Yes,Yes,Yes,Yes,Yes,10.8,1.4,1.74,Dropout
Female,20,Single,Management,Secondary education,Yes,Yes,Yes,Yes,Yes,7.6,2.6,0.32,Enrolled
Female,29,Single,Basic Education,Secondary education,Yes,Yes,Yes,Yes,Yes,12.7,3.7,-1.7,Graduate
Female,29,Single,Management (evening attendance),Secondary education,Yes,Yes,Yes,Yes,Yes,15.5,2.8,-4.06,Enrolled
Female,19,Single,Nursing,Secondary education,Yes,Yes,Yes,Yes,Yes,9.4,-0.8,-3.12,Enrolled
Female,18,Single,Nursing,Secondary education,Yes,Yes,Yes,Yes,Yes,10.8,1.4,1.74,Graduate
Female,25,Married,Social Service (evening attendance),Basic education 3rd cycle (9th/10th/11th year) or equiv.,No,No,No,No,No,7.6,2.6,0.32,Graduate
Female,50,Divorced,Social Service (evening attendance),Basic education 3rd cycle (9th/10th/11th year) or equiv.,No,No,No,No,No,8.9,1.4,3.51,Dropout
Female,24,Married,Management,Secondary education,Yes,Yes,Yes,Yes,Yes,7.6,2.6,0.32,Dropout
Female,18,Single,Informatics Engineering,Secondary education,Yes,Yes,Yes,Yes,Yes,9.4,-0.8,-3.12,Dropout
Female,20,Single,Veterinary Nursing,Secondary education,Yes,Yes,Yes,Yes,Yes,15.5,2.8,-4.06,Graduate
Female,20,Single,Agronomy,Secondary education,Yes,Yes,Yes,Yes,Yes,15.5,2.8,-4.06,Graduate
Female,21,Single,Management (evening attendance),Secondary education,Yes,Yes,Yes,Yes,Yes,9.4,-0.8,-3.12,Dropout
Male,28,Single,Social Service,Secondary education,Yes,Yes,Yes,Yes,Yes,10.8,1.4,1.74,Enrolled
Male,19,Single,Tourism,Secondary education,Yes,Yes,Yes,Yes,Yes,12.4,0.5,1.79,Graduate
Male,18,Single,Nursing,Secondary education,Yes,Yes,Yes,Yes,Yes,9.4,-0.8,-3.12,Graduate
Male,22,Single,Animation and Multimedia Design,Secondary education,Yes,Yes,Yes,Yes,Yes,12.7,3.7,-1.7,Graduate
Male,25,Single,Agronomy,Technological specialization course,Yes,Yes,Yes,Yes,Yes,15.5,2.8,-4.06,Dropout
Male,37,Married,Nursing,Secondary education,No,No,No,No,No,11.1,0.6,2.02,Dropout
Male,38,Single,Nursing,Secondary education,No,No,No,No,No,11.1,0.6,2.02,Dropout
Male,36,Married,Advertising and Marketing Management,Secondary education,Yes,Yes,Yes,Yes,Yes,13.9,-0.3,0.79,Dropout
Male,18,Single,Nursing,Secondary education,Yes,Yes,Yes,Yes,Yes,12.7,3.7,-1.7,Graduate
Male,19,Single,Advertising and Marketing Management,Secondary education,No,No,No,No,No,9.4,-0.8,-3.12,Dropout
Male,24,Single,Equinculture,Secondary education,Yes,Yes,Yes,Yes,Yes,9.4,-0.8,-3.12,Dropout
Male,20,Single,Social Service,Secondary education,Yes,Yes,Yes,Yes,Yes,11.1,0.6,2.02,Graduate
Male,21,Single,Animation and Multimedia Design,Secondary education,Yes,Yes,Yes,Yes,Yes,12.7,3.7,-1.7,Dropout
Male,32,Married,Management (evening attendance),Secondary education,Yes,Yes,Yes,Yes,Yes,7.6,2.6,0.32,Dropout
Male,39,Married,Management (evening attendance),Basic education 3rd cycle (9th/10th/11th year) or equiv.,Yes,Yes,Yes,Yes,Yes,12.7,3.7,-1.7,Dropout
Male,33,Single,Informatics Engineering,Higher education - degree,No,No,No,No,No,12.7,3.7,-1.7,Dropout
Male,20,Single,Advertising and Marketing Management,Secondary education,Yes,Yes,Yes,Yes,Yes,9.4,-0.8,-3.12,Graduate
Male,19,Single,Agronomy,Secondary education,Yes,Yes,Yes,Yes,Yes,16.2,0.3,-0.92,Graduate
Male,43,Married,Management (evening attendance),Secondary education,No,No,No,No,No,13.9,-0.3,0.79,Dropout
Male,49,Married,Management (evening attendance),Secondary education,Yes,Yes,Yes,Yes,Yes,16.2,0.3,-0.92,Dropout
Male,18,Single,Journalism and Communication,Secondary education,Yes,Yes,Yes,Yes,Yes,12.7,3.7,-1.7,Graduate
Male,27,Single,Agronomy,Secondary education,Yes,Yes,Yes,Yes,Yes,11.1,0.6,2.02,Enrolled
Male,19,Single,Management,Secondary education,Yes,Yes,Yes,Yes,Yes,8.9,1.4,3.51,Dropout
Male,45,Single,Communication Design,Secondary education,Yes,Yes,Yes,Yes,Yes,16.2,0.3,-0.92,Dropout
Male,19,Single,Advertising and Marketing Management,Secondary education,No,No,No,No,No,13.9,-0.3,0.79,Graduate
Male,21,Single,Agronomy,Technological specialization course,Yes,Yes,Yes,Yes,Yes,13.9,-0.3,0.79,Graduate
Male,18,Single,Advertising and Marketing Management,Secondary education,Yes,Yes,Yes,Yes,Yes,13.9,-0.3,0.79,Graduate
Male,18,Single,Management,Secondary education,Yes,Yes,Yes,Yes,Yes,9.4,-0.8,-3.12,Dropout
Male,29,Single,Tourism,Secondary education,No,No,No,No,No,9.4,-0.8,-3.12,Dropout
Male,19,Single,Advertising and Marketing Management,Secondary education,Yes,Yes,Yes,Yes,Yes,9.4,-0.8,-3.12,Graduate
Male,18,Single,Management,Secondary education,Yes,Yes,Yes,Yes,Yes,12.4,0.5,1.79,Enrolled
Male,22,Single,Communication Design,Technological specialization course,Yes,Yes,Yes,Yes,Yes,12.4,0.5,1.79,Graduate
Male,18,Single,Nursing,Secondary education,Yes,Yes,Yes,Yes,Yes,11.1,0.6,2.02,Dropout
Male,20,Single,Equinculture,Technological specialization course,Yes,Yes,Yes,Yes,Yes,13.9,-0.3,0.79,Enrolled
Male,20,Single,Animation and Multimedia Design,Secondary education,Yes,Yes,Yes,Yes,Yes,10.8,1.4,1.74,Dropout
Male,29,Divorced,Advertising and Marketing Management,Basic education 3rd cycle (9th/10th/11th year) or equiv.,Yes,Yes,Yes,Yes,Yes,11.1,0.6,2.02,Dropout
Male,29,Single,Advertising and Marketing Management,Secondary education,Yes,Yes,Yes,Yes,Yes,7.6,2.6,0.32,Dropout
Male,23,Single,Journalism and Communication,Secondary education,Yes,Yes,Yes,Yes,Yes,9.4,-0.8,-3.12,Enrolled
Male,19,Single,Animation and Multimedia Design,Secondary education,Yes,Yes,Yes,Yes,Yes,10.8,1.4,1.74,Dropout
Male,18,Single,Informatics Engineering,Secondary education,Yes,Yes,Yes,Yes,Yes,7.6,2.6,0.32,Dropout
Male,22,Married,Tourism,Secondary education,Yes,Yes,Yes,Yes,Yes,7.6,2.6,0.32,Dropout
Male,34,Single,Management (evening attendance),Secondary education,Yes,Yes,Yes,Yes,Yes,10.8,1.4,1.74,Dropout
Male,26,Single,Management (evening attendance),Higher education - master's,Yes,Yes,Yes,Yes,Yes,13.9,-0.3,0.79,Graduate
Male,24,Single,Animation and Multimedia Design,Secondary education,Yes,Yes,Yes,Yes,Yes,11.1,0.6,2.02,Dropout
Male,17,Single,Advertising and Marketing Management,Secondary education,Yes,Yes,Yes,Yes,Yes,11.1,0.6,2.02,Graduate
Male,21,Single,Advertising and Marketing Management,Secondary education,Yes,Yes,Yes,Yes,Yes,9.4,-0.8,-3.12,Enrolled
Male,34,Married,Management (evening attendance),Secondary education,Yes,Yes,Yes,Yes,Yes,12.7,3.7,-1.7,Enrolled
Male,19,Single,Agronomy,Technological specialization course,Yes,Yes,Yes,Yes,Yes,12.4,0.5,1.79,Graduate
Male,49,Married,Agronomy,Secondary education,No,No,No,No,No,8.9,1.4,3.51,Dropout
Male,23,Single,Nursing,Secondary education,Yes,Yes,Yes,Yes,Yes,13.9,-0.3,0.79,Dropout
Male,18,Single,Informatics Engineering,Secondary education,Yes,Yes,Yes,Yes,Yes,12.4,0.5,1.79,Dropout
Male,20,Single,Nursing,Secondary education,Yes,Yes,Yes,Yes,Yes,13.9,-0.3,0.79,Enrolled
Male,19,Single,Advertising and Marketing Management,Secondary education,Yes,Yes,Yes,Yes,Yes,8.9,1.4,3.51,Graduate
Male,24,Single,Agronomy,Technological specialization course,Yes,Yes,Yes,Yes,Yes,16.2,0.3,-0.92,Enrolled
Male,18,Single,Management,Secondary education,Yes,Yes,Yes,Yes,Yes,8.9,1.4,3.51,Graduate
Male,45,Married,Tourism,Basic education 3rd cycle (9th/10th/11th year) or equiv.,No,No,No,No,No,9.4,-0.8,-3.12,Dropout
Male,30,Single,Management (evening attendance),Secondary education,Yes,Yes,Yes,Yes,Yes,7.6,2.6,0.32,Dropout
Male,28,Single,Management (evening attendance),Technological specialization course,Yes,Yes,Yes,Yes,Yes,8.9,1.4,3.51,Dropout
Male,40,Single,Management (evening attendance),Secondary education,Yes,Yes,Yes,Yes,Yes,12.7,3.7,-1.7,Dropout
Male,32,Single,Management,Basic education 3rd cycle (9th/10th/11th year) or equiv.,No,No,No,No,No,10.8,1.4,1.74,Dropout
Male,19,Single,Tourism,Secondary education,Yes,Yes,Yes,Yes,Yes,7.6,2.6,0.32,Dropout
Male,20,Single,Communication Design,Secondary education,Yes,Yes,Yes,Yes,Yes,16.2,0.3,-0.92,Graduate
Male,18,Single,Informatics Engineering,Secondary education,Yes,Yes,Yes,Yes,Yes,9.4,-0.8,-3.12,Dropout
Male,20,Single,Advertising and Marketing Management,Secondary education,No,No,No,No,No,10.8,1.4,1.74,Dropout
Male,39,Single,Management (evening attendance),Secondary education,Yes,Yes,Yes,Yes,Yes,15.5,2.8,-4.06,Enrolled
Male,19,Single,Veterinary Nursing,Secondary education,No,No,No,No,No,11.1,0.6,2.02,Enrolled
Male,38,Single,Management (evening attendance),Other - 11th year of schooling,Yes,Yes,Yes,Yes,Yes,7.6,2.6,0.32,Enrolled
Male,18,Single,Nursing,Secondary education,Yes,Yes,Yes,Yes,Yes,7.6,2.6,0.32,Graduate
Male,18,Single,Nursing,Secondary education,Yes,Yes,Yes,Yes,Yes,13.9,-0.3,0.79,Graduate
Male,28,Married,Equinculture,12th year of schooling - not completed,Yes,Yes,Yes,Yes,Yes,7.6,2.6,0.32,Dropout
Male,31,Single,Advertising and Marketing Management,Secondary education,No,No,No,No,No,12.7,3.7,-1.7,Dropout
Male,23,Single,Nursing,Secondary education,Yes,Yes,Yes,Yes,Yes,7.6,2.6,0.32,Graduate
Male,21,Single,Nursing,Secondary education,Yes,Yes,Yes,Yes,Yes,11.1,0.6,2.02,Enrolled
Male,33,Single,Social Service,Basic education 3rd cycle (9th/10th/11th year) or equiv.,No,No,No,No,No,16.2,0.3,-0.92,Dropout
Male,22,Single,Management,Secondary education,Yes,Yes,Yes,Yes,Yes,12.7,3.7,-1.7,Dropout
Male,20,Single,Informatics Engineering,Technological specialization course,Yes,Yes,Yes,Yes,Yes,12.4,0.5,1.79,Dropout
Male,19,Single,Advertising and Marketing Management,Secondary education,Yes,Yes,Yes,Yes,Yes,8.9,1.4,3.51,Enrolled
Male,20,Single,Veterinary Nursing,Technological specialization course,Yes,Yes,Yes,Yes,Yes,16.2,0.3,-0.92,Graduate
Male,25,Single,Tourism,Other - 11th year of schooling,Yes,Yes,Yes,Yes,Yes,9.4,-0.8,-3.12,Enrolled
Male,25,Single,Agronomy,Secondary education,No,No,No,No,No,13.9,-0.3,0.79,Dropout
Male,19,Single,Communication Design,Secondary education,Yes,Yes,Yes,Yes,Yes,9.4,-0.8,-3.12,Enrolled
Male,20,Single,Advertising and Marketing Management,Secondary education,Yes,Yes,Yes,Yes,Yes,7.6,2.6,0.32,Graduate
Male,33,Married,Nursing,Basic education 3rd cycle (9th/10th/11th year) or equiv.,Yes,Yes,Yes,Yes,Yes,16.2,0.3,-0.92,Enrolled
Male,19,Single,Journalism and Communication,Secondary education,Yes,Yes,Yes,Yes,Yes,7.6,2.6,0.32,Graduate
Male,31,Single,Equinculture,Basic education 3rd cycle (9th/10th/11th year) or equiv.,Yes,Yes,Yes,Yes,Yes,7.6,2.6,0.32,Dropout
Male,24,Single,Informatics Engineering,Technological specialization course,No,No,No,No,No,8.9,1.4,3.51,Dropout
Male,23,Single,Informatics Engineering,Technological specialization course,No,No,No,No,No,15.5,2.8,-4.06,Dropout
Male,26,Married,Management (evening attendance),Secondary education,No,No,No,No,No,9.4,-0.8,-3.12,Dropout
Male,38,Married,Communication Design,Higher education - bachelor's degree,Yes,Yes,Yes,Yes,Yes,16.2,0.3,-0.92,Graduate
Male,20,Single,Informatics Engineering,Secondary education,Yes,Yes,Yes,Yes,Yes,8.9,1.4,3.51,Graduate
Male,20,Single,Informatics Engineering,Secondary education,Yes,Yes,Yes,Yes,Yes,12.4,0.5,1.79,Graduate
Male,25,Single,Veterinary Nursing,Basic education 3rd cycle (9th/10th/11th year) or equiv.,Yes,Yes,Yes,Yes,Yes,10.8,1.4,1.74,Dropout
Male,19,Single,Communication Design,Secondary education,Yes,Yes,Yes,Yes,Yes,8.9,1.4,3.51,Graduate
Male,18,Single,Informatics Engineering,Secondary education,Yes,Yes,Yes,Yes,Yes,8.9,1.4,3.51,Graduate
Male,28,Single,Management (evening attendance),Other - 11th year of schooling,Yes,Yes,Yes,Yes,Yes,10.8,1.4,1.74,Dropout
Male,18,Single,Informatics Engineering,Secondary education,Yes,Yes,Yes,Yes,Yes,9.4,-0.8,-3.12,Enrolled
Male,20,Single,Tourism,Secondary education,Yes,Yes,Yes,Yes,Yes,8.9,1.4,3.51,Graduate
Male,18,Single,Equinculture,Secondary education,Yes,Yes,Yes,Yes,Yes,11.1,0.6,2.02,Graduate
Male,19,Single,Management,Secondary education,Yes,Yes,Yes,Yes,Yes,12.4,0.5,1.79,Graduate
Male,24,Single,Nursing,Secondary education,Yes,Yes,Yes,Yes,Yes,12.7,3.7,-1.7,Dropout
Male,21,Single,Veterinary Nursing,Secondary education,Yes,Yes,Yes,Yes,Yes,10.8,1.4,1.74,Dropout
Male,20,Single,Advertising and Marketing Management,Secondary education,Yes,Yes,Yes,Yes,Yes,12.7,3.7,-1.7,Graduate
Male,21,Single,Agronomy,Technological specialization course,Yes,Yes,Yes,Yes,Yes,13.9,-0.3,0.79,Graduate
Male,24,Married,Oral Hygiene,Secondary education,Yes,Yes,Yes,Yes,Yes,10.8,1.4,1.74,Graduate
Male,27,Single,Management (evening attendance),Secondary education,Yes,Yes,Yes,Yes,Yes,10.8,1.4,1.74,Dropout
Male,19,Single,Management,Secondary education,No,No,No,No,No,8.9,1.4,3.51,Enrolled
Male,39,Single,Social Service (evening attendance),Secondary education,Yes,Yes,Yes,Yes,Yes,8.9,1.4,3.51,Graduate
Male,25,Single,Biofuel Production Technologies,Secondary education,Yes,Yes,Yes,Yes,Yes,12.4,0.5,1.79,Dropout
Male,18,Single,Animation and Multimedia Design,Higher education - degree,No,No,No,No,No,9.4,-0.8,-3.12,Dropout
Male,19,Single,Communication Design,Secondary education,Yes,Yes,Yes,Yes,Yes,10.8,1.4,1.74,Graduate
Male,21,Single,Journalism and Communication,Secondary education,Yes,Yes,Yes,Yes,Yes,13.9,-0.3,0.79,Graduate
Male,27,Single,Management (evening attendance),Higher education - degree (1st cycle),Yes,Yes,Yes,Yes,Yes,8.9,1.4,3.51,Dropout
Male,19,Single,Management,Secondary education,Yes,Yes,Yes,Yes,Yes,7.6,2.6,0.32,Enrolled
Male,18,Single,Nursing,Secondary education,Yes,Yes,Yes,Yes,Yes,10.8,1.4,1.74,Enrolled
Male,27,Single,Advertising and Marketing Management,Higher education - degree,Yes,Yes,Yes,Yes,Yes,9.4,-0.8,-3.12,Dropout
Male,18,Single,Journalism and Communication,Secondary education,Yes,Yes,Yes,Yes,Yes,12.7,3.7,-1.7,Dropout
Male,19,Single,Equinculture,Secondary education,Yes,Yes,Yes,Yes,Yes,9.4,-0.8,-3.12,Enrolled
Male,19,Single,Agronomy,Technological specialization course,Yes,Yes,Yes,Yes,Yes,13.9,-0.3,0.79,Dropout
Male,22,Single,Agronomy,Technological specialization course,Yes,Yes,Yes,Yes,Yes,15.5,2.8,-4.06,Enrolled
Female,18,Single,Social Service,Secondary education,Yes,Yes,Yes,Yes,Yes,10.8,1.4,1.74,Graduate
Female,18,Single,Journalism and Communication,Secondary education,Yes,Yes,Yes,Yes,Yes,10.8,1.4,1.74,Graduate
Female,23,Single,Management,Secondary education,Yes,Yes,Yes,Yes,Yes,9.4,-0.8,-3.12,Dropout
Male,20,Single,Animation and Multimedia Design,Secondary education,No,No,No,No,No,9.4,-0.8,-3.12,Dropout
Male,18,Single,Journalism and Communication,Secondary education,Yes,Yes,Yes,Yes,Yes,16.2,0.3,-0.92,Graduate
Male,18,Single,Journalism and Communication,Secondary education,Yes,Yes,Yes,Yes,Yes,12.4,0.5,1.79,Graduate
Male,18,Single,Informatics Engineering,Secondary education,Yes,Yes,Yes,Yes,Yes,8.9,1.4,3.51,Enrolled
Male,20,Single,Journalism and Communication,Secondary education,Yes,Yes,Yes,Yes,Yes,12.7,3.7,-1.7,Graduate
Male,20,Single,Journalism and Communication,Secondary education,Yes,Yes,Yes,Yes,Yes,15.5,2.8,-4.06,Graduate
Male,21,Single,Communication Design,Technological specialization course,Yes,Yes,Yes,Yes,Yes,12.4,0.5,1.79,Dropout
Male,22,Single,Animation and Multimedia Design,Secondary education,Yes,Yes,Yes,Yes,Yes,13.9,-0.3,0.79,Enrolled
Male,20,Single,Informatics Engineering,Secondary education,Yes,Yes,Yes,Yes,Yes,11.1,0.6,2.02,Dropout
Male,19,Single,Animation and Multimedia Design,Secondary education,Yes,Yes,Yes,Yes,Yes,15.5,2.8,-4.06,Enrolled
Male,19,Single,Informatics Engineering,Technological specialization course,Yes,Yes,Yes,Yes,Yes,12.4,0.5,1.79,Enrolled
Male,20,Single,Advertising and Marketing Management,Secondary education,Yes,Yes,Yes,Yes,Yes,8.9,1.4,3.51,Graduate
Male,19,Single,Veterinary Nursing,Technological specialization course,Yes,Yes,Yes,Yes,Yes,12.4,0.5,1.79,Dropout
Male,19,Single,Informatics Engineering,Secondary education,Yes,Yes,Yes,Yes,Yes,11.1,0.6,2.02,Dropout
Male,24,Single,Informatics Engineering,Secondary education,Yes,Yes,Yes,Yes,Yes,8.9,1.4,3.51,Enrolled
Male,18,Single,Advertising and Marketing Management,Secondary education,Yes,Yes,Yes,Yes,Yes,10.8,1.4,1.74,Dropout
Male,18,Single,Informatics Engineering,Secondary education,No,No,No,No,No,8.9,1.4,3.51,Enrolled
Female,18,Single,Social Service,Secondary education,Yes,Yes,Yes,Yes,Yes,8.9,1.4,3.51,Dropout
Female,18,Single,Journalism and Communication,Secondary education,Yes,Yes,Yes,Yes,Yes,8.9,1.4,3.51,Graduate
Female,21,Single,Social Service,Secondary education,Yes,Yes,Yes,Yes,Yes,12.4,0.5,1.79,Graduate
Female,18,Single,Veterinary Nursing,Secondary education,Yes,Yes,Yes,Yes,Yes,11.1,0.6,2.02,Dropout
Female,18,Single,Nursing,Secondary education,Yes,Yes,Yes,Yes,Yes,11.1,0.6,2.02,Graduate
Female,18,Single,Social Service,Secondary education,Yes,Yes,Yes,Yes,Yes,10.8,1.4,1.74,Graduate
Female,23,Single,Social Service (evening attendance),Secondary education,Yes,Yes,Yes,Yes,Yes,13.9,-0.3,0.79,Dropout
Female,21,Single,Management,Secondary education,Yes,Yes,Yes,Yes,Yes,8.9,1.4,3.51,Graduate
Female,20,Single,Social Service,Secondary education,Yes,Yes,Yes,Yes,Yes,9.4,-0.8,-3.12,Enrolled
Female,26,Single,Social Service (evening attendance),Secondary education,Yes,Yes,Yes,Yes,Yes,7.6,2.6,0.32,Dropout
Female,18,Single,Journalism and Communication,Secondary education,Yes,Yes,Yes,Yes,Yes,7.6,2.6,0.32,Enrolled
Female,18,Single,Animation and Multimedia Design,Secondary education,Yes,Yes,Yes,Yes,Yes,16.2,0.3,-0.92,Dropout
Female,19,Single,Advertising and Marketing Management,Secondary education,No,No,No,No,No,8.9,1.4,3.51,Graduate
Female,20,Single,Nursing,Secondary education,Yes,Yes,Yes,Yes,Yes,13.9,-0.3,0.79,Graduate
Female,19,Single,Journalism and Communication,Secondary education,No,No,No,No,No,16.2,0.3,-0.92,Dropout
Female,21,Single,Social Service,Technological specialization course,Yes,Yes,Yes,Yes,Yes,12.4,0.5,1.79,Enrolled
Female,33,Single,Tourism,Secondary education,Yes,Yes,Yes,Yes,Yes,10.8,1.4,1.74,Graduate
Female,18,Single,Veterinary Nursing,Secondary education,Yes,Yes,Yes,Yes,Yes,7.6,2.6,0.32,Graduate
Female,21,Single,Nursing,Frequency of higher education,Yes,Yes,Yes,Yes,Yes,7.6,2.6,0.32,Graduate
Female,19,Single,Journalism and Communication,Secondary education,Yes,Yes,Yes,Yes,Yes,8.9,1.4,3.51,Graduate
Female,33,Divorced,Basic Education,Basic education 3rd cycle (9th/10th/11th year) or equiv.,No,No,No,No,No,8.9,1.4,3.51,Enrolled
Female,18,Married,Nursing,Secondary education,Yes,Yes,Yes,Yes,Yes,15.5,2.8,-4.06,Graduate
Female,18,Single,Advertising and Marketing Management,Secondary education,Yes,Yes,Yes,Yes,Yes,11.1,0.6,2.02,Graduate
Female,20,Single,Journalism and Communication,Secondary education,Yes,Yes,Yes,Yes,Yes,11.1,0.6,2.02,Graduate
Female,20,Single,Tourism,Secondary education,No,No,No,No,No,11.1,0.6,2.02,Dropout
Female,20,Single,Social Service (evening attendance),Secondary education,Yes,Yes,Yes,Yes,Yes,10.8,1.4,1.74,Graduate
Female,19,Single,Veterinary Nursing,Secondary education,Yes,Yes,Yes,Yes,Yes,10.8,1.4,1.74,Graduate
Female,19,Single,Social Service,Secondary education,Yes,Yes,Yes,Yes,Yes,13.9,-0.3,0.79,Graduate
Female,21,Single,Social Service,Secondary education,Yes,Yes,Yes,Yes,Yes,11.1,0.6,2.02,Graduate
Female,26,Single,Veterinary Nursing,Secondary education,Yes,Yes,Yes,Yes,Yes,12.4,0.5,1.79,Enrolled
Female,21,Single,Social Service,Secondary education,Yes,Yes,Yes,Yes,Yes,16.2,0.3,-0.92,Dropout
Female,18,Single,Nursing,Secondary education,Yes,Yes,Yes,Yes,Yes,12.7,3.7,-1.7,Graduate
Female,27,De Facto Union,Basic Education,Basic education 3rd cycle (9th/10th/11th year) or equiv.,Yes,Yes,Yes,Yes,Yes,12.4,0.5,1.79,Dropout
Female,20,Single,Communication Design,Secondary education,Yes,Yes,Yes,Yes,Yes,15.5,2.8,-4.06,Graduate
Female,21,Single,Advertising and Marketing Management,Technological specialization course,Yes,Yes,Yes,Yes,Yes,16.2,0.3,-0.92,Enrolled
Female,18,Single,Oral Hygiene,Secondary education,Yes,Yes,Yes,Yes,Yes,15.5,2.8,-4.06,Graduate
Female,20,Single,Veterinary Nursing,Technological specialization course,Yes,Yes,Yes,Yes,Yes,16.2,0.3,-0.92,Enrolled
Female,18,Single,Journalism and Communication,Secondary education,Yes,Yes,Yes,Yes,Yes,11.1,0.6,2.02,Graduate
Female,20,Single,Social Service,Technological specialization course,Yes,Yes,Yes,Yes,Yes,13.9,-0.3,0.79,Graduate
Female,19,Single,Veterinary Nursing,Secondary education,Yes,Yes,Yes,Yes,Yes,12.7,3.7,-1.7,Graduate
Female,20,Single,Nursing,Secondary education,Yes,Yes,Yes,Yes,Yes,13.9,-0.3,0.79,Graduate
Female,20,Single,Management (evening attendance),Secondary education,Yes,Yes,Yes,Yes,Yes,10.8,1.4,1.74,Graduate
Female,20,Single,Veterinary Nursing,Technological specialization course,Yes,Yes,Yes,Yes,Yes,12.7,3.7,-1.7,Enrolled
Female,19,Single,Social Service,Secondary education,Yes,Yes,Yes,Yes,Yes,13.9,-0.3,0.79,Dropout
Female,18,Single,Journalism and Communication,Secondary education,Yes,Yes,Yes,Yes,Yes,8.9,1.4,3.51,Graduate
Female,18,Single,Veterinary Nursing,Secondary education,Yes,Yes,Yes,Yes,Yes,10.8,1.4,1.74,Graduate
Female,19,Single,Nursing,Secondary education,Yes,Yes,Yes,Yes,Yes,13.9,-0.3,0.79,Graduate
Female,19,Single,Nursing,Secondary education,Yes,Yes,Yes,Yes,Yes,12.4,0.5,1.79,Dropout
Male,43,Single,Agronomy,Basic education 3rd cycle (9th/10th/11th year) or equiv.,Yes,Yes,Yes,Yes,Yes,16.2,0.3,-0.92,Enrolled
Male,47,Married,Communication Design,Secondary education,Yes,Yes,Yes,Yes,Yes,9.4,-0.8,-3.12,Dropout
Male,23,Single,Management,Secondary education,No,No,No,No,No,7.6,2.6,0.32,Dropout
Female,19,Single,Social Service,Secondary education,Yes,Yes,Yes,Yes,Yes,8.9,1.4,3.51,Graduate
Female,20,Single,Nursing,Secondary education,Yes,Yes,Yes,Yes,Yes,12.7,3.7,-1.7,Graduate
Female,19,Single,Animation and Multimedia Design,Secondary education,Yes,Yes,Yes,Yes,Yes,8.9,1.4,3.51,Graduate
Female,19,Single,Veterinary Nursing,Secondary education,Yes,Yes,Yes,Yes,Yes,15.5,2.8,-4.06,Graduate
Female,19,Single,Veterinary Nursing,Technological specialization course,Yes,Yes,Yes,Yes,Yes,13.9,-0.3,0.79,Graduate
Female,39,Single,Social Service (evening attendance),Basic education 3rd cycle (9th/10th/11th year) or equiv.,Yes,Yes,Yes,Yes,Yes,11.1,0.6,2.02,Graduate
Female,20,Single,Communication Design,Secondary education,Yes,Yes,Yes,Yes,Yes,10.8,1.4,1.74,Graduate
Female,21,Single,Communication Design,Secondary education,Yes,Yes,Yes,Yes,Yes,7.6,2.6,0.32,Graduate
Female,22,Single,Social Service,Secondary education,No,No,No,No,No,9.4,-0.8,-3.12,Graduate
Female,19,Single,Journalism and Communication,Secondary education,Yes,Yes,Yes,Yes,Yes,7.6,2.6,0.32,Dropout
Female,22,Single,Advertising and Marketing Management,Secondary education,Yes,Yes,Yes,Yes,Yes,13.9,-0.3,0.79,Graduate
Female,19,Single,Basic Education,Secondary education,Yes,Yes,Yes,Yes,Yes,12.7,3.7,-1.7,Graduate
Male,18,Single,Animation and Multimedia Design,Secondary education,Yes,Yes,Yes,Yes,Yes,7.6,2.6,0.32,Dropout
Male,26,De Facto Union,Management,Secondary education,Yes,Yes,Yes,Yes,Yes,11.1,0.6,2.02,Enrolled
Male,36,Single,Management (evening attendance),Secondary education,No,No,No,No,No,12.7,3.7,-1.7,Dropout
Male,20,Single,Animation and Multimedia Design,Secondary education,Yes,Yes,Yes,Yes,Yes,12.4,0.5,1.79,Graduate
Male,30,Married,Management,Secondary education,Yes,Yes,Yes,Yes,Yes,15.5,2.8,-4.06,Dropout
Male,24,Single,Agronomy,Secondary education,Yes,Yes,Yes,Yes,Yes,15.5,2.8,-4.06,Dropout
Male,26,Single,Management,Secondary education,Yes,Yes,Yes,Yes,Yes,7.6,2.6,0.32,Dropout
Male,19,Single,Management,Secondary education,No,No,No,No,No,13.9,-0.3,0.79,Dropout
Male,34,De Facto Union,Social Service,Secondary education,Yes,Yes,Yes,Yes,Yes,12.4,0.5,1.79,Graduate
Male,33,Single,Equinculture,Secondary education,Yes,Yes,Yes,Yes,Yes,9.4,-0.8,-3.12,Enrolled
Male,19,Single,Management,Secondary education,Yes,Yes,Yes,Yes,Yes,9.4,-0.8,-3.12,Graduate
Male,26,Single,Informatics Engineering,Secondary education,No,No,No,No,No,8.9,1.4,3.51,Dropout
Male,29,Single,Advertising and Marketing Management,Secondary education,Yes,Yes,Yes,Yes,Yes,16.2,0.3,-0.92,Dropout
Male,19,Single,Informatics Engineering,Secondary education,Yes,Yes,Yes,Yes,Yes,8.9,1.4,3.51,Dropout
Male,18,Single,Animation and Multimedia Design,Secondary education,Yes,Yes,Yes,Yes,Yes,12.7,3.7,-1.7,Dropout
Male,29,Single,Management (evening attendance),Basic education 3rd cycle (9th/10th/11th year) or equiv.,No,No,No,No,No,11.1,0.6,2.02,Dropout
Male,21,Single,Tourism,Secondary education,Yes,Yes,Yes,Yes,Yes,9.4,-0.8,-3.12,Graduate
Male,19,Single,Tourism,Secondary education,Yes,Yes,Yes,Yes,Yes,10.8,1.4,1.74,Enrolled
Male,20,Single,Nursing,Secondary education,Yes,Yes,Yes,Yes,Yes,15.5,2.8,-4.06,Graduate
Male,18,Single,Veterinary Nursing,Secondary education,Yes,Yes,Yes,Yes,Yes,7.6,2.6,0.32,Dropout
Male,18,Single,Communication Design,Secondary education,Yes,Yes,Yes,Yes,Yes,15.5,2.8,-4.06,Enrolled
Male,21,Single,Management,Secondary education,Yes,Yes,Yes,Yes,Yes,10.8,1.4,1.74,Enrolled
Male,20,Single,Management,Secondary education,Yes,Yes,Yes,Yes,Yes,8.9,1.4,3.51,Dropout
Male,30,Single,Informatics Engineering,Secondary education,Yes,Yes,Yes,Yes,Yes,12.7,3.7,-1.7,Dropout
Male,19,Single,Advertising and Marketing Management,Secondary education,Yes,Yes,Yes,Yes,Yes,13.9,-0.3,0.79,Graduate
Male,30,Single,Management,Secondary education,Yes,Yes,Yes,Yes,Yes,8.9,1.4,3.51,Dropout
Male,22,Single,Management,Secondary education,Yes,Yes,Yes,Yes,Yes,12.7,3.7,-1.7,Graduate
Male,22,Single,Animation and Multimedia Design,Secondary education,Yes,Yes,Yes,Yes,Yes,12.4,0.5,1.79,Graduate
Male,19,Single,Communication Design,Secondary education,No,No,No,No,No,11.1,0.6,2.02,Dropout
Male,21,Single,Advertising and Marketing Management,Secondary education,Yes,Yes,Yes,Yes,Yes,7.6,2.6,0.32,Dropout
Male,21,Single,Veterinary Nursing,Secondary education,Yes,Yes,Yes,Yes,Yes,7.6,2.6,0.32,Graduate
Male,21,Single,Animation and Multimedia Design,Technological specialization course,Yes,Yes,Yes,Yes,Yes,15.5,2.8,-4.06,Dropout
Male,27,Single,Management,Secondary education,Yes,Yes,Yes,Yes,Yes,15.5,2.8,-4.06,Dropout
Male,32,Single,Biofuel Production Technologies,Secondary education,Yes,Yes,Yes,Yes,Yes,13.9,-0.3,0.79,Dropout
Male,40,Single,Advertising and Marketing Management,Other - 11th year of schooling,No,No,No,No,No,15.5,2.8,-4.06,Dropout
Male,20,Single,Management,Secondary education,Yes,Yes,Yes,Yes,Yes,7.6,2.6,0.32,Enrolled
Male,20,Single,Equinculture,Technological specialization course,Yes,Yes,Yes,Yes,Yes,12.7,3.7,-1.7,Dropout
Male,18,Single,Animation and Multimedia Design,Secondary education,Yes,Yes,Yes,Yes,Yes,7.6,2.6,0.32,Graduate
Male,21,Single,Management,Secondary education,Yes,Yes,Yes,Yes,Yes,12.7,3.7,-1.7,Dropout
Male,18,Single,Advertising and Marketing Management,Secondary education,Yes,Yes,Yes,Yes,Yes,12.7,3.7,-1.7,Dropout
Male,19,Single,Agronomy,Secondary education,Yes,Yes,Yes,Yes,Yes,16.2,0.3,-0.92,Enrolled
Male,30,De Facto Union,Communication Design,Higher education - degree,No,No,No,No,No,15.5,2.8,-4.06,Dropout
Male,29,Single,Agronomy,Other - 11th year of schooling,Yes,Yes,Yes,Yes,Yes,15.5,2.8,-4.06,Dropout
Male,18,Single,Informatics Engineering,Secondary education,Yes,Yes,Yes,Yes,Yes,7.6,2.6,0.32,Dropout
Male,18,Single,Advertising and Marketing Management,Secondary education,Yes,Yes,Yes,Yes,Yes,9.4,-0.8,-3.12,Dropout
Male,22,Single,Agronomy,Technological specialization course,Yes,Yes,Yes,Yes,Yes,15.5,2.8,-4.06,Dropout
Male,27,Single,Management (evening attendance),Secondary education,No,No,No,No,No,12.7,3.7,-1.7,Dropout
Male,20,Single,Advertising and Marketing Management,Secondary education,Yes,Yes,Yes,Yes,Yes,10.8,1.4,1.74,Graduate
Male,42,Single,Social Service (evening attendance),Higher education - bachelor's degree,Yes,Yes,Yes,Yes,Yes,11.1,0.6,2.02,Graduate
Male,21,Single,Agronomy,Secondary education,Yes,Yes,Yes,Yes,Yes,15.5,2.8,-4.06,Graduate
Male,23,Single,Nursing,Secondary education,Yes,Yes,Yes,Yes,Yes,16.2,0.3,-0.92,Graduate
Male,21,Single,Communication Design,Secondary education,Yes,Yes,Yes,Yes,Yes,8.9,1.4,3.51,Dropout
Male,19,Single,Animation and Multimedia Design,Secondary education,Yes,Yes,Yes,Yes,Yes,12.7,3.7,-1.7,Graduate
Male,40,Married,Social Service,Secondary education,Yes,Yes,Yes,Yes,Yes,8.9,1.4,3.51,Dropout
Male,22,Single,Management,Secondary education,Yes,Yes,Yes,Yes,Yes,12.7,3.7,-1.7,Dropout
Male,19,Single,Nursing,Secondary education,Yes,Yes,Yes,Yes,Yes,7.6,2.6,0.32,Graduate
Male,24,Single,Informatics Engineering,Secondary education,Yes,Yes,Yes,Yes,Yes,12.7,3.7,-1.7,Enrolled
Male,21,Single,Tourism,Secondary education,Yes,Yes,Yes,Yes,Yes,12.7,3.7,-1.7,Enrolled
Male,18,Single,Informatics Engineering,Secondary education,Yes,Yes,Yes,Yes,Yes,8.9,1.4,3.51,Graduate
Male,18,Single,Informatics Engineering,Secondary education,Yes,Yes,Yes,Yes,Yes,7.6,2.6,0.32,Dropout
Male,24,Single,Advertising and Marketing Management,Secondary education,Yes,Yes,Yes,Yes,Yes,11.1,0.6,2.02,Dropout
Male,28,Single,Informatics Engineering,Secondary education,Yes,Yes,Yes,Yes,Yes,9.4,-0.8,-3.12,Enrolled
Female,19,Single,Advertising and Marketing Management,Secondary education,Yes,Yes,Yes,Yes,Yes,12.4,0.5,1.79,Graduate
Female,28,Single,Veterinary Nursing,Higher education - degree (1st cycle),Yes,Yes,Yes,Yes,Yes,11.1,0.6,2.02,Enrolled
Female,18,Single,Basic Education,Secondary education,Yes,Yes,Yes,Yes,Yes,7.6,2.6,0.32,Dropout
Female,19,Single,Animation and Multimedia Design,Secondary education,No,No,No,No,No,16.2,0.3,-0.92,Graduate
Female,19,Single,Nursing,Secondary education,Yes,Yes,Yes,Yes,Yes,9.4,-0.8,-3.12,Graduate
Female,21,Single,Equinculture,Secondary education,Yes,Yes,Yes,Yes,Yes,10.8,1.4,1.74,Graduate
Female,18,Single,Nursing,Secondary education,Yes,Yes,Yes,Yes,Yes,13.9,-0.3,0.79,Dropout
Female,19,Single,Communication Design,Secondary education,Yes,Yes,Yes,Yes,Yes,9.4,-0.8,-3.12,Graduate
Female,19,Single,Nursing,Secondary education,Yes,Yes,Yes,Yes,Yes,10.8,1.4,1.74,Graduate
Female,20,Single,Communication Design,Secondary education,Yes,Yes,Yes,Yes,Yes,15.5,2.8,-4.06,Graduate
Female,18,Single,Journalism and Communication,Secondary education,Yes,Yes,Yes,Yes,Yes,12.7,3.7,-1.7,Graduate
Female,20,Single,Nursing,Frequency of higher education,Yes,Yes,Yes,Yes,Yes,7.6,2.6,0.32,Graduate
Female,26,Single,Veterinary Nursing,Basic education 3rd cycle (9th/10th/11th year) or equiv.,Yes,Yes,Yes,Yes,Yes,10.8,1.4,1.74,Dropout
Female,18,Single,Nursing,Secondary education,Yes,Yes,Yes,Yes,Yes,13.9,-0.3,0.79,Dropout
Female,58,Single,Social Service (evening attendance),Secondary education,Yes,Yes,Yes,Yes,Yes,9.4,-0.8,-3.12,Graduate
Female,18,Single,Nursing,Secondary education,Yes,Yes,Yes,Yes,Yes,15.5,2.8,-4.06,Graduate
Female,20,Single,Veterinary Nursing,Secondary education,Yes,Yes,Yes,Yes,Yes,12.4,0.5,1.79,Enrolled
Female,20,Single,Management (evening attendance),Secondary education,Yes,Yes,Yes,Yes,Yes,11.1,0.6,2.02,Dropout
Female,29,Single,Management,Secondary education,Yes,Yes,Yes,Yes,Yes,9.4,-0.8,-3.12,Graduate
Female,27,Single,Social Service,Higher education - degree,No,No,No,No,No,16.2,0.3,-0.92,Dropout
Female,21,Single,Veterinary Nursing,Secondary education,Yes,Yes,Yes,Yes,Yes,11.1,0.6,2.02,Graduate
Female,20,Single,Social Service,Secondary education,Yes,Yes,Yes,Yes,Yes,15.5,2.8,-4.06,Graduate
Female,19,Single,Social Service,Secondary education,Yes,Yes,Yes,Yes,Yes,11.1,0.6,2.02,Graduate
Female,22,Single,Nursing,Secondary education,Yes,Yes,Yes,Yes,Yes,11.1,0.6,2.02,Graduate
Female,19,Single,Communication Design,Secondary education,Yes,Yes,Yes,Yes,Yes,15.5,2.8,-4.06,Graduate
Female,19,Single,Journalism and Communication,Secondary education,No,No,No,No,No,12.4,0.5,1.79,Dropout
Female,23,Single,Basic Education,Secondary education,Yes,Yes,Yes,Yes,Yes,7.6,2.6,0.32,Enrolled
Female,18,Single,Journalism and Communication,Secondary education,Yes,Yes,Yes,Yes,Yes,12.4,0.5,1.79,Dropout
Female,19,Single,Equinculture,Technological specialization course,Yes,Yes,Yes,Yes,Yes,12.7,3.7,-1.7,Dropout
Female,20,Single,Agronomy,Technological specialization course,Yes,Yes,Yes,Yes,Yes,12.4,0.5,1.79,Graduate
Female,19,Single,Social Service,Secondary education,Yes,Yes,Yes,Yes,Yes,11.1,0.6,2.02,Graduate
Female,26,Single,Veterinary Nursing,Basic education 3rd cycle (9th/10th/11th year) or equiv.,No,No,No,No,No,13.9,-0.3,0.79,Dropout
Female,18,Single,Social Service,Secondary education,Yes,Yes,Yes,Yes,Yes,11.1,0.6,2.02,Graduate
Female,29,Single,Veterinary Nursing,Secondary education,Yes,Yes,Yes,Yes,Yes,12.7,3.7,-1.7,Dropout
Female,20,Single,Agronomy,Technological specialization course,No,No,No,No,No,16.2,0.3,-0.92,Graduate
Female,19,Single,Communication Design,Secondary education,Yes,Yes,Yes,Yes,Yes,15.5,2.8,-4.06,Graduate
Female,23,Single,Veterinary Nursing,Technological specialization course,Yes,Yes,Yes,Yes,Yes,12.4,0.5,1.79,Enrolled
Female,25,Single,Oral Hygiene,Secondary education,Yes,Yes,Yes,Yes,Yes,10.8,1.4,1.74,Enrolled
Female,18,Single,Nursing,Secondary education,Yes,Yes,Yes,Yes,Yes,10.8,1.4,1.74,Graduate
Female,19,Single,Communication Design,Secondary education,Yes,Yes,Yes,Yes,Yes,9.4,-0.8,-3.12,Graduate
Female,18,Single,Basic Education,Secondary education,Yes,Yes,Yes,Yes,Yes,12.4,0.5,1.79,Graduate
Female,19,Single,Nursing,Secondary education,Yes,Yes,Yes,Yes,Yes,12.4,0.5,1.79,Enrolled
Female,36,Single,Social Service (evening attendance),Higher education - degree (1st cycle),Yes,Yes,Yes,Yes,Yes,8.9,1.4,3.51,Dropout
Male,20,Single,Agronomy,Technological specialization course,Yes,Yes,Yes,Yes,Yes,15.5,2.8,-4.06,Enrolled
Male,20,Single,Animation and Multimedia Design,Secondary education,Yes,Yes,Yes,Yes,Yes,11.1,0.6,2.02,Dropout
Male,18,Single,Social Service,Secondary education,Yes,Yes,Yes,Yes,Yes,11.1,0.6,2.02,Dropout
Male,19,Single,Agronomy,Technological specialization course,Yes,Yes,Yes,Yes,Yes,12.4,0.5,1.79,Enrolled
Male,20,Single,Social Service,Secondary education,No,No,No,No,No,8.9,1.4,3.51,Dropout
Male,18,Single,Nursing,Secondary education,Yes,Yes,Yes,Yes,Yes,15.5,2.8,-4.06,Graduate
Male,20,Single,Equinculture,Technological specialization course,Yes,Yes,Yes,Yes,Yes,12.4,0.5,1.79,Dropout
Male,24,Single,Informatics Engineering,Secondary education,No,No,No,No,No,9.4,-0.8,-3.12,Dropout
Male,19,Single,Journalism and Communication,Secondary education,Yes,Yes,Yes,Yes,Yes,8.9,1.4,3.51,Dropout
Male,18,Single,Informatics Engineering,Secondary education,Yes,Yes,Yes,Yes,Yes,7.6,2.6,0.32,Dropout
Male,18,Single,Informatics Engineering,Secondary education,Yes,Yes,Yes,Yes,Yes,8.9,1.4,3.51,Graduate
Male,18,Single,Tourism,Secondary education,Yes,Yes,Yes,Yes,Yes,8.9,1.4,3.51,Graduate
Male,22,Single,Advertising and Marketing Management,Secondary education,Yes,Yes,Yes,Yes,Yes,16.2,0.3,-0.92,Dropout
Male,19,Single,Advertising and Marketing Management,Secondary education,Yes,Yes,Yes,Yes,Yes,11.1,0.6,2.02,Graduate
Female,32,Married,Veterinary Nursing,Other - 11th year of schooling,No,No,No,No,No,13.9,-0.3,0.79,Dropout
Female,21,Single,Basic Education,Secondary education,Yes,Yes,Yes,Yes,Yes,7.6,2.6,0.32,Dropout
Female,19,Single,Nursing,Secondary education,Yes,Yes,Yes,Yes,Yes,12.7,3.7,-1.7,Graduate
Female,39,Divorced,Social Service (evening attendance),Secondary education,Yes,Yes,Yes,Yes,Yes,12.7,3.7,-1.7,Graduate
Female,30,Single,Social Service (evening attendance),11th year of schooling - not completed,Yes,Yes,Yes,Yes,Yes,7.6,2.6,0.32,Graduate
Female,18,Single,Management,Secondary education,Yes,Yes,Yes,Yes,Yes,9.4,-0.8,-3.12,Dropout
Female,38,Married,Management (evening attendance),Secondary education,Yes,Yes,Yes,Yes,Yes,7.6,2.6,0.32,Dropout
Female,20,Single,Communication Design,Secondary education,Yes,Yes,Yes,Yes,Yes,9.4,-0.8,-3.12,Graduate
Female,55,Single,Social Service (evening attendance),Basic education 3rd cycle (9th/10th/11th year) or equiv.,Yes,Yes,Yes,Yes,Yes,7.6,2.6,0.32,Graduate
Female,53,Divorced,Communication Design,Higher education - bachelor's degree,Yes,Yes,Yes,Yes,Yes,7.6,2.6,0.32,Dropout
Female,54,Married,Social Service (evening attendance),Secondary education,Yes,Yes,Yes,Yes,Yes,7.6,2.6,0.32,Dropout
Female,18,Single,Nursing,Secondary education,Yes,Yes,Yes,Yes,Yes,7.6,2.6,0.32,Enrolled
Female,44,Single,Social Service (evening attendance),Secondary education,No,No,No,No,No,8.9,1.4,3.51,Dropout
Female,28,Single,Social Service,Secondary education,Yes,Yes,Yes,Yes,Yes,10.8,1.4,1.74,Graduate
Female,37,Single,Social Service (evening attendance),Higher education - master (2nd cycle),Yes,Yes,Yes,Yes,Yes,8.9,1.4,3.51,Graduate
Female,20,Single,Social Service,Secondary education,Yes,Yes,Yes,Yes,Yes,7.6,2.6,0.32,Graduate
Female,18,Single,Nursing,Secondary education,Yes,Yes,Yes,Yes,Yes,15.5,2.8,-4.06,Enrolled
Male,19,Single,Social Service,Secondary education,Yes,Yes,Yes,Yes,Yes,8.9,1.4,3.51,Dropout
Male,23,Single,Agronomy,Secondary education,Yes,Yes,Yes,Yes,Yes,15.5,2.8,-4.06,Graduate
Male,22,Single,Social Service,Secondary education,Yes,Yes,Yes,Yes,Yes,13.9,-0.3,0.79,Dropout
Male,24,Single,Tourism,Secondary education,No,No,No,No,No,11.1,0.6,2.02,Dropout
Male,22,Single,Agronomy,Technological specialization course,Yes,Yes,Yes,Yes,Yes,12.4,0.5,1.79,Enrolled
Male,26,Single,Agronomy,Secondary education,Yes,Yes,Yes,Yes,Yes,13.9,-0.3,0.79,Dropout
Male,18,Single,Journalism and Communication,Secondary education,Yes,Yes,Yes,Yes,Yes,9.4,-0.8,-3.12,Graduate
Male,24,Single,Equinculture,Technological specialization course,Yes,Yes,Yes,Yes,Yes,11.1,0.6,2.02,Dropout
Male,18,Single,Informatics Engineering,Secondary education,Yes,Yes,Yes,Yes,Yes,10.8,1.4,1.74,Enrolled
Male,26,Single,Animation and Multimedia Design,Secondary education,Yes,Yes,Yes,Yes,Yes,11.1,0.6,2.02,Dropout
Male,27,Single,Tourism,Basic education 3rd cycle (9th/10th/11th year) or equiv.,Yes,Yes,Yes,Yes,Yes,16.2,0.3,-0.92,Dropout
Male,20,Single,Agronomy,Technological specialization course,Yes,Yes,Yes,Yes,Yes,12.4,0.5,1.79,Graduate
Male,19,Single,Informatics Engineering,Secondary education,Yes,Yes,Yes,Yes,Yes,7.6,2.6,0.32,Dropout
Male,18,Single,Veterinary Nursing,Secondary education,Yes,Yes,Yes,Yes,Yes,11.1,0.6,2.02,Dropout
Male,18,Single,Nursing,Secondary education,Yes,Yes,Yes,Yes,Yes,10.8,1.4,1.74,Graduate
Male,19,Single,Advertising and Marketing Management,Secondary education,Yes,Yes,Yes,Yes,Yes,10.8,1.4,1.74,Enrolled
Male,34,Single,Communication Design,Secondary education,Yes,Yes,Yes,Yes,Yes,7.6,2.6,0.32,Enrolled
Male,19,Single,Social Service,Secondary education,Yes,Yes,Yes,Yes,Yes,16.2,0.3,-0.92,Dropout
Male,19,Single,Journalism and Communication,Secondary education,Yes,Yes,Yes,Yes,Yes,9.4,-0.8,-3.12,Graduate
Male,30,Married,Agronomy,Secondary education,Yes,Yes,Yes,Yes,Yes,15.5,2.8,-4.06,Dropout
Male,22,Single,Journalism and Communication,Secondary education,No,No,No,No,No,10.8,1.4,1.74,Dropout
Male,19,Single,Management,Secondary education,No,No,No,No,No,15.5,2.8,-4.06,Dropout
Male,21,Single,Management,Secondary education,Yes,Yes,Yes,Yes,Yes,7.6,2.6,0.32,Dropout
Male,22,Single,Animation and Multimedia Design,Secondary education,No,No,No,No,No,7.6,2.6,0.32,Dropout
Male,19,Single,Tourism,Secondary education,Yes,Yes,Yes,Yes,Yes,10.8,1.4,1.74,Enrolled
Male,20,Single,Social Service,Secondary education,Yes,Yes,Yes,Yes,Yes,15.5,2.8,-4.06,Enrolled
Male,35,Single,Agronomy,Basic education 3rd cycle (9th/10th/11th year) or equiv.,Yes,Yes,Yes,Yes,Yes,13.9,-0.3,0.79,Dropout
Male,20,Single,Management,Secondary education,Yes,Yes,Yes,Yes,Yes,7.6,2.6,0.32,Dropout
Male,21,Single,Equinculture,Secondary education,Yes,Yes,Yes,Yes,Yes,7.6,2.6,0.32,Graduate
Male,27,Single,Veterinary Nursing,Other - 11th year of schooling,No,No,No,No,No,7.6,2.6,0.32,Dropout
Male,26,Single,Journalism and Communication,Secondary education,No,No,No,No,No,9.4,-0.8,-3.12,Dropout
Male,20,Single,Journalism and Communication,Secondary education,No,No,No,No,No,10.8,1.4,1.74,Dropout
Male,28,Single,Agronomy,Secondary education,No,No,No,No,No,15.5,2.8,-4.06,Dropout
Male,19,Single,Journalism and Communication,Secondary education,Yes,Yes,Yes,Yes,Yes,11.1,0.6,2.02,Graduate
Male,47,Single,Management (evening attendance),Secondary education,No,No,No,No,No,12.7,3.7,-1.7,Dropout
Male,55,Divorced,Journalism and Communication,Other - 11th year of schooling,No,No,No,No,No,10.8,1.4,1.74,Dropout
Male,39,Single,Agronomy,Secondary education,Yes,Yes,Yes,Yes,Yes,16.2,0.3,-0.92,Dropout
Male,35,Married,Agronomy,Secondary education,Yes,Yes,Yes,Yes,Yes,15.5,2.8,-4.06,Dropout
Male,32,Single,Social Service,Secondary education,No,No,No,No,No,7.6,2.6,0.32,Dropout
Male,20,Single,Journalism and Communication,Secondary education,Yes,Yes,Yes,Yes,Yes,8.9,1.4,3.51,Graduate
Male,36,Single,Tourism,Secondary education,Yes,Yes,Yes,Yes,Yes,12.7,3.7,-1.7,Graduate
Male,34,Single,Management (evening attendance),Basic education 3rd cycle (9th/10th/11th year) or equiv.,Yes,Yes,Yes,Yes,Yes,16.2,0.3,-0.92,Graduate
Male,21,Single,Advertising and Marketing Management,Secondary education,Yes,Yes,Yes,Yes,Yes,9.4,-0.8,-3.12,Dropout
Male,42,Single,Management (evening attendance),Secondary education,Yes,Yes,Yes,Yes,Yes,13.9,-0.3,0.79,Dropout
Male,25,Single,Agronomy,Basic education 3rd cycle (9th/10th/11th year) or equiv.,Yes,Yes,Yes,Yes,Yes,12.4,0.5,1.79,Dropout
Male,18,Single,Journalism and Communication,Secondary education,Yes,Yes,Yes,Yes,Yes,8.9,1.4,3.51,Dropout
Male,18,Single,Journalism and Communication,Secondary education,Yes,Yes,Yes,Yes,Yes,12.7,3.7,-1.7,Graduate
Male,19,Single,Social Service,Secondary education,Yes,Yes,Yes,Yes,Yes,7.6,2.6,0.32,Graduate
Male,34,Single,Veterinary Nursing,Secondary education,No,No,No,No,No,13.9,-0.3,0.79,Dropout
Male,20,Single,Journalism and Communication,Secondary education,Yes,Yes,Yes,Yes,Yes,10.8,1.4,1.74,Dropout
Male,20,Single,Nursing,Secondary education,Yes,Yes,Yes,Yes,Yes,13.9,-0.3,0.79,Dropout
Male,21,Single,Nursing,Secondary education,Yes,Yes,Yes,Yes,Yes,10.8,1.4,1.74,Graduate
Male,19,Single,Agronomy,Technological specialization course,Yes,Yes,Yes,Yes,Yes,12.4,0.5,1.79,Graduate
Male,31,Single,Veterinary Nursing,Secondary education,No,No,No,No,No,9.4,-0.8,-3.12,Dropout
Male,21,Single,Advertising and Marketing Management,Secondary education,Yes,Yes,Yes,Yes,Yes,11.1,0.6,2.02,Graduate
Male,20,Single,Management,Secondary education,Yes,Yes,Yes,Yes,Yes,13.9,-0.3,0.79,Graduate
Male,22,Single,Nursing,Frequency of higher education,Yes,Yes,Yes,Yes,Yes,7.6,2.6,0.32,Graduate
Male,19,Single,Communication Design,Secondary education,No,No,No,No,No,9.4,-0.8,-3.12,Dropout
Male,41,Single,Equinculture,Secondary education,No,No,No,No,No,12.7,3.7,-1.7,Dropout
Male,27,Single,Nursing,Basic education 3rd cycle (9th/10th/11th year) or equiv.,Yes,Yes,Yes,Yes,Yes,7.6,2.6,0.32,Dropout
Female,19,Single,Nursing,Secondary education,Yes,Yes,Yes,Yes,Yes,13.9,-0.3,0.79,Dropout
Female,20,Single,Nursing,Secondary education,Yes,Yes,Yes,Yes,Yes,9.4,-0.8,-3.12,Graduate
Female,19,Single,Nursing,Frequency of higher education,Yes,Yes,Yes,Yes,Yes,7.6,2.6,0.32,Graduate
Female,35,Married,Management (evening attendance),Secondary education,Yes,Yes,Yes,Yes,Yes,15.5,2.8,-4.06,Graduate
Female,22,Single,Journalism and Communication,Secondary education,Yes,Yes,Yes,Yes,Yes,13.9,-0.3,0.79,Graduate
Female,20,Single,Tourism,Secondary education,Yes,Yes,Yes,Yes,Yes,11.1,0.6,2.02,Graduate
Female,18,Single,Advertising and Marketing Management,Secondary education,No,No,No,No,No,10.8,1.4,1.74,Dropout
Female,18,Single,Social Service,Secondary education,Yes,Yes,Yes,Yes,Yes,12.4,0.5,1.79,Graduate
Female,30,Single,Nursing,Higher education - degree,Yes,Yes,Yes,Yes,Yes,10.8,1.4,1.74,Graduate
Female,18,Single,Social Service,Secondary education,Yes,Yes,Yes,Yes,Yes,11.1,0.6,2.02,Graduate
Female,20,Single,Tourism,Secondary education,Yes,Yes,Yes,Yes,Yes,12.4,0.5,1.79,Enrolled
Female,19,Single,Social Service,Secondary education,Yes,Yes,Yes,Yes,Yes,12.4,0.5,1.79,Enrolled
Female,19,Single,Veterinary Nursing,Secondary education,Yes,Yes,Yes,Yes,Yes,7.6,2.6,0.32,Graduate
Female,21,Single,Oral Hygiene,Secondary education,Yes,Yes,Yes,Yes,Yes,15.5,2.8,-4.06,Graduate
Female,21,Single,Basic Education,Secondary education,Yes,Yes,Yes,Yes,Yes,8.9,1.4,3.51,Enrolled
Female,18,Single,Advertising and Marketing Management,Secondary education,Yes,Yes,Yes,Yes,Yes,8.9,1.4,3.51,Enrolled
Female,18,Single,Management,Secondary education,Yes,Yes,Yes,Yes,Yes,12.7,3.7,-1.7,Graduate
Female,35,Divorced,Veterinary Nursing,Secondary education,No,No,No,No,No,9.4,-0.8,-3.12,Dropout
Female,21,Single,Nursing,Secondary education,Yes,Yes,Yes,Yes,Yes,11.1,0.6,2.02,Enrolled
Male,18,Single,Nursing,Secondary education,Yes,Yes,Yes,Yes,Yes,7.6,2.6,0.32,Graduate
Male,22,Single,Communication Design,Secondary education,Yes,Yes,Yes,Yes,Yes,9.4,-0.8,-3.12,Enrolled
Male,20,Single,Nursing,Secondary education,Yes,Yes,Yes,Yes,Yes,15.5,2.8,-4.06,Graduate
Female,34,Married,Tourism,Secondary education,Yes,Yes,Yes,Yes,Yes,9.4,-0.8,-3.12,Graduate
Female,33,Married,Management,Higher education - degree,Yes,Yes,Yes,Yes,Yes,10.8,1.4,1.74,Enrolled
Female,22,Single,Nursing,Secondary education,Yes,Yes,Yes,Yes,Yes,7.6,2.6,0.32,Graduate
Female,20,Single,Tourism,Secondary education,Yes,Yes,Yes,Yes,Yes,7.6,2.6,0.32,Enrolled
Female,35,Married,Management,Secondary education,Yes,Yes,Yes,Yes,Yes,10.8,1.4,1.74,Enrolled
Female,39,Married,Management,Secondary education,No,No,No,No,No,9.4,-0.8,-3.12,Dropout
Female,19,Single,Nursing,Secondary education,No,No,No,No,No,11.1,0.6,2.02,Dropout
Female,36,Divorced,Tourism,Secondary education,Yes,Yes,Yes,Yes,Yes,10.8,1.4,1.74,Graduate
Female,21,Single,Nursing,Secondary education,Yes,Yes,Yes,Yes,Yes,12.7,3.7,-1.7,Graduate
Female,22,Single,Social Service,Secondary education,Yes,Yes,Yes,Yes,Yes,9.4,-0.8,-3.12,Enrolled
Female,42,Married,Social Service,Secondary education,Yes,Yes,Yes,Yes,Yes,11.1,0.6,2.02,Graduate
Female,34,Single,Informatics Engineering,Secondary education,Yes,Yes,Yes,Yes,Yes,10.8,1.4,1.74,Dropout
Female,20,Single,Journalism and Communication,Secondary education,Yes,Yes,Yes,Yes,Yes,7.6,2.6,0.32,Enrolled
Female,33,Married,Social Service (evening attendance),Technological specialization course,Yes,Yes,Yes,Yes,Yes,13.9,-0.3,0.79,Graduate
Female,20,Single,Tourism,Secondary education,Yes,Yes,Yes,Yes,Yes,13.9,-0.3,0.79,Graduate
Female,19,Single,Advertising and Marketing Management,Secondary education,Yes,Yes,Yes,Yes,Yes,7.6,2.6,0.32,Graduate
Female,34,Married,Management (evening attendance),Higher education - degree,Yes,Yes,Yes,Yes,Yes,16.2,0.3,-0.92,Dropout
Female,18,Single,Management,Secondary education,Yes,Yes,Yes,Yes,Yes,7.6,2.6,0.32,Graduate
Female,24,Single,Social Service (evening attendance),Secondary education,Yes,Yes,Yes,Yes,Yes,10.8,1.4,1.74,Graduate
Female,18,Single,Basic Education,Secondary education,Yes,Yes,Yes,Yes,Yes,7.6,2.6,0.32,Graduate
Female,20,Single,Advertising and Marketing Management,Secondary education,Yes,Yes,Yes,Yes,Yes,7.6,2.6,0.32,Enrolled
Female,21,Single,Nursing,Secondary education,Yes,Yes,Yes,Yes,Yes,10.8,1.4,1.74,Graduate
Female,19,Single,Social Service,Secondary education,Yes,Yes,Yes,Yes,Yes,9.4,-0.8,-3.12,Graduate
Female,19,Single,Nursing,Secondary education,Yes,Yes,Yes,Yes,Yes,15.5,2.8,-4.06,Graduate
Female,18,Single,Social Service,Secondary education,Yes,Yes,Yes,Yes,Yes,12.4,0.5,1.79,Graduate
Female,38,Divorced,Social Service (evening attendance),Secondary education,Yes,Yes,Yes,Yes,Yes,13.9,-0.3,0.79,Graduate
Male,21,Single,Animation and Multimedia Design,Secondary education,Yes,Yes,Yes,Yes,Yes,8.9,1.4,3.51,Enrolled
Male,23,Single,Management,Secondary education,Yes,Yes,Yes,Yes,Yes,15.5,2.8,-4.06,Enrolled
Female,19,Single,Nursing,Secondary education,Yes,Yes,Yes,Yes,Yes,9.4,-0.8,-3.12,Graduate
Female,18,Single,Journalism and Communication,Secondary education,No,No,No,No,No,13.9,-0.3,0.79,Dropout
Female,18,Single,Animation and Multimedia Design,Secondary education,Yes,Yes,Yes,Yes,Yes,9.4,-0.8,-3.12,Graduate
Female,24,Single,Agronomy,Secondary education,Yes,Yes,Yes,Yes,Yes,12.4,0.5,1.79,Enrolled
Female,18,Single,Journalism and Communication,Secondary education,Yes,Yes,Yes,Yes,Yes,12.7,3.7,-1.7,Graduate
Female,18,Single,Equinculture,Secondary education,Yes,Yes,Yes,Yes,Yes,13.9,-0.3,0.79,Graduate
Female,26,Single,Management (evening attendance),Higher education - degree (1st cycle),Yes,Yes,Yes,Yes,Yes,11.1,0.6,2.02,Graduate
Female,19,Single,Management,Secondary education,Yes,Yes,Yes,Yes,Yes,12.4,0.5,1.79,Enrolled
Female,19,Single,Advertising and Marketing Management,Secondary education,Yes,Yes,Yes,Yes,Yes,12.7,3.7,-1.7,Dropout
Female,19,Single,Tourism,Secondary education,Yes,Yes,Yes,Yes,Yes,16.2,0.3,-0.92,Enrolled
Female,20,Single,Equinculture,Secondary education,Yes,Yes,Yes,Yes,Yes,9.4,-0.8,-3.12,Dropout
Female,22,Single,Tourism,Secondary education,Yes,Yes,Yes,Yes,Yes,9.4,-0.8,-3.12,Enrolled
Female,19,Single,Nursing,Secondary education,Yes,Yes,Yes,Yes,Yes,11.1,0.6,2.02,Graduate
Female,20,Single,Nursing,Secondary education,Yes,Yes,Yes,Yes,Yes,12.4,0.5,1.79,Graduate
Female,36,Married,Management,Secondary education,Yes,Yes,Yes,Yes,Yes,10.8,1.4,1.74,Enrolled
Female,29,Single,Basic Education,Basic education 3rd cycle (9th/10th/11th year) or equiv.,Yes,Yes,Yes,Yes,Yes,11.1,0.6,2.02,Dropout
Female,19,Single,Social Service,Secondary education,Yes,Yes,Yes,Yes,Yes,12.7,3.7,-1.7,Graduate
Female,24,De Facto Union,Management,Secondary education,No,No,No,No,No,13.9,-0.3,0.79,Dropout
Female,27,De Facto Union,Agronomy,Secondary education,No,No,No,No,No,8.9,1.4,3.51,Dropout
Female,18,Single,Journalism and Communication,Secondary education,Yes,Yes,Yes,Yes,Yes,13.9,-0.3,0.79,Graduate
Female,18,Single,Animation and Multimedia Design,Secondary education,Yes,Yes,Yes,Yes,Yes,15.5,2.8,-4.06,Graduate
Female,21,Single,Oral Hygiene,Secondary education,Yes,Yes,Yes,Yes,Yes,12.7,3.7,-1.7,Dropout
Female,43,Married,Advertising and Marketing Management,Secondary education,Yes,Yes,Yes,Yes,Yes,12.4,0.5,1.79,Graduate
Female,18,Single,Management,Secondary education,Yes,Yes,Yes,Yes,Yes,16.2,0.3,-0.92,Graduate
Female,21,Single,Veterinary Nursing,Secondary education,Yes,Yes,Yes,Yes,Yes,8.9,1.4,3.51,Dropout
Female,26,Single,Management,Higher education - degree,Yes,Yes,Yes,Yes,Yes,9.4,-0.8,-3.12,Dropout
Female,19,Single,Nursing,Secondary education,Yes,Yes,Yes,Yes,Yes,12.7,3.7,-1.7,Graduate
Female,18,Single,Veterinary Nursing,Secondary education,Yes,Yes,Yes,Yes,Yes,7.6,2.6,0.32,Graduate
Female,22,Single,Journalism and Communication,Secondary education,Yes,Yes,Yes,Yes,Yes,9.4,-0.8,-3.12,Dropout
Female,27,Single,Nursing,Basic education 3rd cycle (9th/10th/11th year) or equiv.,Yes,Yes,Yes,Yes,Yes,11.1,0.6,2.02,Dropout
Female,18,Single,Management,Secondary education,Yes,Yes,Yes,Yes,Yes,9.4,-0.8,-3.12,Graduate
Female,19,Single,Veterinary Nursing,Secondary education,Yes,Yes,Yes,Yes,Yes,9.4,-0.8,-3.12,Graduate
Female,18,Single,Nursing,Secondary education,Yes,Yes,Yes,Yes,Yes,13.9,-0.3,0.79,Graduate
Female,19,Single,Veterinary Nursing,Secondary education,Yes,Yes,Yes,Yes,Yes,11.1,0.6,2.02,Graduate
Female,32,Single,Veterinary Nursing,Secondary education,No,No,No,No,No,11.1,0.6,2.02,Dropout
Female,23,Single,Nursing,Secondary education,Yes,Yes,Yes,Yes,Yes,15.5,2.8,-4.06,Graduate
Female,20,Single,Nursing,Secondary education,Yes,Yes,Yes,Yes,Yes,7.6,2.6,0.32,Graduate
Female,20,Single,Animation and Multimedia Design,Secondary education,Yes,Yes,Yes,Yes,Yes,8.9,1.4,3.51,Graduate
Female,19,Single,Social Service,Secondary education,No,No,No,No,No,16.2,0.3,-0.92,Dropout
Female,18,Single,Nursing,Secondary education,Yes,Yes,Yes,Yes,Yes,9.4,-0.8,-3.12,Graduate
Female,21,Single,Agronomy,Technological specialization course,Yes,Yes,Yes,Yes,Yes,15.5,2.8,-4.06,Dropout
Female,20,Single,Nursing,Secondary education,Yes,Yes,Yes,Yes,Yes,11.1,0.6,2.02,Enrolled
Female,22,Single,Veterinary Nursing,Technological specialization course,Yes,Yes,Yes,Yes,Yes,12.4,0.5,1.79,Graduate
Female,26,Single,Management (evening attendance),Technological specialization course,Yes,Yes,Yes,Yes,Yes,12.7,3.7,-1.7,Graduate
Female,20,Single,Communication Design,Secondary education,Yes,Yes,Yes,Yes,Yes,12.7,3.7,-1.7,Graduate
Female,19,Single,Nursing,Secondary education,Yes,Yes,Yes,Yes,Yes,16.2,0.3,-0.92,Graduate
Female,31,Single,Management (evening attendance),Secondary education,Yes,Yes,Yes,Yes,Yes,7.6,2.6,0.32,Graduate
Female,20,Single,Nursing,Secondary education,Yes,Yes,Yes,Yes,Yes,15.5,2.8,-4.06,Graduate
Female,20,Single,Veterinary Nursing,Secondary education,Yes,Yes,Yes,Yes,Yes,10.8,1.4,1.74,Graduate
Female,21,Single,Nursing,Secondary education,Yes,Yes,Yes,Yes,Yes,16.2,0.3,-0.92,Graduate
Female,18,Single,Nursing,Secondary education,Yes,Yes,Yes,Yes,Yes,12.4,0.5,1.79,Graduate
Female,19,Single,Nursing,Secondary education,Yes,Yes,Yes,Yes,Yes,7.6,2.6,0.32,Graduate
Female,18,Single,Basic Education,Secondary education,Yes,Yes,Yes,Yes,Yes,13.9,-0.3,0.79,Graduate
Female,40,Divorced,Journalism and Communication,Basic education 2nd cycle (6th/7th/8th year) or equiv.,Yes,Yes,Yes,Yes,Yes,16.2,0.3,-0.92,Enrolled
Female,18,Single,Social Service,Secondary education,Yes,Yes,Yes,Yes,Yes,13.9,-0.3,0.79,Graduate
Female,18,Single,Veterinary Nursing,Secondary education,Yes,Yes,Yes,Yes,Yes,8.9,1.4,3.51,Graduate
Female,19,Single,Nursing,Secondary education,Yes,Yes,Yes,Yes,Yes,15.5,2.8,-4.06,Graduate
Female,19,Single,Social Service,Secondary education,Yes,Yes,Yes,Yes,Yes,12.4,0.5,1.79,Graduate
Female,28,Single,Agronomy,Secondary education,No,No,No,No,No,8.9,1.4,3.51,Dropout
Female,20,Single,Communication Design,Secondary education,Yes,Yes,Yes,Yes,Yes,7.6,2.6,0.32,Graduate
Female,18,Single,Journalism and Communication,Secondary education,Yes,Yes,Yes,Yes,Yes,9.4,-0.8,-3.12,Graduate
Female,18,Single,Nursing,Secondary education,Yes,Yes,Yes,Yes,Yes,7.6,2.6,0.32,Graduate
Female,20,Single,Veterinary Nursing,Secondary education,Yes,Yes,Yes,Yes,Yes,9.4,-0.8,-3.12,Graduate
Female,28,Single,Social Service,Secondary education,Yes,Yes,Yes,Yes,Yes,16.2,0.3,-0.92,Graduate
Female,23,Single,Basic Education,Secondary education,Yes,Yes,Yes,Yes,Yes,8.9,1.4,3.51,Graduate
Female,19,Single,Basic Education,Secondary education,Yes,Yes,Yes,Yes,Yes,16.2,0.3,-0.92,Dropout
Female,18,Single,Social Service,Secondary education,Yes,Yes,Yes,Yes,Yes,8.9,1.4,3.51,Graduate
Female,20,Single,Journalism and Communication,Secondary education,No,No,No,No,No,10.8,1.4,1.74,Graduate
Female,20,Single,Animation and Multimedia Design,Secondary education,Yes,Yes,Yes,Yes,Yes,11.1,0.6,2.02,Graduate
Female,27,Married,Management (evening attendance),Secondary education,Yes,Yes,Yes,Yes,Yes,7.6,2.6,0.32,Dropout
Female,18,Single,Basic Education,Secondary education,Yes,Yes,Yes,Yes,Yes,12.7,3.7,-1.7,Dropout
Female,37,Divorced,Oral Hygiene,Basic education 3rd cycle (9th/10th/11th year) or equiv.,Yes,Yes,Yes,Yes,Yes,10.8,1.4,1.74,Graduate
Female,42,Divorced,Nursing,Higher education - degree (1st cycle),No,No,No,No,No,12.4,0.5,1.79,Dropout
Female,20,Single,Nursing,Secondary education,Yes,Yes,Yes,Yes,Yes,13.9,-0.3,0.79,Dropout
Male,34,Married,Informatics Engineering,Secondary education,No,No,No,No,No,15.5,2.8,-4.06,Dropout
Male,22,Single,Informatics Engineering,Secondary education,Yes,Yes,Yes,Yes,Yes,10.8,1.4,1.74,Dropout
Male,39,Married,Tourism,Basic education 3rd cycle (9th/10th/11th year) or equiv.,Yes,Yes,Yes,Yes,Yes,12.4,0.5,1.79,Graduate
Male,18,Single,Nursing,Secondary education,Yes,Yes,Yes,Yes,Yes,7.6,2.6,0.32,Graduate
Male,21,Single,Communication Design,Secondary education,Yes,Yes,Yes,Yes,Yes,8.9,1.4,3.51,Graduate
Male,34,Married,Veterinary Nursing,Secondary education,Yes,Yes,Yes,Yes,Yes,10.8,1.4,1.74,Dropout
Male,22,Single,Agronomy,Technological specialization course,Yes,Yes,Yes,Yes,Yes,16.2,0.3,-0.92,Graduate
Male,31,Single,Agronomy,Secondary education,Yes,Yes,Yes,Yes,Yes,16.2,0.3,-0.92,Dropout
Male,19,Single,Basic Education,Secondary education,No,No,No,No,No,10.8,1.4,1.74,Dropout
Male,19,Single,Tourism,Secondary education,Yes,Yes,Yes,Yes,Yes,10.8,1.4,1.74,Dropout
Male,31,Single,Oral Hygiene,Basic education 3rd cycle (9th/10th/11th year) or equiv.,Yes,Yes,Yes,Yes,Yes,15.5,2.8,-4.06,Dropout
Female,19,Single,Management,Secondary education,Yes,Yes,Yes,Yes,Yes,13.9,-0.3,0.79,Enrolled
Female,30,Married,Advertising and Marketing Management,Secondary education,Yes,Yes,Yes,Yes,Yes,9.4,-0.8,-3.12,Dropout
Female,20,Single,Nursing,Secondary education,Yes,Yes,Yes,Yes,Yes,11.1,0.6,2.02,Graduate
Female,18,Single,Nursing,Secondary education,Yes,Yes,Yes,Yes,Yes,12.4,0.5,1.79,Graduate
Female,31,Divorced,Management (evening attendance),Secondary education,Yes,Yes,Yes,Yes,Yes,10.8,1.4,1.74,Dropout
Female,19,Single,Tourism,Secondary education,Yes,Yes,Yes,Yes,Yes,7.6,2.6,0.32,Dropout
Female,43,Divorced,Social Service (evening attendance),Secondary education,Yes,Yes,Yes,Yes,Yes,8.9,1.4,3.51,Dropout
Female,20,Single,Tourism,Secondary education,Yes,Yes,Yes,Yes,Yes,13.9,-0.3,0.79,Graduate
Female,19,Single,Nursing,Secondary education,Yes,Yes,Yes,Yes,Yes,9.4,-0.8,-3.12,Graduate
Female,22,Single,Advertising and Marketing Management,Secondary education,Yes,Yes,Yes,Yes,Yes,9.4,-0.8,-3.12,Dropout
Female,26,Single,Social Service (evening attendance),Secondary education,Yes,Yes,Yes,Yes,Yes,16.2,0.3,-0.92,Graduate
Female,19,Single,Management,Secondary education,Yes,Yes,Yes,Yes,Yes,10.8,1.4,1.74,Graduate
Female,29,Single,Nursing,Higher education - degree,Yes,Yes,Yes,Yes,Yes,12.7,3.7,-1.7,Dropout
Female,20,Single,Oral Hygiene,Secondary education,Yes,Yes,Yes,Yes,Yes,8.9,1.4,3.51,Enrolled
Female,38,Divorced,Management (evening attendance),Secondary education,Yes,Yes,Yes,Yes,Yes,9.4,-0.8,-3.12,Enrolled
Female,41,Single,Agronomy,Secondary education,Yes,Yes,Yes,Yes,Yes,15.5,2.8,-4.06,Graduate
Female,19,Single,Nursing,Secondary education,Yes,Yes,Yes,Yes,Yes,12.7,3.7,-1.7,Dropout
Female,19,Single,Communication Design,Secondary education,Yes,Yes,Yes,Yes,Yes,10.8,1.4,1.74,Graduate
Female,43,Divorced,Nursing,Higher education - degree,Yes,Yes,Yes,Yes,Yes,16.2,0.3,-0.92,Dropout
Female,19,Single,Equinculture,Secondary education,Yes,Yes,Yes,Yes,Yes,10.8,1.4,1.74,Graduate
Male,19,Single,Animation and Multimedia Design,Secondary education,Yes,Yes,Yes,Yes,Yes,8.9,1.4,3.51,Enrolled
Male,18,Single,Nursing,Secondary education,Yes,Yes,Yes,Yes,Yes,9.4,-0.8,-3.12,Graduate
Male,19,Single,Animation and Multimedia Design,Secondary education,Yes,Yes,Yes,Yes,Yes,16.2,0.3,-0.92,Dropout
Male,38,Married,Social Service (evening attendance),Basic education 3rd cycle (9th/10th/11th year) or equiv.,Yes,Yes,Yes,Yes,Yes,9.4,-0.8,-3.12,Dropout
Male,37,Married,Equinculture,Higher education - bachelor's degree,Yes,Yes,Yes,Yes,Yes,16.2,0.3,-0.92,Dropout
Female,26,Single,Advertising and Marketing Management,Secondary education,Yes,Yes,Yes,Yes,Yes,10.8,1.4,1.74,Graduate
Female,21,Single,Social Service,Secondary education,Yes,Yes,Yes,Yes,Yes,12.7,3.7,-1.7,Enrolled
Female,18,Single,Veterinary Nursing,Secondary education,Yes,Yes,Yes,Yes,Yes,8.9,1.4,3.51,Graduate
Female,18,Single,Basic Education,Secondary education,Yes,Yes,Yes,Yes,Yes,16.2,0.3,-0.92,Graduate
Female,18,Single,Veterinary Nursing,Secondary education,Yes,Yes,Yes,Yes,Yes,9.4,-0.8,-3.12,Graduate
Female,19,Single,Social Service,Secondary education,Yes,Yes,Yes,Yes,Yes,15.5,2.8,-4.06,Graduate
Female,18,Single,Journalism and Communication,Secondary education,Yes,Yes,Yes,Yes,Yes,11.1,0.6,2.02,Graduate
Female,18,Single,Nursing,Secondary education,Yes,Yes,Yes,Yes,Yes,12.7,3.7,-1.7,Enrolled
Female,19,Single,Social Service,Secondary education,Yes,Yes,Yes,Yes,Yes,8.9,1.4,3.51,Graduate
Female,19,Single,Nursing,Secondary education,Yes,Yes,Yes,Yes,Yes,16.2,0.3,-0.92,Dropout
Female,18,Single,Tourism,Secondary education,Yes,Yes,Yes,Yes,Yes,12.7,3.7,-1.7,Graduate
Female,18,Married,Nursing,Secondary education,Yes,Yes,Yes,Yes,Yes,12.7,3.7,-1.7,Graduate
Female,20,Single,Nursing,Secondary education,Yes,Yes,Yes,Yes,Yes,10.8,1.4,1.74,Graduate
Female,22,Single,Oral Hygiene,Professional higher technical course,Yes,Yes,Yes,Yes,Yes,8.9,1.4,3.51,Graduate
Female,18,Single,Equinculture,Secondary education,Yes,Yes,Yes,Yes,Yes,7.6,2.6,0.32,Dropout
Female,19,Single,Tourism,Secondary education,Yes,Yes,Yes,Yes,Yes,12.4,0.5,1.79,Graduate
Female,20,Single,Tourism,Secondary education,No,No,No,No,No,7.6,2.6,0.32,Dropout
Female,19,Single,Communication Design,Secondary education,Yes,Yes,Yes,Yes,Yes,10.8,1.4,1.74,Enrolled
Female,20,Single,Journalism and Communication,Secondary education,Yes,Yes,Yes,Yes,Yes,8.9,1.4,3.51,Graduate
Female,28,Single,Veterinary Nursing,Secondary education,Yes,Yes,Yes,Yes,Yes,11.1,0.6,2.02,Dropout
Female,19,Single,Veterinary Nursing,Secondary education,Yes,Yes,Yes,Yes,Yes,12.4,0.5,1.79,Graduate
Female,22,Single,Agronomy,Technological specialization course,Yes,Yes,Yes,Yes,Yes,15.5,2.8,-4.06,Enrolled
Female,19,Single,Veterinary Nursing,Secondary education,Yes,Yes,Yes,Yes,Yes,15.5,2.8,-4.06,Graduate
Female,18,Single,Journalism and Communication,Secondary education,No,No,No,No,No,13.9,-0.3,0.79,Dropout
Female,18,Single,Equinculture,Secondary education,Yes,Yes,Yes,Yes,Yes,8.9,1.4,3.51,Graduate
Female,22,Single,Equinculture,Secondary education,Yes,Yes,Yes,Yes,Yes,12.7,3.7,-1.7,Graduate
Female,20,Single,Veterinary Nursing,Professional higher technical course,Yes,Yes,Yes,Yes,Yes,8.9,1.4,3.51,Graduate
Female,24,Single,Management (evening attendance),Secondary education,Yes,Yes,Yes,Yes,Yes,16.2,0.3,-0.92,Graduate
Female,22,Single,Animation and Multimedia Design,Secondary education,Yes,Yes,Yes,Yes,Yes,11.1,0.6,2.02,Enrolled
Female,20,Single,Social Service (evening attendance),Secondary education,Yes,Yes,Yes,Yes,Yes,12.7,3.7,-1.7,Enrolled
Female,20,Single,Oral Hygiene,Secondary education,Yes,Yes,Yes,Yes,Yes,12.7,3.7,-1.7,Graduate
Female,35,Married,Social Service (evening attendance),Higher education - degree,No,No,No,No,No,10.8,1.4,1.74,Dropout
Female,18,Single,Advertising and Marketing Management,Secondary education,Yes,Yes,Yes,Yes,Yes,9.4,-0.8,-3.12,Graduate
Female,19,Single,Social Service,Secondary education,Yes,Yes,Yes,Yes,Yes,9.4,-0.8,-3.12,Graduate
Female,18,Single,Nursing,Secondary education,Yes,Yes,Yes,Yes,Yes,16.2,0.3,-0.92,Graduate
Female,18,Single,Tourism,Secondary education,Yes,Yes,Yes,Yes,Yes,7.6,2.6,0.32,Dropout
Female,31,Married,Social Service,Basic education 3rd cycle (9th/10th/11th year) or equiv.,Yes,Yes,Yes,Yes,Yes,9.4,-0.8,-3.12,Enrolled
Female,19,Single,Social Service,Secondary education,Yes,Yes,Yes,Yes,Yes,15.5,2.8,-4.06,Graduate
Female,20,Single,Nursing,Secondary education,Yes,Yes,Yes,Yes,Yes,15.5,2.8,-4.06,Graduate
Female,21,Single,Veterinary Nursing,Secondary education,Yes,Yes,Yes,Yes,Yes,15.5,2.8,-4.06,Dropout
Female,18,Single,Nursing,Secondary education,Yes,Yes,Yes,Yes,Yes,12.7,3.7,-1.7,Graduate
Female,18,Single,Communication Design,Secondary education,Yes,Yes,Yes,Yes,Yes,9.4,-0.8,-3.12,Dropout
Female,33,Married,Management (evening attendance),Secondary education,Yes,Yes,Yes,Yes,Yes,10.8,1.4,1.74,Graduate
Female,18,Single,Advertising and Marketing Management,Secondary education,Yes,Yes,Yes,Yes,Yes,12.4,0.5,1.79,Enrolled
Female,18,Single,Animation and Multimedia Design,Secondary education,No,No,No,No,No,12.7,3.7,-1.7,Dropout
Female,21,Single,Veterinary Nursing,Secondary education,Yes,Yes,Yes,Yes,Yes,10.8,1.4,1.74,Enrolled
Female,19,Single,Tourism,Secondary education,Yes,Yes,Yes,Yes,Yes,10.8,1.4,1.74,Enrolled
Female,28,Single,Management (evening attendance),Higher education - degree,Yes,Yes,Yes,Yes,Yes,16.2,0.3,-0.92,Graduate
Female,29,Married,Management,Secondary education,No,No,No,No,No,12.7,3.7,-1.7,Dropout
Female,36,Single,Equinculture,Technological specialization course,No,No,No,No,No,12.4,0.5,1.79,Dropout
Female,32,Single,Social Service (evening attendance),Basic education 3rd cycle (9th/10th/11th year) or equiv.,Yes,Yes,Yes,Yes,Yes,12.7,3.7,-1.7,Graduate
Female,25,Single,Nursing,Secondary education,Yes,Yes,Yes,Yes,Yes,9.4,-0.8,-3.12,Enrolled
Female,33,Married,Management (evening attendance),Secondary education,Yes,Yes,Yes,Yes,Yes,7.6,2.6,0.32,Enrolled
Female,34,Married,Social Service (evening attendance),10th year of schooling,No,No,No,No,No,9.4,-0.8,-3.12,Dropout
Female,33,Married,Social Service (evening attendance),Secondary education,Yes,Yes,Yes,Yes,Yes,7.6,2.6,0.32,Graduate
Female,29,Single,Management (evening attendance),Secondary education,No,No,No,No,No,16.2,0.3,-0.92,Dropout
Female,18,Single,Nursing,Secondary education,Yes,Yes,Yes,Yes,Yes,12.4,0.5,1.79,Dropout
Female,18,Single,Journalism and Communication,Secondary education,Yes,Yes,Yes,Yes,Yes,15.5,2.8,-4.06,Graduate
Female,38,Married,Social Service,Higher education - degree,Yes,Yes,Yes,Yes,Yes,16.2,0.3,-0.92,Graduate
Female,19,Single,Nursing,Secondary education,Yes,Yes,Yes,Yes,Yes,7.6,2.6,0.32,Graduate
Female,39,Divorced,Social Service (evening attendance),Basic education 3rd cycle (9th/10th/11th year) or equiv.,Yes,Yes,Yes,Yes,Yes,11.1,0.6,2.02,Graduate
Female,37,Single,Management (evening attendance),Higher education - degree,Yes,Yes,Yes,Yes,Yes,12.7,3.7,-1.7,Graduate
Female,32,Single,Oral Hygiene,Secondary education,Yes,Yes,Yes,Yes,Yes,16.2,0.3,-0.92,Dropout
Female,18,Single,Social Service,Secondary education,Yes,Yes,Yes,Yes,Yes,10.8,1.4,1.74,Dropout
Female,20,Single,Oral Hygiene,Secondary education,Yes,Yes,Yes,Yes,Yes,12.7,3.7,-1.7,Enrolled
Female,20,Single,Communication Design,Secondary education,Yes,Yes,Yes,Yes,Yes,7.6,2.6,0.32,Graduate
Female,23,Single,Veterinary Nursing,Secondary education,Yes,Yes,Yes,Yes,Yes,8.9,1.4,3.51,Graduate
Female,19,Single,Management,Secondary education,Yes,Yes,Yes,Yes,Yes,10.8,1.4,1.74,Enrolled
Female,18,Single,Social Service,Secondary education,Yes,Yes,Yes,Yes,Yes,13.9,-0.3,0.79,Graduate
Male,19,Single,Management,Secondary education,Yes,Yes,Yes,Yes,Yes,10.8,1.4,1.74,Graduate
Female,20,Single,Journalism and Communication,Secondary education,Yes,Yes,Yes,Yes,Yes,12.4,0.5,1.79,Graduate
Female,19,Single,Nursing,Secondary education,Yes,Yes,Yes,Yes,Yes,9.4,-0.8,-3.12,Dropout
Female,19,Single,Nursing,Secondary education,Yes,Yes,Yes,Yes,Yes,10.8,1.4,1.74,Graduate
Female,18,Single,Social Service,Secondary education,Yes,Yes,Yes,Yes,Yes,10.8,1.4,1.74,Graduate
Female,20,Single,Nursing,Secondary education,Yes,Yes,Yes,Yes,Yes,10.8,1.4,1.74,Graduate
Female,20,Single,Nursing,Secondary education,Yes,Yes,Yes,Yes,Yes,12.4,0.5,1.79,Graduate
Female,24,Divorced,Nursing,Secondary education,Yes,Yes,Yes,Yes,Yes,10.8,1.4,1.74,Graduate
Female,24,Divorced,Oral Hygiene,Secondary education,Yes,Yes,Yes,Yes,Yes,10.8,1.4,1.74,Dropout
Female,20,Single,Journalism and Communication,Secondary education,Yes,Yes,Yes,Yes,Yes,12.4,0.5,1.79,Graduate
Female,20,Single,Communication Design,Secondary education,Yes,Yes,Yes,Yes,Yes,9.4,-0.8,-3.12,Enrolled
Female,18,Single,Veterinary Nursing,Secondary education,No,No,No,No,No,8.9,1.4,3.51,Enrolled
Female,18,Single,Nursing,Secondary education,Yes,Yes,Yes,Yes,Yes,12.7,3.7,-1.7,Graduate
Female,21,Single,Veterinary Nursing,Secondary education,Yes,Yes,Yes,Yes,Yes,10.8,1.4,1.74,Graduate
Female,18,Single,Basic Education,Secondary education,Yes,Yes,Yes,Yes,Yes,9.4,-0.8,-3.12,Graduate
Female,19,Single,Nursing,Secondary education,Yes,Yes,Yes,Yes,Yes,12.7,3.7,-1.7,Graduate
Female,22,Single,Veterinary Nursing,Higher education - degree (1st cycle),Yes,Yes,Yes,Yes,Yes,11.1,0.6,2.02,Graduate
Female,19,Single,Social Service,Secondary education,Yes,Yes,Yes,Yes,Yes,8.9,1.4,3.51,Graduate
Female,18,Single,Nursing,Secondary education,Yes,Yes,Yes,Yes,Yes,7.6,2.6,0.32,Graduate
Female,19,Single,Veterinary Nursing,Secondary education,Yes,Yes,Yes,Yes,Yes,10.8,1.4,1.74,Enrolled
Female,24,Single,Nursing,Secondary education,Yes,Yes,Yes,Yes,Yes,12.7,3.7,-1.7,Enrolled
Female,19,Single,Veterinary Nursing,Secondary education,Yes,Yes,Yes,Yes,Yes,7.6,2.6,0.32,Enrolled
Female,34,Single,Social Service (evening attendance),Secondary education,Yes,Yes,Yes,Yes,Yes,10.8,1.4,1.74,Graduate
Female,19,Single,Veterinary Nursing,Secondary education,Yes,Yes,Yes,Yes,Yes,15.5,2.8,-4.06,Graduate
Female,18,Single,Nursing,Secondary education,Yes,Yes,Yes,Yes,Yes,7.6,2.6,0.32,Graduate
Female,19,Single,Nursing,Secondary education,Yes,Yes,Yes,Yes,Yes,15.5,2.8,-4.06,Graduate
Female,25,Single,Nursing,Secondary education,Yes,Yes,Yes,Yes,Yes,10.8,1.4,1.74,Graduate
Female,21,Single,Veterinary Nursing,Technological specialization course,Yes,Yes,Yes,Yes,Yes,12.4,0.5,1.79,Enrolled
Female,18,Single,Tourism,Secondary education,Yes,Yes,Yes,Yes,Yes,16.2,0.3,-0.92,Enrolled
Female,18,Single,Social Service,Secondary education,Yes,Yes,Yes,Yes,Yes,9.4,-0.8,-3.12,Graduate
Female,28,Single,Social Service (evening attendance),Secondary education,Yes,Yes,Yes,Yes,Yes,9.4,-0.8,-3.12,Graduate
Female,18,De Facto Union,Nursing,Secondary education,Yes,Yes,Yes,Yes,Yes,12.7,3.7,-1.7,Graduate
Female,41,Married,Tourism,Secondary education,Yes,Yes,Yes,Yes,Yes,8.9,1.4,3.51,Graduate
Female,18,Single,Basic Education,Secondary education,Yes,Yes,Yes,Yes,Yes,7.6,2.6,0.32,Dropout
Female,21,Single,Social Service,Secondary education,Yes,Yes,Yes,Yes,Yes,15.5,2.8,-4.06,Graduate
Female,41,Divorced,Social Service,Higher education - degree (1st cycle),Yes,Yes,Yes,Yes,Yes,11.1,0.6,2.02,Dropout
Female,32,Single,Communication Design,Higher education - degree,Yes,Yes,Yes,Yes,Yes,7.6,2.6,0.32,Dropout
Female,29,Single,Social Service (evening attendance),Other - 11th year of schooling,Yes,Yes,Yes,Yes,Yes,7.6,2.6,0.32,Graduate
Female,24,Single,Oral Hygiene,Secondary education,Yes,Yes,Yes,Yes,Yes,12.4,0.5,1.79,Enrolled
Female,22,Single,Oral Hygiene,Secondary education,Yes,Yes,Yes,Yes,Yes,12.7,3.7,-1.7,Enrolled
Female,21,Single,Social Service,Secondary education,Yes,Yes,Yes,Yes,Yes,15.5,2.8,-4.06,Dropout
Female,39,Married,Nursing,Basic education 3rd cycle (9th/10th/11th year) or equiv.,Yes,Yes,Yes,Yes,Yes,11.1,0.6,2.02,Dropout
Female,44,Divorced,Veterinary Nursing,Secondary education,No,No,No,No,No,8.9,1.4,3.51,Enrolled
Female,20,Single,Management,Secondary education,Yes,Yes,Yes,Yes,Yes,7.6,2.6,0.32,Enrolled
Female,21,Single,Nursing,Secondary education,Yes,Yes,Yes,Yes,Yes,7.6,2.6,0.32,Graduate
Female,18,Single,Journalism and Communication,Secondary education,Yes,Yes,Yes,Yes,Yes,7.6,2.6,0.32,Graduate
Female,34,Single,Agronomy,Secondary education,Yes,Yes,Yes,Yes,Yes,16.2,0.3,-0.92,Graduate
Female,18,Single,Veterinary Nursing,Secondary education,Yes,Yes,Yes,Yes,Yes,7.6,2.6,0.32,Graduate
Female,19,Single,Animation and Multimedia Design,Secondary education,Yes,Yes,Yes,Yes,Yes,12.7,3.7,-1.7,Enrolled
Female,18,Single,Basic Education,Secondary education,Yes,Yes,Yes,Yes,Yes,9.4,-0.8,-3.12,Dropout
Female,19,Single,Veterinary Nursing,Secondary education,Yes,Yes,Yes,Yes,Yes,16.2,0.3,-0.92,Graduate
Female,18,Single,Nursing,Secondary education,Yes,Yes,Yes,Yes,Yes,12.7,3.7,-1.7,Enrolled
Female,19,Single,Equinculture,Secondary education,Yes,Yes,Yes,Yes,Yes,12.7,3.7,-1.7,Dropout
Female,19,Single,Nursing,Secondary education,Yes,Yes,Yes,Yes,Yes,12.4,0.5,1.79,Graduate
Female,18,Single,Advertising and Marketing Management,Secondary education,Yes,Yes,Yes,Yes,Yes,10.8,1.4,1.74,Graduate
Female,23,Single,Management (evening attendance),Technological specialization course,Yes,Yes,Yes,Yes,Yes,9.4,-0.8,-3.12,Graduate
Female,18,Single,Tourism,Secondary education,No,No,No,No,No,11.1,0.6,2.02,Enrolled
Female,33,Divorced,Basic Education,Secondary education,Yes,Yes,Yes,Yes,Yes,7.6,2.6,0.32,Dropout
Female,19,Single,Social Service,Secondary education,Yes,Yes,Yes,Yes,Yes,8.9,1.4,3.51,Graduate
Female,21,Single,Animation and Multimedia Design,Secondary education,Yes,Yes,Yes,Yes,Yes,9.4,-0.8,-3.12,Dropout
Female,18,Single,Nursing,Secondary education,Yes,Yes,Yes,Yes,Yes,12.4,0.5,1.79,Graduate
Female,21,Single,Management (evening attendance),Secondary education,Yes,Yes,Yes,Yes,Yes,10.8,1.4,1.74,Enrolled
Female,19,Single,Communication Design,Secondary education,Yes,Yes,Yes,Yes,Yes,9.4,-0.8,-3.12,Graduate
Female,20,Single,Journalism and Communication,Secondary education,Yes,Yes,Yes,Yes,Yes,7.6,2.6,0.32,Graduate
Female,20,Single,Journalism and Communication,Secondary education,Yes,Yes,Yes,Yes,Yes,7.6,2.6,0.32,Dropout
Female,20,Single,Basic Education,Secondary education,Yes,Yes,Yes,Yes,Yes,10.8,1.4,1.74,Enrolled
Female,18,Single,Social Service,Secondary education,Yes,Yes,Yes,Yes,Yes,7.6,2.6,0.32,Enrolled
Female,18,Single,Management,Secondary education,Yes,Yes,Yes,Yes,Yes,7.6,2.6,0.32,Enrolled
Female,20,Single,Nursing,Secondary education,Yes,Yes,Yes,Yes,Yes,11.1,0.6,2.02,Graduate
Female,21,Single,Social Service,Secondary education,Yes,Yes,Yes,Yes,Yes,9.4,-0.8,-3.12,Graduate
Female,19,Single,Nursing,Secondary education,Yes,Yes,Yes,Yes,Yes,12.7,3.7,-1.7,Graduate
Female,18,Single,Tourism,Secondary education,Yes,Yes,Yes,Yes,Yes,12.4,0.5,1.79,Graduate
Female,27,Single,Veterinary Nursing,Secondary education,Yes,Yes,Yes,Yes,Yes,12.4,0.5,1.79,Enrolled
Female,21,Single,Nursing,Secondary education,Yes,Yes,Yes,Yes,Yes,15.5,2.8,-4.06,Graduate
Female,18,Single,Nursing,Secondary education,Yes,Yes,Yes,Yes,Yes,15.5,2.8,-4.06,Graduate
Female,18,Single,Basic Education,Secondary education,Yes,Yes,Yes,Yes,Yes,10.8,1.4,1.74,Enrolled
Female,28,Single,Basic Education,Secondary education,No,No,No,No,No,10.8,1.4,1.74,Dropout
Female,36,Single,Oral Hygiene,Secondary education,Yes,Yes,Yes,Yes,Yes,11.1,0.6,2.02,Dropout
Female,20,Single,Veterinary Nursing,Secondary education,Yes,Yes,Yes,Yes,Yes,12.7,3.7,-1.7,Graduate
Female,19,Single,Social Service,Secondary education,Yes,Yes,Yes,Yes,Yes,7.6,2.6,0.32,Graduate
Female,20,Single,Management (evening attendance),Secondary education,Yes,Yes,Yes,Yes,Yes,7.6,2.6,0.32,Enrolled
Female,19,Single,Veterinary Nursing,Secondary education,Yes,Yes,Yes,Yes,Yes,9.4,-0.8,-3.12,Enrolled
Female,28,Married,Social Service (evening attendance),Secondary education,Yes,Yes,Yes,Yes,Yes,16.2,0.3,-0.92,Graduate
Female,20,Single,Advertising and Marketing Management,Secondary education,Yes,Yes,Yes,Yes,Yes,7.6,2.6,0.32,Graduate
Female,28,Single,Tourism,Secondary education,Yes,Yes,Yes,Yes,Yes,9.4,-0.8,-3.12,Graduate
Female,24,Single,Management (evening attendance),Technological specialization course,Yes,Yes,Yes,Yes,Yes,9.4,-0.8,-3.12,Dropout
Female,20,Single,Veterinary Nursing,Technological specialization course,Yes,Yes,Yes,Yes,Yes,13.9,-0.3,0.79,Enrolled
Female,22,Single,Basic Education,Secondary education,Yes,Yes,Yes,Yes,Yes,10.8,1.4,1.74,Enrolled
Female,18,Single,Tourism,Secondary education,Yes,Yes,Yes,Yes,Yes,16.2,0.3,-0.92,Graduate
Female,22,Single,Management,Secondary education,No,No,No,No,No,12.7,3.7,-1.7,Dropout
Female,18,Single,Tourism,Secondary education,Yes,Yes,Yes,Yes,Yes,9.4,-0.8,-3.12,Graduate
Female,21,Single,Nursing,Secondary education,Yes,Yes,Yes,Yes,Yes,12.7,3.7,-1.7,Graduate
Female,19,Single,Journalism and Communication,Secondary education,Yes,Yes,Yes,Yes,Yes,7.6,2.6,0.32,Graduate
Female,22,Single,Basic Education,Secondary education,Yes,Yes,Yes,Yes,Yes,9.4,-0.8,-3.12,Enrolled
Female,20,Single,Nursing,Secondary education,Yes,Yes,Yes,Yes,Yes,10.8,1.4,1.74,Graduate
Female,20,Single,Management,Secondary education,Yes,Yes,Yes,Yes,Yes,11.1,0.6,2.02,Graduate
Female,19,Single,Social Service (evening attendance),Secondary education,Yes,Yes,Yes,Yes,Yes,10.8,1.4,1.74,Graduate
Female,20,Single,Animation and Multimedia Design,Secondary education,Yes,Yes,Yes,Yes,Yes,15.5,2.8,-4.06,Enrolled
Female,20,Single,Communication Design,Secondary education,Yes,Yes,Yes,Yes,Yes,13.9,-0.3,0.79,Graduate
Female,20,Single,Social Service,Secondary education,Yes,Yes,Yes,Yes,Yes,7.6,2.6,0.32,Dropout
Female,19,Single,Nursing,Secondary education,Yes,Yes,Yes,Yes,Yes,7.6,2.6,0.32,Graduate
Female,18,Single,Tourism,Secondary education,Yes,Yes,Yes,Yes,Yes,15.5,2.8,-4.06,Graduate
Female,18,Single,Nursing,Secondary education,Yes,Yes,Yes,Yes,Yes,12.4,0.5,1.79,Graduate
Female,19,Single,Animation and Multimedia Design,Secondary education,No,No,No,No,No,7.6,2.6,0.32,Dropout
Male,20,Single,Management,Secondary education,Yes,Yes,Yes,Yes,Yes,9.4,-0.8,-3.12,Graduate
Female,22,Single,Tourism,Secondary education,Yes,Yes,Yes,Yes,Yes,16.2,0.3,-0.92,Graduate
Female,18,Single,Social Service,Secondary education,Yes,Yes,Yes,Yes,Yes,9.4,-0.8,-3.12,Graduate
Female,19,Single,Journalism and Communication,Secondary education,Yes,Yes,Yes,Yes,Yes,12.4,0.5,1.79,Graduate
Female,20,Single,Social Service,Secondary education,No,No,No,No,No,10.8,1.4,1.74,Graduate
Female,19,Single,Nursing,Secondary education,Yes,Yes,Yes,Yes,Yes,13.9,-0.3,0.79,Graduate
Female,18,Single,Animation and Multimedia Design,Secondary education,No,No,No,No,No,8.9,1.4,3.51,Dropout
Female,20,Single,Journalism and Communication,Secondary education,No,No,No,No,No,12.4,0.5,1.79,Dropout
Female,19,Single,Journalism and Communication,Secondary education,Yes,Yes,Yes,Yes,Yes,9.4,-0.8,-3.12,Graduate
Female,18,Single,Journalism and Communication,Secondary education,Yes,Yes,Yes,Yes,Yes,12.4,0.5,1.79,Enrolled
Female,18,Single,Social Service,Secondary education,Yes,Yes,Yes,Yes,Yes,10.8,1.4,1.74,Graduate
Female,22,Single,Advertising and Marketing Management,Secondary education,Yes,Yes,Yes,Yes,Yes,9.4,-0.8,-3.12,Dropout
Female,18,Single,Social Service,Secondary education,Yes,Yes,Yes,Yes,Yes,12.4,0.5,1.79,Graduate
Female,20,Single,Social Service,Secondary education,Yes,Yes,Yes,Yes,Yes,10.8,1.4,1.74,Graduate
Female,19,Single,Tourism,Secondary education,Yes,Yes,Yes,Yes,Yes,8.9,1.4,3.51,Graduate
Female,19,Single,Nursing,Secondary education,Yes,Yes,Yes,Yes,Yes,16.2,0.3,-0.92,Graduate
Female,21,Single,Social Service,Technological specialization course,Yes,Yes,Yes,Yes,Yes,12.4,0.5,1.79,Graduate
Female,19,Single,Social Service (evening attendance),Secondary education,Yes,Yes,Yes,Yes,Yes,9.4,-0.8,-3.12,Dropout
Female,19,Single,Social Service,Secondary education,Yes,Yes,Yes,Yes,Yes,11.1,0.6,2.02,Graduate
Female,45,Married,Social Service (evening attendance),Secondary education,Yes,Yes,Yes,Yes,Yes,15.5,2.8,-4.06,Enrolled
Female,28,Married,Veterinary Nursing,Secondary education,No,No,No,No,No,9.4,-0.8,-3.12,Dropout
Female,28,Married,Nursing,Secondary education,Yes,Yes,Yes,Yes,Yes,13.9,-0.3,0.79,Graduate
Female,25,Single,Management (evening attendance),Secondary education,Yes,Yes,Yes,Yes,Yes,12.7,3.7,-1.7,Enrolled
Female,19,Single,Advertising and Marketing Management,Secondary education,No,No,No,No,No,15.5,2.8,-4.06,Dropout
Female,19,Single,Nursing,Secondary education,Yes,Yes,Yes,Yes,Yes,10.8,1.4,1.74,Graduate
Male,20,Single,Management,Secondary education,Yes,Yes,Yes,Yes,Yes,12.4,0.5,1.79,Enrolled
Male,22,Single,Social Service,Secondary education,Yes,Yes,Yes,Yes,Yes,8.9,1.4,3.51,Enrolled
Male,20,Single,Journalism and Communication,Secondary education,Yes,Yes,Yes,Yes,Yes,12.4,0.5,1.79,Graduate
Male,20,Single,Nursing,Secondary education,Yes,Yes,Yes,Yes,Yes,7.6,2.6,0.32,Enrolled
Male,20,Single,Veterinary Nursing,Secondary education,No,No,No,No,No,7.6,2.6,0.32,Dropout
Female,27,Single,Veterinary Nursing,Higher education - degree (1st cycle),Yes,Yes,Yes,Yes,Yes,13.9,-0.3,0.79,Graduate
Female,22,Single,Veterinary Nursing,Secondary education,Yes,Yes,Yes,Yes,Yes,11.1,0.6,2.02,Graduate
Female,19,Single,Nursing,Secondary education,No,No,No,No,No,10.8,1.4,1.74,Dropout
Female,19,Single,Social Service,Secondary education,No,No,No,No,No,12.7,3.7,-1.7,Dropout
Female,18,Single,Communication Design,Secondary education,Yes,Yes,Yes,Yes,Yes,13.9,-0.3,0.79,Enrolled
Female,19,Single,Animation and Multimedia Design,Secondary education,Yes,Yes,Yes,Yes,Yes,8.9,1.4,3.51,Dropout
Female,20,Single,Basic Education,Secondary education,No,No,No,No,No,11.1,0.6,2.02,Dropout
Female,39,Married,Management (evening attendance),Secondary education,No,No,No,No,No,10.8,1.4,1.74,Dropout
Female,37,Married,Social Service (evening attendance),Basic education 3rd cycle (9th/10th/11th year) or equiv.,Yes,Yes,Yes,Yes,Yes,7.6,2.6,0.32,Graduate
Female,30,Married,Nursing,Higher education - degree,No,No,No,No,No,13.9,-0.3,0.79,Dropout
Female,41,Married,Management (evening attendance),Higher education - degree,Yes,Yes,Yes,Yes,Yes,12.7,3.7,-1.7,Graduate
Female,40,Divorced,Nursing,Basic education 3rd cycle (9th/10th/11th year) or equiv.,No,No,No,No,No,9.4,-0.8,-3.12,Dropout
Female,20,Single,Management,Secondary education,Yes,Yes,Yes,Yes,Yes,9.4,-0.8,-3.12,Dropout
Female,28,Married,Management (evening attendance),Secondary education,Yes,Yes,Yes,Yes,Yes,7.6,2.6,0.32,Graduate
Female,19,Single,Basic Education,Secondary education,No,No,No,No,No,12.4,0.5,1.79,Dropout
Female,23,Single,Advertising and Marketing Management,Secondary education,Yes,Yes,Yes,Yes,Yes,7.6,2.6,0.32,Dropout
Female,18,Single,Social Service (evening attendance),Higher education - master's,Yes,Yes,Yes,Yes,Yes,15.5,2.8,-4.06,Dropout
Female,24,Single,Nursing,Secondary education,Yes,Yes,Yes,Yes,Yes,10.8,1.4,1.74,Graduate
Female,21,Single,Advertising and Marketing Management,Secondary education,Yes,Yes,Yes,Yes,Yes,7.6,2.6,0.32,Enrolled
Female,19,Single,Nursing,Secondary education,Yes,Yes,Yes,Yes,Yes,10.8,1.4,1.74,Graduate
Female,19,Single,Journalism and Communication,Secondary education,Yes,Yes,Yes,Yes,Yes,9.4,-0.8,-3.12,Dropout
Female,48,Single,Agronomy,Secondary education,No,No,No,No,No,11.1,0.6,2.02,Dropout
Female,38,Married,Management (evening attendance),Higher education - bachelor's degree,No,No,No,No,No,9.4,-0.8,-3.12,Dropout
Female,19,Single,Management,Secondary education,Yes,Yes,Yes,Yes,Yes,12.7,3.7,-1.7,Graduate
Male,30,Married,Management (evening attendance),Other - 11th year of schooling,Yes,Yes,Yes,Yes,Yes,7.6,2.6,0.32,Dropout
Male,24,Single,Agronomy,Technological specialization course,Yes,Yes,Yes,Yes,Yes,13.9,-0.3,0.79,Graduate
Male,19,Single,Journalism and Communication,Secondary education,Yes,Yes,Yes,Yes,Yes,16.2,0.3,-0.92,Graduate
Male,21,Single,Animation and Multimedia Design,Technological specialization course,Yes,Yes,Yes,Yes,Yes,15.5,2.8,-4.06,Enrolled
Male,21,Single,Tourism,Secondary education,Yes,Yes,Yes,Yes,Yes,10.8,1.4,1.74,Graduate
Male,19,Single,Management (evening attendance),Secondary education,Yes,Yes,Yes,Yes,Yes,15.5,2.8,-4.06,Dropout
Male,18,Single,Communication Design,Secondary education,Yes,Yes,Yes,Yes,Yes,10.8,1.4,1.74,Enrolled
Male,18,Single,Communication Design,Secondary education,Yes,Yes,Yes,Yes,Yes,12.4,0.5,1.79,Graduate
Male,19,Single,Informatics Engineering,Secondary education,Yes,Yes,Yes,Yes,Yes,8.9,1.4,3.51,Dropout
Male,19,Single,Nursing,Secondary education,Yes,Yes,Yes,Yes,Yes,12.7,3.7,-1.7,Graduate
Male,18,Single,Veterinary Nursing,Secondary education,Yes,Yes,Yes,Yes,Yes,7.6,2.6,0.32,Enrolled
Male,25,Single,Tourism,Secondary education,Yes,Yes,Yes,Yes,Yes,7.6,2.6,0.32,Enrolled
Male,18,Single,Informatics Engineering,Secondary education,Yes,Yes,Yes,Yes,Yes,7.6,2.6,0.32,Enrolled
Male,29,De Facto Union,Management,Secondary education,No,No,No,No,No,8.9,1.4,3.51,Dropout
Male,21,Single,Informatics Engineering,Secondary education,Yes,Yes,Yes,Yes,Yes,7.6,2.6,0.32,Dropout
Male,18,Single,Journalism and Communication,Secondary education,Yes,Yes,Yes,Yes,Yes,11.1,0.6,2.02,Graduate
Male,20,Single,Tourism,Secondary education,Yes,Yes,Yes,Yes,Yes,10.8,1.4,1.74,Dropout
Male,27,Single,Management (evening attendance),Secondary education,Yes,Yes,Yes,Yes,Yes,13.9,-0.3,0.79,Dropout
Male,21,Single,Veterinary Nursing,Secondary education,Yes,Yes,Yes,Yes,Yes,12.4,0.5,1.79,Enrolled
Male,20,Single,Management,Secondary education,Yes,Yes,Yes,Yes,Yes,10.8,1.4,1.74,Dropout
Male,28,Single,Management,Basic education 3rd cycle (9th/10th/11th year) or equiv.,No,No,No,No,No,10.8,1.4,1.74,Dropout
Male,24,Single,Oral Hygiene,Secondary education,Yes,Yes,Yes,Yes,Yes,12.7,3.7,-1.7,Enrolled
Male,22,Single,Management,Secondary education,Yes,Yes,Yes,Yes,Yes,7.6,2.6,0.32,Enrolled
Male,20,Single,Veterinary Nursing,Secondary education,Yes,Yes,Yes,Yes,Yes,10.8,1.4,1.74,Graduate
Male,21,Single,Veterinary Nursing,Technological specialization course,Yes,Yes,Yes,Yes,Yes,9.4,-0.8,-3.12,Graduate
Male,23,Single,Agronomy,Technological specialization course,No,No,No,No,No,13.9,-0.3,0.79,Dropout
Male,18,Single,Social Service,Secondary education,Yes,Yes,Yes,Yes,Yes,10.8,1.4,1.74,Graduate
Male,20,Single,Animation and Multimedia Design,Secondary education,Yes,Yes,Yes,Yes,Yes,11.1,0.6,2.02,Graduate
Male,19,Single,Animation and Multimedia Design,Secondary education,Yes,Yes,Yes,Yes,Yes,15.5,2.8,-4.06,Graduate
Male,32,Married,Nursing,Higher education - degree,Yes,Yes,Yes,Yes,Yes,13.9,-0.3,0.79,Graduate
Male,20,Single,Tourism,Secondary education,Yes,Yes,Yes,Yes,Yes,10.8,1.4,1.74,Dropout
Male,32,Single,Agronomy,Secondary education,Yes,Yes,Yes,Yes,Yes,15.5,2.8,-4.06,Graduate
Male,28,Single,Agronomy,Secondary education,Yes,Yes,Yes,Yes,Yes,15.5,2.8,-4.06,Enrolled
Male,21,Single,Communication Design,Technological specialization course,Yes,Yes,Yes,Yes,Yes,12.4,0.5,1.79,Graduate
Male,19,Single,Journalism and Communication,Secondary education,Yes,Yes,Yes,Yes,Yes,10.8,1.4,1.74,Graduate
Male,24,Single,Management (evening attendance),Technological specialization course,Yes,Yes,Yes,Yes,Yes,10.8,1.4,1.74,Dropout
Male,18,Single,Management,Secondary education,Yes,Yes,Yes,Yes,Yes,12.7,3.7,-1.7,Dropout
Male,20,Single,Agronomy,Technological specialization course,Yes,Yes,Yes,Yes,Yes,16.2,0.3,-0.92,Graduate
Male,25,Single,Animation and Multimedia Design,Technological specialization course,No,No,No,No,No,15.5,2.8,-4.06,Dropout
Male,25,Single,Management,Secondary education,Yes,Yes,Yes,Yes,Yes,7.6,2.6,0.32,Dropout
Male,18,Single,Journalism and Communication,Secondary education,Yes,Yes,Yes,Yes,Yes,9.4,-0.8,-3.12,Dropout
Male,19,Single,Management,Secondary education,Yes,Yes,Yes,Yes,Yes,12.4,0.5,1.79,Dropout
Male,18,Single,Management,Secondary education,Yes,Yes,Yes,Yes,Yes,13.9,-0.3,0.79,Dropout
Male,25,Single,Management,Secondary education,No,No,No,No,No,15.5,2.8,-4.06,Dropout
Male,38,Single,Animation and Multimedia Design,Secondary education,Yes,Yes,Yes,Yes,Yes,7.6,2.6,0.32,Dropout
Male,19,Single,Animation and Multimedia Design,Technological specialization course,Yes,Yes,Yes,Yes,Yes,12.4,0.5,1.79,Dropout
Male,19,Single,Journalism and Communication,Secondary education,Yes,Yes,Yes,Yes,Yes,16.2,0.3,-0.92,Graduate
Male,22,Single,Veterinary Nursing,Technological specialization course,Yes,Yes,Yes,Yes,Yes,12.4,0.5,1.79,Graduate
Male,18,Single,Informatics Engineering,Secondary education,Yes,Yes,Yes,Yes,Yes,7.6,2.6,0.32,Enrolled
Male,32,Single,Management (evening attendance),Higher education - degree,No,No,No,No,No,16.2,0.3,-0.92,Dropout
Male,37,Single,Basic Education,Secondary education,Yes,Yes,Yes,Yes,Yes,12.4,0.5,1.79,Graduate
Male,21,Single,Informatics Engineering,Secondary education,Yes,Yes,Yes,Yes,Yes,7.6,2.6,0.32,Dropout
Male,18,Single,Tourism,Secondary education,Yes,Yes,Yes,Yes,Yes,10.8,1.4,1.74,Dropout
Male,19,Single,Communication Design,Secondary education,Yes,Yes,Yes,Yes,Yes,8.9,1.4,3.51,Graduate
Male,19,Single,Advertising and Marketing Management,Secondary education,Yes,Yes,Yes,Yes,Yes,12.4,0.5,1.79,Graduate
Female,19,Single,Animation and Multimedia Design,Secondary education,No,No,No,No,No,8.9,1.4,3.51,Graduate
Male,19,Single,Journalism and Communication,Secondary education,Yes,Yes,Yes,Yes,Yes,12.7,3.7,-1.7,Graduate
Male,21,Single,Management,Secondary education,Yes,Yes,Yes,Yes,Yes,8.9,1.4,3.51,Enrolled
Female,28,Divorced,Management (evening attendance),Secondary education,Yes,Yes,Yes,Yes,Yes,10.8,1.4,1.74,Enrolled
Female,19,Single,Journalism and Communication,Secondary education,No,No,No,No,No,16.2,0.3,-0.92,Dropout
Female,28,Single,Management (evening attendance),Basic education 3rd cycle (9th/10th/11th year) or equiv.,Yes,Yes,Yes,Yes,Yes,12.4,0.5,1.79,Dropout
Female,19,Single,Nursing,Secondary education,Yes,Yes,Yes,Yes,Yes,12.7,3.7,-1.7,Graduate
Female,32,Married,Social Service (evening attendance),Higher education - degree,Yes,Yes,Yes,Yes,Yes,10.8,1.4,1.74,Graduate
Female,26,Single,Social Service (evening attendance),Technological specialization course,No,No,No,No,No,16.2,0.3,-0.92,Dropout
Female,25,Married,Management,Other - 11th year of schooling,Yes,Yes,Yes,Yes,Yes,9.4,-0.8,-3.12,Dropout
Female,31,Married,Basic Education,Secondary education,Yes,Yes,Yes,Yes,Yes,9.4,-0.8,-3.12,Dropout
Female,20,Single,Social Service,Secondary education,Yes,Yes,Yes,Yes,Yes,12.7,3.7,-1.7,Graduate
Female,19,Single,Social Service,Secondary education,Yes,Yes,Yes,Yes,Yes,12.7,3.7,-1.7,Dropout
Female,23,Single,Animation and Multimedia Design,Secondary education,Yes,Yes,Yes,Yes,Yes,11.1,0.6,2.02,Dropout
Female,18,Single,Social Service,Secondary education,Yes,Yes,Yes,Yes,Yes,9.4,-0.8,-3.12,Graduate
Female,19,Single,Social Service,Secondary education,Yes,Yes,Yes,Yes,Yes,13.9,-0.3,0.79,Dropout
Female,18,Single,Tourism,Secondary education,Yes,Yes,Yes,Yes,Yes,15.5,2.8,-4.06,Graduate
Female,21,Single,Management,Secondary education,Yes,Yes,Yes,Yes,Yes,7.6,2.6,0.32,Enrolled
Female,20,Single,Journalism and Communication,Secondary education,Yes,Yes,Yes,Yes,Yes,9.4,-0.8,-3.12,Enrolled
Female,24,Single,Veterinary Nursing,Secondary education,Yes,Yes,Yes,Yes,Yes,12.7,3.7,-1.7,Graduate
Female,18,Single,Advertising and Marketing Management,Secondary education,Yes,Yes,Yes,Yes,Yes,9.4,-0.8,-3.12,Enrolled
Female,25,Single,Nursing,Secondary education,Yes,Yes,Yes,Yes,Yes,7.6,2.6,0.32,Graduate
Female,20,Single,Veterinary Nursing,Secondary education,Yes,Yes,Yes,Yes,Yes,9.4,-0.8,-3.12,Graduate
Female,18,Single,Nursing,Secondary education,Yes,Yes,Yes,Yes,Yes,10.8,1.4,1.74,Graduate
Female,24,Single,Advertising and Marketing Management,Secondary education,Yes,Yes,Yes,Yes,Yes,7.6,2.6,0.32,Dropout
Female,18,Single,Nursing,Secondary education,Yes,Yes,Yes,Yes,Yes,12.4,0.5,1.79,Enrolled
Female,21,Single,Social Service,Secondary education,No,No,No,No,No,13.9,-0.3,0.79,Dropout
Female,18,Single,Journalism and Communication,Secondary education,Yes,Yes,Yes,Yes,Yes,9.4,-0.8,-3.12,Graduate
Female,20,Single,Tourism,Secondary education,Yes,Yes,Yes,Yes,Yes,10.8,1.4,1.74,Dropout
Female,19,Single,Management,Secondary education,Yes,Yes,Yes,Yes,Yes,7.6,2.6,0.32,Dropout
Female,20,Single,Nursing,Secondary education,Yes,Yes,Yes,Yes,Yes,11.1,0.6,2.02,Graduate
Female,20,Single,Nursing,Secondary education,Yes,Yes,Yes,Yes,Yes,12.7,3.7,-1.7,Graduate
Female,20,Single,Veterinary Nursing,Technological specialization course,Yes,Yes,Yes,Yes,Yes,12.4,0.5,1.79,Graduate
Female,20,Single,Communication Design,Secondary education,Yes,Yes,Yes,Yes,Yes,7.6,2.6,0.32,Graduate
Female,18,Single,Basic Education,Secondary education,Yes,Yes,Yes,Yes,Yes,10.8,1.4,1.74,Dropout
Female,18,Single,Animation and Multimedia Design,Secondary education,Yes,Yes,Yes,Yes,Yes,12.4,0.5,1.79,Graduate
Female,30,Divorced,Management (evening attendance),Secondary education,Yes,Yes,Yes,Yes,Yes,12.4,0.5,1.79,Enrolled
Female,18,Single,Veterinary Nursing,Secondary education,Yes,Yes,Yes,Yes,Yes,9.4,-0.8,-3.12,Graduate
Female,35,Single,Veterinary Nursing,Basic education 3rd cycle (9th/10th/11th year) or equiv.,Yes,Yes,Yes,Yes,Yes,11.1,0.6,2.02,Dropout
Female,31,Single,Social Service (evening attendance),Secondary education,No,No,No,No,No,11.1,0.6,2.02,Dropout
Female,19,Single,Tourism,Secondary education,Yes,Yes,Yes,Yes,Yes,7.6,2.6,0.32,Dropout
Female,19,Single,Social Service,Secondary education,Yes,Yes,Yes,Yes,Yes,8.9,1.4,3.51,Graduate
Female,19,Single,Nursing,Secondary education,Yes,Yes,Yes,Yes,Yes,7.6,2.6,0.32,Graduate
Female,19,Single,Nursing,Secondary education,Yes,Yes,Yes,Yes,Yes,9.4,-0.8,-3.12,Graduate
Female,21,Single,Veterinary Nursing,Secondary education,Yes,Yes,Yes,Yes,Yes,7.6,2.6,0.32,Graduate
Female,18,Single,Basic Education,Secondary education,Yes,Yes,Yes,Yes,Yes,7.6,2.6,0.32,Dropout
Female,18,Single,Social Service,Secondary education,Yes,Yes,Yes,Yes,Yes,7.6,2.6,0.32,Enrolled
Male,19,Single,Animation and Multimedia Design,Secondary education,Yes,Yes,Yes,Yes,Yes,7.6,2.6,0.32,Graduate
Male,18,Single,Advertising and Marketing Management,Secondary education,Yes,Yes,Yes,Yes,Yes,12.4,0.5,1.79,Graduate
Male,18,Single,Veterinary Nursing,Secondary education,Yes,Yes,Yes,Yes,Yes,16.2,0.3,-0.92,Graduate
Male,25,Single,Management (evening attendance),Secondary education,No,No,No,No,No,9.4,-0.8,-3.12,Dropout
Male,18,Single,Nursing,Secondary education,Yes,Yes,Yes,Yes,Yes,7.6,2.6,0.32,Enrolled
Male,19,Single,Animation and Multimedia Design,Secondary education,Yes,Yes,Yes,Yes,Yes,12.7,3.7,-1.7,Graduate
Male,18,Single,Nursing,Secondary education,Yes,Yes,Yes,Yes,Yes,12.4,0.5,1.79,Graduate
Male,24,Single,Agronomy,Secondary education,Yes,Yes,Yes,Yes,Yes,12.4,0.5,1.79,Dropout
Female,19,Single,Social Service,Secondary education,Yes,Yes,Yes,Yes,Yes,7.6,2.6,0.32,Enrolled
Female,29,De Facto Union,Nursing,Higher education - degree (1st cycle),Yes,Yes,Yes,Yes,Yes,12.7,3.7,-1.7,Graduate
Female,27,Single,Management (evening attendance),Secondary education,Yes,Yes,Yes,Yes,Yes,7.6,2.6,0.32,Dropout
Female,18,Single,Nursing,Secondary education,Yes,Yes,Yes,Yes,Yes,11.1,0.6,2.02,Graduate
Female,28,Married,Management (evening attendance),Secondary education,Yes,Yes,Yes,Yes,Yes,9.4,-0.8,-3.12,Dropout
Female,32,Married,Basic Education,Basic education 3rd cycle (9th/10th/11th year) or equiv.,Yes,Yes,Yes,Yes,Yes,13.9,-0.3,0.79,Graduate
Female,30,Single,Management (evening attendance),Secondary education,Yes,Yes,Yes,Yes,Yes,10.8,1.4,1.74,Dropout
Female,29,Single,Nursing,Higher education - bachelor's degree,Yes,Yes,Yes,Yes,Yes,12.7,3.7,-1.7,Dropout
Female,20,Single,Social Service,Secondary education,Yes,Yes,Yes,Yes,Yes,9.4,-0.8,-3.12,Enrolled
Female,19,Single,Nursing,Secondary education,Yes,Yes,Yes,Yes,Yes,12.7,3.7,-1.7,Graduate
Female,29,Single,Social Service (evening attendance),Secondary education,Yes,Yes,Yes,Yes,Yes,12.4,0.5,1.79,Graduate
Female,27,Married,Social Service,Secondary education,No,No,No,No,No,9.4,-0.8,-3.12,Dropout
Female,19,Single,Social Service,Secondary education,Yes,Yes,Yes,Yes,Yes,12.4,0.5,1.79,Dropout
Female,21,Single,Advertising and Marketing Management,Secondary education,Yes,Yes,Yes,Yes,Yes,7.6,2.6,0.32,Dropout
Female,29,Married,Management (evening attendance),Secondary education,No,No,No,No,No,10.8,1.4,1.74,Dropout
Female,42,Married,Management,Higher education - bachelor's degree,No,No,No,No,No,15.5,2.8,-4.06,Dropout
Female,18,Single,Social Service,Secondary education,Yes,Yes,Yes,Yes,Yes,15.5,2.8,-4.06,Graduate
Female,24,Single,Veterinary Nursing,Secondary education,Yes,Yes,Yes,Yes,Yes,10.8,1.4,1.74,Graduate
Female,32,Married,Nursing,Higher education - degree,Yes,Yes,Yes,Yes,Yes,15.5,2.8,-4.06,Enrolled
Female,18,Single,Management,Secondary education,Yes,Yes,Yes,Yes,Yes,10.8,1.4,1.74,Enrolled
Female,27,Single,Management (evening attendance),Secondary education,Yes,Yes,Yes,Yes,Yes,11.1,0.6,2.02,Graduate
Female,18,Single,Nursing,Secondary education,Yes,Yes,Yes,Yes,Yes,9.4,-0.8,-3.12,Graduate
Female,19,Single,Journalism and Communication,Secondary education,Yes,Yes,Yes,Yes,Yes,9.4,-0.8,-3.12,Dropout
Female,18,Single,Journalism and Communication,Secondary education,Yes,Yes,Yes,Yes,Yes,11.1,0.6,2.02,Graduate
Female,21,Single,Basic Education,Secondary education,Yes,Yes,Yes,Yes,Yes,9.4,-0.8,-3.12,Enrolled
Female,26,Single,Management,Secondary education,Yes,Yes,Yes,Yes,Yes,16.2,0.3,-0.92,Graduate
Female,22,Single,Tourism,Secondary education,Yes,Yes,Yes,Yes,Yes,9.4,-0.8,-3.12,Graduate
Male,37,Married,Management (evening attendance),Secondary education,Yes,Yes,Yes,Yes,Yes,9.4,-0.8,-3.12,Dropout
Male,24,Single,Veterinary Nursing,Higher education - degree,Yes,Yes,Yes,Yes,Yes,7.6,2.6,0.32,Dropout
Male,18,Single,Basic Education,Secondary education,Yes,Yes,Yes,Yes,Yes,10.8,1.4,1.74,Enrolled
Male,19,Single,Nursing,Secondary education,Yes,Yes,Yes,Yes,Yes,15.5,2.8,-4.06,Graduate
Male,28,Married,Equinculture,Basic education 3rd cycle (9th/10th/11th year) or equiv.,No,No,No,No,No,16.2,0.3,-0.92,Dropout
Male,18,Single,Nursing,Secondary education,Yes,Yes,Yes,Yes,Yes,12.7,3.7,-1.7,Graduate
Male,20,Single,Communication Design,Secondary education,Yes,Yes,Yes,Yes,Yes,10.8,1.4,1.74,Enrolled
Male,18,Single,Journalism and Communication,Secondary education,Yes,Yes,Yes,Yes,Yes,15.5,2.8,-4.06,Graduate
Male,47,Married,Journalism and Communication,Secondary education,Yes,Yes,Yes,Yes,Yes,12.7,3.7,-1.7,Dropout
Male,38,Married,Management (evening attendance),Secondary education,Yes,Yes,Yes,Yes,Yes,13.9,-0.3,0.79,Graduate
Male,20,Single,Communication Design,Secondary education,Yes,Yes,Yes,Yes,Yes,10.8,1.4,1.74,Graduate
Male,21,Single,Equinculture,Technological specialization course,Yes,Yes,Yes,Yes,Yes,13.9,-0.3,0.79,Dropout
Male,19,Single,Communication Design,Secondary education,Yes,Yes,Yes,Yes,Yes,13.9,-0.3,0.79,Enrolled
Male,25,Single,Biofuel Production Technologies,Secondary education,Yes,Yes,Yes,Yes,Yes,12.4,0.5,1.79,Enrolled
Female,18,Single,Equinculture,Secondary education,Yes,Yes,Yes,Yes,Yes,9.4,-0.8,-3.12,Graduate
Female,46,Divorced,Nursing,Basic education 3rd cycle (9th/10th/11th year) or equiv.,No,No,No,No,No,11.1,0.6,2.02,Dropout
Female,23,Single,Nursing,Secondary education,Yes,Yes,Yes,Yes,Yes,7.6,2.6,0.32,Graduate
Female,20,Single,Communication Design,Secondary education,Yes,Yes,Yes,Yes,Yes,16.2,0.3,-0.92,Graduate
Male,20,Single,Communication Design,Technological specialization course,Yes,Yes,Yes,Yes,Yes,16.2,0.3,-0.92,Graduate
Male,19,Single,Journalism and Communication,Secondary education,Yes,Yes,Yes,Yes,Yes,15.5,2.8,-4.06,Graduate
Female,18,Single,Journalism and Communication,Secondary education,No,No,No,No,No,11.1,0.6,2.02,Dropout
Female,30,Single,Nursing,Secondary education,Yes,Yes,Yes,Yes,Yes,13.9,-0.3,0.79,Dropout
Female,20,Single,Management,Secondary education,Yes,Yes,Yes,Yes,Yes,9.4,-0.8,-3.12,Graduate
Female,22,Single,Journalism and Communication,Secondary education,Yes,Yes,Yes,Yes,Yes,12.7,3.7,-1.7,Graduate
